"","Humedad","Temperatura","Viento","Pronóstico","Huecos","Sale"
"1","Alta","Alta","Leve","Malo",6,1
"2","Alta","Normal","Leve","Malo",4,0
"3","Alta","Baja","Leve","Malo",3,1
"4","Alta","Baja","Fuerte","Bueno",5,0
"5","Alta","Normal","Leve","Regular",4,0
"6","Baja","Alta","Leve","Bueno",3,0
"7","Alta","Alta","Leve","Regular",6,1
"8","Alta","Normal","Leve","Regular",5,0
"9","Alta","Normal","Leve","Bueno",6,1
"10","Alta","Alta","Fuerte","Malo",3,1
"11","Alta","Normal","Leve","Bueno",2,0
"12","Alta","Alta","Leve","Bueno",3,1
"13","Alta","Alta","Leve","Malo",1,1
"14","Alta","Baja","Fuerte","Malo",3,1
"15","Alta","Normal","Leve","Bueno",4,0
"16","Baja","Alta","Fuerte","Regular",7,0
"17","Alta","Alta","Fuerte","Regular",7,1
"18","Alta","Normal","Fuerte","Regular",8,0
"19","Alta","Baja","Leve","Malo",4,0
"20","Alta","Normal","Fuerte","Regular",3,1
"21","Alta","Normal","Fuerte","Malo",7,1
"22","Normal","Alta","Leve","Malo",1,1
"23","Alta","Baja","Fuerte","Malo",7,0
"24","Alta","Baja","Fuerte","Regular",4,1
"25","Alta","Baja","Leve","Bueno",6,1
"26","Alta","Baja","Leve","Regular",2,0
"27","Alta","Normal","Leve","Regular",2,1
"28","Alta","Baja","Leve","Regular",5,1
"29","Alta","Normal","Leve","Bueno",4,1
"30","Alta","Baja","Leve","Regular",6,0
"31","Alta","Baja","Fuerte","Bueno",2,0
"32","Normal","Baja","Leve","Regular",2,0
"33","Normal","Normal","Leve","Bueno",6,1
"34","Alta","Normal","Fuerte","Regular",5,0
"35","Alta","Normal","Leve","Bueno",3,0
"36","Alta","Alta","Leve","Malo",3,0
"37","Alta","Alta","Leve","Bueno",2,1
"38","Alta","Normal","Fuerte","Malo",2,0
"39","Baja","Alta","Fuerte","Regular",6,1
"40","Alta","Baja","Leve","Bueno",1,1
"41","Alta","Normal","Fuerte","Bueno",0,1
"42","Alta","Baja","Fuerte","Regular",5,1
"43","Alta","Baja","Fuerte","Regular",8,0
"44","Normal","Alta","Fuerte","Regular",4,0
"45","Alta","Baja","Fuerte","Regular",1,1
"46","Alta","Alta","Fuerte","Malo",5,0
"47","Alta","Alta","Fuerte","Bueno",3,1
"48","Alta","Baja","Fuerte","Bueno",5,0
"49","Alta","Baja","Leve","Malo",4,1
"50","Alta","Normal","Leve","Regular",4,1
"51","Alta","Alta","Fuerte","Regular",6,1
"52","Alta","Normal","Fuerte","Regular",2,1
"53","Alta","Alta","Leve","Regular",6,1
"54","Alta","Baja","Leve","Regular",1,1
"55","Alta","Alta","Fuerte","Malo",5,1
"56","Alta","Baja","Fuerte","Regular",3,0
"57","Alta","Alta","Fuerte","Bueno",5,0
"58","Alta","Alta","Leve","Bueno",2,1
"59","Alta","Normal","Leve","Malo",4,1
"60","Alta","Alta","Fuerte","Regular",3,1
"61","Alta","Baja","Leve","Regular",6,0
"62","Alta","Alta","Leve","Regular",1,1
"63","Alta","Alta","Leve","Regular",3,1
"64","Normal","Normal","Fuerte","Bueno",2,0
"65","Alta","Alta","Fuerte","Malo",3,0
"66","Alta","Baja","Fuerte","Malo",5,1
"67","Alta","Alta","Fuerte","Bueno",8,1
"68","Alta","Alta","Fuerte","Regular",3,0
"69","Alta","Baja","Leve","Regular",4,0
"70","Alta","Baja","Fuerte","Bueno",3,0
"71","Alta","Baja","Leve","Bueno",2,1
"72","Alta","Normal","Fuerte","Regular",3,1
"73","Baja","Alta","Fuerte","Bueno",7,1
"74","Alta","Normal","Leve","Regular",3,1
"75","Alta","Alta","Fuerte","Regular",11,1
"76","Alta","Alta","Leve","Regular",2,1
"77","Alta","Normal","Leve","Malo",2,0
"78","Alta","Baja","Fuerte","Regular",4,0
"79","Alta","Alta","Leve","Malo",4,1
"80","Alta","Baja","Fuerte","Regular",1,1
"81","Alta","Baja","Fuerte","Malo",4,1
"82","Alta","Normal","Fuerte","Regular",8,0
"83","Alta","Alta","Leve","Bueno",1,1
"84","Normal","Normal","Fuerte","Regular",6,0
"85","Alta","Normal","Leve","Bueno",4,0
"86","Baja","Alta","Leve","Bueno",4,0
"87","Alta","Baja","Leve","Regular",6,1
"88","Alta","Alta","Leve","Bueno",7,1
"89","Alta","Baja","Leve","Bueno",4,0
"90","Alta","Alta","Fuerte","Malo",2,1
"91","Alta","Normal","Leve","Regular",2,1
"92","Alta","Alta","Fuerte","Regular",4,1
"93","Alta","Alta","Fuerte","Malo",1,1
"94","Alta","Normal","Fuerte","Malo",3,0
"95","Alta","Alta","Leve","Bueno",1,1
"96","Alta","Normal","Leve","Bueno",4,0
"97","Alta","Baja","Leve","Bueno",5,0
"98","Alta","Alta","Leve","Bueno",6,0
"99","Alta","Baja","Leve","Regular",4,1
"100","Alta","Normal","Leve","Bueno",4,1
"101","Alta","Baja","Fuerte","Regular",3,0
"102","Normal","Normal","Leve","Bueno",6,1
"103","Normal","Normal","Leve","Regular",6,1
"104","Alta","Baja","Leve","Bueno",5,1
"105","Alta","Baja","Leve","Regular",5,1
"106","Alta","Alta","Leve","Regular",5,1
"107","Alta","Baja","Fuerte","Malo",12,0
"108","Alta","Normal","Fuerte","Regular",4,0
"109","Alta","Baja","Fuerte","Bueno",4,0
"110","Baja","Alta","Fuerte","Regular",5,1
"111","Baja","Alta","Fuerte","Bueno",1,1
"112","Alta","Baja","Fuerte","Regular",7,0
"113","Baja","Alta","Fuerte","Regular",8,0
"114","Alta","Normal","Fuerte","Bueno",4,0
"115","Alta","Normal","Fuerte","Bueno",3,0
"116","Normal","Normal","Leve","Bueno",3,1
"117","Alta","Normal","Fuerte","Malo",2,1
"118","Alta","Baja","Fuerte","Regular",3,1
"119","Alta","Baja","Leve","Regular",7,0
"120","Alta","Alta","Fuerte","Bueno",2,1
"121","Alta","Normal","Fuerte","Malo",7,1
"122","Alta","Normal","Fuerte","Regular",5,1
"123","Alta","Alta","Fuerte","Regular",3,1
"124","Normal","Normal","Fuerte","Regular",3,0
"125","Alta","Baja","Leve","Regular",2,1
"126","Alta","Normal","Leve","Bueno",1,0
"127","Alta","Normal","Fuerte","Bueno",1,1
"128","Alta","Normal","Leve","Regular",2,1
"129","Alta","Alta","Leve","Malo",5,0
"130","Baja","Alta","Leve","Bueno",6,0
"131","Alta","Baja","Leve","Bueno",6,1
"132","Normal","Normal","Fuerte","Bueno",4,0
"133","Alta","Baja","Leve","Regular",4,1
"134","Alta","Alta","Leve","Regular",3,1
"135","Baja","Alta","Leve","Bueno",5,0
"136","Baja","Alta","Leve","Bueno",7,0
"137","Alta","Normal","Leve","Regular",5,1
"138","Alta","Baja","Leve","Bueno",3,0
"139","Normal","Normal","Leve","Malo",5,0
"140","Alta","Baja","Fuerte","Malo",3,0
"141","Baja","Alta","Leve","Bueno",4,1
"142","Alta","Alta","Fuerte","Malo",2,1
"143","Alta","Normal","Leve","Regular",2,0
"144","Alta","Normal","Fuerte","Bueno",4,1
"145","Alta","Alta","Leve","Regular",2,1
"146","Baja","Alta","Leve","Bueno",3,0
"147","Alta","Baja","Leve","Regular",3,0
"148","Alta","Baja","Fuerte","Regular",0,1
"149","Alta","Baja","Leve","Regular",3,1
"150","Alta","Baja","Leve","Regular",3,1
"151","Alta","Baja","Leve","Regular",6,0
"152","Alta","Baja","Fuerte","Bueno",6,0
"153","Baja","Alta","Leve","Bueno",4,1
"154","Alta","Normal","Leve","Bueno",3,0
"155","Alta","Alta","Fuerte","Regular",3,0
"156","Baja","Alta","Fuerte","Regular",6,1
"157","Alta","Alta","Fuerte","Bueno",2,1
"158","Alta","Normal","Leve","Bueno",1,1
"159","Alta","Alta","Fuerte","Regular",7,0
"160","Alta","Normal","Fuerte","Malo",3,1
"161","Alta","Baja","Fuerte","Regular",3,1
"162","Normal","Baja","Leve","Malo",2,0
"163","Alta","Normal","Fuerte","Regular",1,1
"164","Alta","Baja","Fuerte","Regular",5,1
"165","Alta","Normal","Leve","Regular",4,1
"166","Normal","Alta","Leve","Bueno",0,1
"167","Alta","Alta","Fuerte","Malo",3,1
"168","Alta","Alta","Leve","Malo",4,0
"169","Alta","Alta","Fuerte","Regular",4,0
"170","Alta","Normal","Fuerte","Regular",2,0
"171","Normal","Normal","Fuerte","Bueno",6,0
"172","Normal","Normal","Fuerte","Regular",2,0
"173","Alta","Normal","Fuerte","Bueno",5,0
"174","Alta","Normal","Leve","Regular",5,1
"175","Alta","Normal","Fuerte","Bueno",1,1
"176","Alta","Baja","Fuerte","Regular",4,0
"177","Alta","Baja","Fuerte","Bueno",1,1
"178","Alta","Normal","Fuerte","Malo",4,1
"179","Alta","Alta","Fuerte","Regular",4,0
"180","Baja","Alta","Leve","Regular",3,0
"181","Alta","Baja","Leve","Regular",3,1
"182","Normal","Normal","Fuerte","Regular",4,1
"183","Alta","Baja","Fuerte","Bueno",8,0
"184","Alta","Normal","Fuerte","Bueno",2,1
"185","Baja","Alta","Leve","Bueno",4,1
"186","Alta","Baja","Fuerte","Bueno",2,0
"187","Alta","Normal","Fuerte","Bueno",4,1
"188","Alta","Normal","Leve","Malo",3,0
"189","Alta","Normal","Leve","Regular",7,1
"190","Alta","Baja","Fuerte","Bueno",2,1
"191","Alta","Normal","Fuerte","Bueno",3,0
"192","Alta","Alta","Fuerte","Bueno",1,0
"193","Alta","Normal","Fuerte","Regular",1,1
"194","Alta","Baja","Fuerte","Regular",2,0
"195","Baja","Baja","Leve","Regular",6,1
"196","Alta","Alta","Leve","Bueno",3,1
"197","Alta","Baja","Leve","Malo",5,1
"198","Alta","Normal","Leve","Bueno",2,0
"199","Alta","Baja","Fuerte","Bueno",3,1
"200","Baja","Alta","Leve","Regular",2,0
"201","Alta","Alta","Fuerte","Malo",13,0
"202","Alta","Baja","Fuerte","Regular",5,0
"203","Alta","Baja","Leve","Regular",2,1
"204","Alta","Normal","Fuerte","Bueno",7,0
"205","Normal","Normal","Fuerte","Regular",5,1
"206","Normal","Normal","Fuerte","Malo",4,1
"207","Alta","Alta","Leve","Regular",3,1
"208","Normal","Alta","Fuerte","Regular",5,0
"209","Alta","Baja","Leve","Bueno",1,0
"210","Alta","Alta","Fuerte","Bueno",4,0
"211","Alta","Normal","Leve","Regular",7,1
"212","Alta","Baja","Leve","Regular",3,0
"213","Alta","Baja","Fuerte","Regular",1,1
"214","Alta","Baja","Fuerte","Regular",5,0
"215","Alta","Alta","Leve","Bueno",6,0
"216","Alta","Normal","Leve","Bueno",4,1
"217","Alta","Alta","Fuerte","Regular",2,1
"218","Alta","Normal","Leve","Bueno",2,1
"219","Alta","Baja","Fuerte","Bueno",4,1
"220","Normal","Baja","Fuerte","Regular",2,0
"221","Alta","Baja","Leve","Malo",4,0
"222","Alta","Normal","Leve","Bueno",3,0
"223","Alta","Normal","Leve","Regular",10,0
"224","Alta","Normal","Fuerte","Regular",0,1
"225","Baja","Alta","Leve","Malo",1,0
"226","Alta","Alta","Fuerte","Bueno",3,1
"227","Baja","Alta","Leve","Bueno",3,1
"228","Normal","Normal","Fuerte","Malo",5,1
"229","Normal","Baja","Fuerte","Regular",2,1
"230","Baja","Alta","Leve","Malo",2,1
"231","Alta","Normal","Leve","Bueno",4,0
"232","Alta","Baja","Leve","Regular",9,0
"233","Alta","Alta","Leve","Malo",1,0
"234","Alta","Baja","Leve","Bueno",1,1
"235","Alta","Baja","Leve","Bueno",3,0
"236","Alta","Normal","Fuerte","Malo",3,1
"237","Alta","Baja","Fuerte","Regular",7,1
"238","Alta","Baja","Fuerte","Bueno",4,0
"239","Alta","Baja","Fuerte","Regular",1,1
"240","Alta","Alta","Fuerte","Bueno",4,1
"241","Normal","Normal","Fuerte","Bueno",4,1
"242","Alta","Baja","Fuerte","Regular",3,0
"243","Alta","Alta","Leve","Bueno",3,1
"244","Alta","Normal","Fuerte","Regular",6,0
"245","Alta","Normal","Fuerte","Bueno",4,1
"246","Alta","Baja","Leve","Bueno",2,1
"247","Alta","Baja","Fuerte","Regular",1,1
"248","Alta","Normal","Leve","Regular",4,1
"249","Alta","Alta","Leve","Bueno",2,1
"250","Alta","Normal","Leve","Bueno",4,1
"251","Alta","Baja","Fuerte","Regular",5,0
"252","Alta","Normal","Leve","Bueno",1,1
"253","Alta","Alta","Leve","Regular",4,0
"254","Baja","Alta","Fuerte","Bueno",7,0
"255","Alta","Normal","Fuerte","Bueno",3,1
"256","Normal","Normal","Leve","Malo",6,1
"257","Alta","Normal","Fuerte","Regular",4,1
"258","Alta","Normal","Fuerte","Malo",5,0
"259","Alta","Baja","Leve","Malo",4,0
"260","Alta","Baja","Leve","Regular",7,0
"261","Alta","Normal","Leve","Bueno",4,1
"262","Alta","Normal","Leve","Regular",5,0
"263","Alta","Baja","Fuerte","Regular",6,0
"264","Alta","Alta","Leve","Malo",5,0
"265","Alta","Normal","Leve","Bueno",5,1
"266","Alta","Alta","Fuerte","Regular",1,0
"267","Alta","Alta","Leve","Bueno",5,0
"268","Alta","Alta","Fuerte","Regular",0,1
"269","Alta","Normal","Fuerte","Regular",5,0
"270","Alta","Normal","Leve","Bueno",0,1
"271","Alta","Baja","Fuerte","Regular",3,1
"272","Alta","Alta","Leve","Bueno",4,0
"273","Alta","Baja","Fuerte","Bueno",3,1
"274","Baja","Alta","Fuerte","Regular",2,0
"275","Normal","Alta","Leve","Regular",4,0
"276","Alta","Alta","Leve","Regular",2,1
"277","Alta","Alta","Leve","Regular",3,1
"278","Alta","Baja","Fuerte","Bueno",2,1
"279","Alta","Baja","Fuerte","Malo",1,1
"280","Normal","Normal","Leve","Bueno",8,0
"281","Baja","Baja","Fuerte","Malo",7,1
"282","Alta","Normal","Leve","Bueno",3,0
"283","Alta","Normal","Leve","Bueno",5,0
"284","Alta","Baja","Leve","Bueno",5,1
"285","Alta","Alta","Fuerte","Bueno",6,1
"286","Alta","Normal","Leve","Regular",1,1
"287","Normal","Normal","Leve","Regular",2,1
"288","Alta","Alta","Fuerte","Bueno",1,1
"289","Normal","Normal","Leve","Regular",6,0
"290","Normal","Normal","Leve","Bueno",3,0
"291","Alta","Alta","Leve","Regular",5,1
"292","Alta","Baja","Leve","Regular",3,0
"293","Alta","Normal","Leve","Bueno",5,0
"294","Alta","Baja","Leve","Regular",5,0
"295","Alta","Alta","Leve","Bueno",0,1
"296","Alta","Baja","Fuerte","Bueno",5,0
"297","Alta","Baja","Leve","Bueno",8,1
"298","Alta","Normal","Leve","Regular",3,1
"299","Alta","Baja","Leve","Malo",3,0
"300","Alta","Normal","Leve","Bueno",3,0
"301","Alta","Alta","Fuerte","Bueno",3,0
"302","Normal","Alta","Leve","Bueno",6,0
"303","Alta","Baja","Fuerte","Malo",2,0
"304","Alta","Alta","Fuerte","Bueno",10,1
"305","Alta","Alta","Fuerte","Regular",2,1
"306","Alta","Baja","Fuerte","Regular",4,0
"307","Normal","Normal","Fuerte","Regular",3,1
"308","Alta","Baja","Fuerte","Regular",4,0
"309","Alta","Baja","Leve","Bueno",2,1
"310","Alta","Baja","Fuerte","Malo",6,1
"311","Alta","Alta","Leve","Regular",5,0
"312","Alta","Alta","Leve","Malo",1,0
"313","Normal","Normal","Fuerte","Bueno",3,1
"314","Alta","Baja","Leve","Bueno",4,1
"315","Alta","Baja","Leve","Bueno",5,1
"316","Normal","Baja","Leve","Regular",1,1
"317","Alta","Baja","Fuerte","Bueno",2,1
"318","Alta","Normal","Fuerte","Bueno",4,0
"319","Baja","Alta","Fuerte","Malo",2,1
"320","Baja","Alta","Fuerte","Bueno",3,0
"321","Alta","Normal","Fuerte","Bueno",3,0
"322","Alta","Normal","Leve","Bueno",1,0
"323","Alta","Alta","Leve","Malo",4,1
"324","Alta","Baja","Leve","Bueno",3,0
"325","Alta","Alta","Leve","Regular",2,1
"326","Alta","Baja","Leve","Regular",1,1
"327","Alta","Baja","Leve","Bueno",4,1
"328","Alta","Alta","Fuerte","Regular",2,1
"329","Alta","Baja","Leve","Bueno",7,1
"330","Alta","Normal","Leve","Regular",4,1
"331","Alta","Alta","Leve","Malo",4,1
"332","Alta","Normal","Fuerte","Bueno",4,1
"333","Alta","Alta","Fuerte","Malo",3,0
"334","Alta","Baja","Leve","Regular",4,0
"335","Alta","Baja","Leve","Regular",5,1
"336","Alta","Normal","Leve","Malo",4,0
"337","Alta","Normal","Fuerte","Bueno",6,0
"338","Alta","Alta","Fuerte","Bueno",8,1
"339","Alta","Baja","Fuerte","Bueno",5,0
"340","Normal","Normal","Leve","Bueno",5,1
"341","Normal","Normal","Fuerte","Bueno",3,1
"342","Normal","Normal","Fuerte","Bueno",2,1
"343","Alta","Alta","Leve","Bueno",3,0
"344","Baja","Alta","Leve","Regular",5,0
"345","Alta","Normal","Fuerte","Regular",0,1
"346","Alta","Normal","Leve","Regular",5,0
"347","Alta","Normal","Fuerte","Bueno",4,1
"348","Alta","Baja","Leve","Regular",7,0
"349","Alta","Normal","Leve","Bueno",6,1
"350","Baja","Alta","Leve","Malo",7,1
"351","Normal","Normal","Leve","Malo",2,1
"352","Alta","Alta","Leve","Regular",8,1
"353","Alta","Baja","Fuerte","Bueno",6,0
"354","Alta","Normal","Leve","Regular",4,1
"355","Alta","Alta","Fuerte","Regular",11,0
"356","Baja","Alta","Leve","Regular",4,1
"357","Baja","Alta","Fuerte","Regular",3,0
"358","Alta","Alta","Fuerte","Bueno",3,1
"359","Alta","Baja","Leve","Regular",3,0
"360","Baja","Alta","Fuerte","Bueno",5,1
"361","Baja","Alta","Fuerte","Regular",6,0
"362","Alta","Baja","Leve","Regular",3,0
"363","Alta","Normal","Leve","Bueno",11,1
"364","Alta","Baja","Leve","Regular",3,0
"365","Alta","Alta","Fuerte","Bueno",7,0
"366","Alta","Baja","Fuerte","Regular",7,0
"367","Alta","Alta","Fuerte","Regular",10,1
"368","Alta","Normal","Leve","Regular",5,0
"369","Alta","Baja","Leve","Bueno",3,1
"370","Alta","Normal","Fuerte","Bueno",3,1
"371","Alta","Baja","Leve","Bueno",1,1
"372","Alta","Normal","Fuerte","Regular",5,1
"373","Normal","Normal","Leve","Regular",1,0
"374","Alta","Alta","Leve","Regular",2,0
"375","Alta","Normal","Fuerte","Regular",5,1
"376","Alta","Baja","Fuerte","Bueno",2,1
"377","Alta","Baja","Leve","Bueno",2,0
"378","Baja","Baja","Leve","Regular",4,1
"379","Normal","Normal","Leve","Bueno",4,1
"380","Alta","Normal","Leve","Bueno",2,1
"381","Alta","Alta","Leve","Malo",5,0
"382","Alta","Alta","Leve","Bueno",0,1
"383","Alta","Baja","Leve","Malo",3,1
"384","Normal","Normal","Fuerte","Regular",1,1
"385","Alta","Alta","Fuerte","Malo",3,1
"386","Alta","Baja","Leve","Regular",8,0
"387","Alta","Baja","Fuerte","Bueno",5,0
"388","Alta","Normal","Leve","Regular",5,1
"389","Alta","Alta","Fuerte","Bueno",6,1
"390","Alta","Baja","Leve","Regular",3,0
"391","Alta","Normal","Fuerte","Regular",7,1
"392","Alta","Alta","Leve","Regular",2,0
"393","Alta","Baja","Leve","Bueno",3,0
"394","Alta","Alta","Leve","Bueno",3,1
"395","Alta","Normal","Leve","Bueno",6,0
"396","Alta","Baja","Fuerte","Malo",5,1
"397","Alta","Normal","Leve","Regular",11,1
"398","Alta","Normal","Fuerte","Regular",2,1
"399","Alta","Alta","Leve","Regular",3,0
"400","Alta","Alta","Fuerte","Regular",2,0
"401","Alta","Normal","Leve","Bueno",3,0
"402","Alta","Baja","Fuerte","Malo",3,0
"403","Alta","Normal","Fuerte","Regular",4,1
"404","Alta","Baja","Leve","Regular",1,0
"405","Alta","Normal","Fuerte","Bueno",7,0
"406","Alta","Baja","Fuerte","Malo",6,1
"407","Alta","Baja","Fuerte","Regular",4,0
"408","Alta","Alta","Fuerte","Bueno",3,1
"409","Alta","Alta","Fuerte","Regular",3,1
"410","Alta","Alta","Fuerte","Bueno",2,1
"411","Alta","Baja","Leve","Bueno",4,1
"412","Alta","Normal","Leve","Bueno",6,1
"413","Alta","Alta","Leve","Bueno",7,1
"414","Alta","Baja","Fuerte","Malo",5,0
"415","Alta","Alta","Fuerte","Bueno",2,0
"416","Alta","Alta","Fuerte","Regular",7,1
"417","Alta","Normal","Leve","Bueno",10,1
"418","Alta","Baja","Fuerte","Regular",3,1
"419","Alta","Normal","Fuerte","Regular",4,1
"420","Alta","Baja","Leve","Bueno",3,1
"421","Alta","Alta","Fuerte","Regular",4,1
"422","Normal","Normal","Leve","Malo",1,1
"423","Baja","Alta","Leve","Malo",7,1
"424","Alta","Baja","Fuerte","Bueno",4,1
"425","Alta","Alta","Fuerte","Bueno",2,0
"426","Alta","Alta","Leve","Bueno",6,0
"427","Alta","Normal","Fuerte","Regular",2,1
"428","Normal","Normal","Fuerte","Regular",0,1
"429","Alta","Baja","Leve","Malo",1,1
"430","Alta","Baja","Fuerte","Bueno",3,1
"431","Baja","Alta","Leve","Bueno",4,0
"432","Alta","Alta","Leve","Bueno",2,1
"433","Alta","Baja","Leve","Bueno",5,1
"434","Normal","Normal","Leve","Malo",2,0
"435","Alta","Baja","Fuerte","Malo",5,1
"436","Alta","Baja","Leve","Malo",4,1
"437","Alta","Baja","Fuerte","Bueno",3,1
"438","Alta","Alta","Leve","Bueno",5,1
"439","Alta","Normal","Fuerte","Regular",0,1
"440","Normal","Alta","Leve","Regular",4,1
"441","Baja","Alta","Leve","Bueno",6,0
"442","Alta","Baja","Fuerte","Regular",1,0
"443","Alta","Normal","Leve","Malo",3,1
"444","Alta","Normal","Fuerte","Regular",4,1
"445","Normal","Baja","Fuerte","Bueno",4,0
"446","Alta","Baja","Fuerte","Bueno",6,0
"447","Alta","Alta","Fuerte","Bueno",1,1
"448","Alta","Baja","Fuerte","Bueno",3,1
"449","Alta","Normal","Fuerte","Bueno",5,0
"450","Alta","Normal","Leve","Bueno",2,1
"451","Alta","Normal","Fuerte","Regular",1,1
"452","Alta","Normal","Leve","Bueno",6,0
"453","Alta","Normal","Fuerte","Bueno",8,0
"454","Alta","Normal","Fuerte","Malo",8,0
"455","Alta","Baja","Fuerte","Bueno",3,1
"456","Alta","Baja","Leve","Bueno",1,1
"457","Alta","Alta","Fuerte","Regular",3,1
"458","Alta","Baja","Fuerte","Bueno",5,0
"459","Baja","Alta","Fuerte","Malo",0,1
"460","Alta","Baja","Leve","Malo",6,0
"461","Alta","Baja","Leve","Bueno",3,1
"462","Alta","Baja","Leve","Regular",6,1
"463","Alta","Alta","Leve","Bueno",4,1
"464","Alta","Normal","Fuerte","Bueno",3,1
"465","Alta","Alta","Leve","Bueno",6,0
"466","Alta","Alta","Fuerte","Bueno",2,0
"467","Alta","Baja","Fuerte","Regular",4,0
"468","Alta","Baja","Fuerte","Bueno",6,0
"469","Alta","Alta","Leve","Bueno",1,0
"470","Baja","Alta","Leve","Regular",4,0
"471","Alta","Baja","Fuerte","Bueno",6,0
"472","Alta","Baja","Leve","Regular",5,1
"473","Alta","Alta","Leve","Regular",2,1
"474","Baja","Alta","Leve","Regular",7,1
"475","Alta","Baja","Leve","Bueno",1,0
"476","Alta","Baja","Leve","Regular",3,1
"477","Baja","Alta","Fuerte","Bueno",7,0
"478","Alta","Baja","Fuerte","Bueno",3,1
"479","Alta","Normal","Leve","Malo",7,1
"480","Alta","Normal","Fuerte","Regular",4,1
"481","Normal","Normal","Fuerte","Malo",5,0
"482","Normal","Alta","Fuerte","Regular",2,0
"483","Alta","Baja","Leve","Bueno",4,0
"484","Alta","Alta","Fuerte","Regular",4,1
"485","Normal","Normal","Fuerte","Regular",3,1
"486","Alta","Normal","Leve","Regular",4,1
"487","Alta","Baja","Fuerte","Bueno",10,0
"488","Alta","Normal","Fuerte","Bueno",2,1
"489","Alta","Normal","Leve","Malo",1,0
"490","Normal","Normal","Fuerte","Bueno",5,1
"491","Alta","Normal","Leve","Bueno",1,0
"492","Alta","Baja","Leve","Bueno",3,1
"493","Alta","Normal","Fuerte","Bueno",4,1
"494","Baja","Alta","Fuerte","Malo",3,0
"495","Alta","Alta","Leve","Malo",4,0
"496","Alta","Baja","Fuerte","Malo",2,0
"497","Alta","Alta","Fuerte","Regular",2,1
"498","Baja","Alta","Fuerte","Malo",3,1
"499","Alta","Alta","Fuerte","Malo",5,1
"500","Alta","Alta","Leve","Bueno",6,1
"501","Alta","Baja","Leve","Regular",8,0
"502","Alta","Normal","Leve","Regular",5,0
"503","Alta","Normal","Fuerte","Bueno",3,1
"504","Alta","Normal","Fuerte","Bueno",3,1
"505","Alta","Baja","Fuerte","Malo",4,1
"506","Alta","Baja","Fuerte","Regular",4,1
"507","Alta","Baja","Fuerte","Regular",5,1
"508","Normal","Alta","Fuerte","Bueno",5,0
"509","Alta","Baja","Fuerte","Malo",3,1
"510","Alta","Normal","Leve","Malo",0,1
"511","Alta","Alta","Fuerte","Bueno",2,1
"512","Alta","Normal","Fuerte","Bueno",0,1
"513","Baja","Alta","Leve","Malo",7,1
"514","Alta","Alta","Fuerte","Malo",2,1
"515","Alta","Alta","Fuerte","Bueno",5,1
"516","Alta","Alta","Leve","Bueno",4,1
"517","Alta","Normal","Fuerte","Malo",7,1
"518","Alta","Normal","Fuerte","Malo",8,0
"519","Alta","Alta","Leve","Bueno",3,0
"520","Alta","Baja","Fuerte","Bueno",3,0
"521","Alta","Baja","Leve","Bueno",4,1
"522","Alta","Baja","Leve","Regular",5,1
"523","Alta","Normal","Leve","Malo",4,1
"524","Alta","Alta","Fuerte","Regular",5,1
"525","Normal","Normal","Leve","Malo",8,0
"526","Alta","Baja","Leve","Bueno",7,1
"527","Alta","Baja","Leve","Regular",1,1
"528","Alta","Alta","Leve","Regular",7,0
"529","Alta","Baja","Fuerte","Bueno",3,1
"530","Alta","Baja","Fuerte","Bueno",7,0
"531","Alta","Normal","Leve","Malo",4,0
"532","Normal","Baja","Leve","Bueno",4,0
"533","Alta","Alta","Leve","Bueno",3,1
"534","Alta","Alta","Fuerte","Regular",2,0
"535","Alta","Alta","Fuerte","Malo",2,1
"536","Normal","Baja","Leve","Bueno",4,0
"537","Alta","Normal","Fuerte","Regular",2,1
"538","Alta","Baja","Leve","Regular",8,1
"539","Alta","Baja","Leve","Regular",5,0
"540","Alta","Normal","Leve","Regular",3,0
"541","Baja","Alta","Leve","Regular",6,1
"542","Normal","Alta","Fuerte","Bueno",4,0
"543","Alta","Alta","Fuerte","Bueno",3,1
"544","Alta","Normal","Fuerte","Regular",5,1
"545","Alta","Normal","Leve","Malo",5,1
"546","Normal","Alta","Leve","Malo",2,0
"547","Normal","Normal","Fuerte","Bueno",3,1
"548","Alta","Normal","Leve","Bueno",4,1
"549","Alta","Normal","Leve","Bueno",7,1
"550","Alta","Alta","Leve","Bueno",4,1
"551","Alta","Alta","Fuerte","Bueno",1,1
"552","Alta","Baja","Leve","Regular",7,0
"553","Normal","Normal","Leve","Regular",5,1
"554","Alta","Alta","Fuerte","Malo",2,1
"555","Alta","Baja","Leve","Bueno",3,0
"556","Normal","Alta","Leve","Regular",1,1
"557","Alta","Alta","Leve","Bueno",4,1
"558","Alta","Baja","Fuerte","Malo",2,0
"559","Alta","Normal","Leve","Bueno",3,1
"560","Alta","Normal","Fuerte","Malo",0,1
"561","Alta","Normal","Fuerte","Regular",1,1
"562","Alta","Normal","Fuerte","Regular",5,1
"563","Alta","Alta","Leve","Bueno",2,1
"564","Alta","Alta","Fuerte","Regular",3,1
"565","Alta","Baja","Fuerte","Regular",5,1
"566","Alta","Normal","Fuerte","Malo",2,1
"567","Alta","Baja","Fuerte","Regular",1,1
"568","Alta","Baja","Fuerte","Regular",3,1
"569","Normal","Baja","Leve","Bueno",4,1
"570","Alta","Normal","Leve","Bueno",1,1
"571","Alta","Alta","Leve","Bueno",7,1
"572","Alta","Alta","Leve","Malo",4,0
"573","Alta","Baja","Fuerte","Malo",4,1
"574","Alta","Alta","Leve","Malo",3,1
"575","Alta","Normal","Fuerte","Bueno",3,1
"576","Alta","Baja","Fuerte","Regular",4,1
"577","Alta","Baja","Fuerte","Regular",2,1
"578","Alta","Alta","Leve","Bueno",2,1
"579","Alta","Alta","Leve","Bueno",5,1
"580","Alta","Baja","Leve","Regular",6,1
"581","Baja","Alta","Leve","Regular",2,0
"582","Alta","Baja","Fuerte","Regular",2,1
"583","Alta","Normal","Leve","Bueno",3,0
"584","Alta","Baja","Fuerte","Regular",3,0
"585","Alta","Alta","Leve","Regular",3,1
"586","Alta","Alta","Leve","Bueno",2,1
"587","Alta","Baja","Fuerte","Bueno",4,1
"588","Alta","Alta","Leve","Malo",3,1
"589","Alta","Normal","Leve","Regular",1,1
"590","Alta","Baja","Leve","Regular",4,1
"591","Alta","Alta","Fuerte","Regular",4,0
"592","Alta","Alta","Fuerte","Regular",6,1
"593","Alta","Normal","Fuerte","Bueno",4,0
"594","Alta","Normal","Fuerte","Malo",4,0
"595","Alta","Baja","Leve","Malo",2,0
"596","Alta","Normal","Fuerte","Malo",6,1
"597","Alta","Alta","Leve","Regular",5,0
"598","Baja","Alta","Fuerte","Bueno",3,0
"599","Alta","Alta","Leve","Malo",3,0
"600","Alta","Normal","Fuerte","Regular",2,1
"601","Alta","Alta","Leve","Bueno",7,0
"602","Normal","Normal","Fuerte","Bueno",5,0
"603","Alta","Normal","Leve","Regular",4,1
"604","Alta","Normal","Fuerte","Bueno",6,0
"605","Alta","Normal","Fuerte","Regular",3,1
"606","Alta","Baja","Fuerte","Bueno",6,0
"607","Alta","Alta","Fuerte","Regular",4,1
"608","Alta","Normal","Fuerte","Bueno",3,1
"609","Normal","Normal","Fuerte","Bueno",3,1
"610","Alta","Normal","Leve","Bueno",3,0
"611","Alta","Baja","Fuerte","Bueno",3,0
"612","Alta","Baja","Leve","Bueno",9,1
"613","Normal","Normal","Fuerte","Bueno",2,0
"614","Baja","Normal","Leve","Bueno",5,0
"615","Alta","Alta","Leve","Regular",5,0
"616","Alta","Baja","Fuerte","Regular",0,1
"617","Alta","Baja","Fuerte","Regular",2,0
"618","Baja","Alta","Leve","Malo",5,0
"619","Alta","Baja","Leve","Regular",2,1
"620","Alta","Baja","Fuerte","Malo",2,1
"621","Alta","Baja","Leve","Regular",3,0
"622","Alta","Baja","Leve","Regular",3,1
"623","Normal","Normal","Fuerte","Regular",4,1
"624","Alta","Normal","Fuerte","Bueno",7,0
"625","Alta","Normal","Leve","Bueno",5,1
"626","Normal","Alta","Leve","Regular",4,0
"627","Alta","Normal","Leve","Malo",2,1
"628","Baja","Alta","Fuerte","Bueno",0,1
"629","Alta","Baja","Fuerte","Regular",4,1
"630","Baja","Alta","Fuerte","Bueno",2,1
"631","Alta","Baja","Fuerte","Bueno",3,0
"632","Alta","Normal","Leve","Bueno",1,0
"633","Alta","Normal","Leve","Malo",4,0
"634","Alta","Alta","Leve","Bueno",4,0
"635","Alta","Baja","Leve","Bueno",4,1
"636","Alta","Alta","Leve","Regular",2,0
"637","Alta","Alta","Leve","Regular",4,1
"638","Alta","Normal","Fuerte","Bueno",3,1
"639","Alta","Baja","Leve","Bueno",3,0
"640","Alta","Alta","Leve","Bueno",3,1
"641","Alta","Normal","Leve","Bueno",1,0
"642","Normal","Baja","Leve","Bueno",2,1
"643","Alta","Normal","Leve","Regular",5,0
"644","Alta","Alta","Fuerte","Bueno",5,0
"645","Alta","Alta","Fuerte","Regular",3,1
"646","Alta","Baja","Leve","Bueno",3,1
"647","Alta","Normal","Fuerte","Regular",4,0
"648","Alta","Normal","Leve","Malo",3,1
"649","Normal","Baja","Fuerte","Bueno",4,1
"650","Normal","Baja","Fuerte","Regular",3,1
"651","Alta","Baja","Fuerte","Malo",4,1
"652","Alta","Normal","Fuerte","Regular",3,0
"653","Alta","Baja","Fuerte","Malo",2,0
"654","Alta","Alta","Fuerte","Malo",3,1
"655","Alta","Normal","Fuerte","Bueno",5,0
"656","Alta","Normal","Fuerte","Regular",2,1
"657","Alta","Alta","Fuerte","Bueno",9,1
"658","Alta","Baja","Fuerte","Bueno",7,0
"659","Normal","Normal","Fuerte","Bueno",5,0
"660","Alta","Normal","Fuerte","Bueno",2,1
"661","Alta","Normal","Leve","Malo",2,0
"662","Alta","Alta","Leve","Regular",3,1
"663","Alta","Alta","Fuerte","Regular",4,0
"664","Normal","Normal","Fuerte","Bueno",7,0
"665","Alta","Baja","Leve","Bueno",3,0
"666","Alta","Baja","Leve","Regular",4,1
"667","Alta","Baja","Fuerte","Bueno",1,0
"668","Alta","Baja","Leve","Bueno",4,1
"669","Alta","Alta","Fuerte","Bueno",9,1
"670","Baja","Alta","Fuerte","Malo",2,1
"671","Baja","Alta","Fuerte","Regular",3,1
"672","Normal","Normal","Leve","Regular",3,1
"673","Alta","Baja","Fuerte","Regular",1,1
"674","Alta","Normal","Fuerte","Bueno",3,1
"675","Alta","Alta","Leve","Regular",3,0
"676","Alta","Baja","Fuerte","Regular",2,0
"677","Alta","Normal","Fuerte","Regular",4,1
"678","Alta","Normal","Fuerte","Bueno",6,0
"679","Alta","Baja","Leve","Bueno",6,1
"680","Alta","Baja","Leve","Bueno",8,1
"681","Alta","Alta","Leve","Bueno",5,0
"682","Baja","Alta","Leve","Regular",4,1
"683","Alta","Baja","Fuerte","Regular",1,1
"684","Normal","Normal","Leve","Malo",6,0
"685","Alta","Baja","Leve","Malo",2,0
"686","Alta","Baja","Leve","Bueno",5,1
"687","Alta","Baja","Leve","Regular",3,0
"688","Alta","Normal","Leve","Regular",3,0
"689","Alta","Baja","Leve","Regular",5,1
"690","Alta","Baja","Leve","Bueno",4,1
"691","Alta","Normal","Fuerte","Regular",1,1
"692","Normal","Normal","Fuerte","Regular",5,1
"693","Alta","Baja","Leve","Regular",5,0
"694","Alta","Alta","Leve","Bueno",2,1
"695","Alta","Alta","Leve","Malo",3,0
"696","Alta","Normal","Fuerte","Malo",5,1
"697","Alta","Normal","Fuerte","Bueno",0,1
"698","Alta","Alta","Fuerte","Regular",6,0
"699","Alta","Baja","Fuerte","Regular",1,1
"700","Baja","Alta","Fuerte","Bueno",4,1
"701","Alta","Baja","Fuerte","Malo",6,1
"702","Alta","Normal","Leve","Regular",5,1
"703","Alta","Alta","Fuerte","Regular",0,1
"704","Alta","Alta","Leve","Bueno",3,0
"705","Alta","Baja","Leve","Regular",5,1
"706","Alta","Normal","Leve","Malo",5,0
"707","Alta","Baja","Fuerte","Bueno",6,0
"708","Alta","Normal","Fuerte","Malo",6,1
"709","Normal","Baja","Fuerte","Bueno",2,0
"710","Alta","Baja","Leve","Bueno",3,0
"711","Alta","Baja","Fuerte","Regular",3,0
"712","Alta","Alta","Fuerte","Bueno",3,0
"713","Alta","Baja","Fuerte","Regular",1,0
"714","Baja","Alta","Fuerte","Bueno",5,1
"715","Alta","Alta","Leve","Regular",4,1
"716","Alta","Alta","Leve","Regular",4,0
"717","Alta","Alta","Leve","Malo",7,1
"718","Normal","Normal","Leve","Malo",6,0
"719","Alta","Baja","Leve","Bueno",5,1
"720","Alta","Baja","Leve","Malo",5,0
"721","Alta","Baja","Leve","Regular",3,0
"722","Alta","Baja","Leve","Regular",4,1
"723","Alta","Normal","Leve","Regular",3,1
"724","Alta","Alta","Fuerte","Bueno",4,0
"725","Alta","Normal","Leve","Regular",5,1
"726","Alta","Baja","Leve","Regular",6,1
"727","Alta","Baja","Fuerte","Regular",6,1
"728","Alta","Alta","Leve","Regular",2,0
"729","Baja","Alta","Leve","Bueno",1,1
"730","Alta","Alta","Fuerte","Malo",3,1
"731","Normal","Alta","Leve","Regular",3,0
"732","Alta","Baja","Leve","Regular",3,0
"733","Alta","Normal","Leve","Malo",1,0
"734","Alta","Baja","Fuerte","Regular",3,0
"735","Alta","Normal","Leve","Bueno",3,1
"736","Alta","Alta","Fuerte","Regular",4,1
"737","Alta","Baja","Leve","Regular",2,1
"738","Normal","Alta","Leve","Bueno",3,1
"739","Alta","Alta","Leve","Bueno",2,1
"740","Alta","Baja","Fuerte","Bueno",3,0
"741","Alta","Alta","Fuerte","Bueno",4,1
"742","Alta","Normal","Leve","Bueno",7,1
"743","Alta","Alta","Fuerte","Bueno",4,1
"744","Alta","Alta","Leve","Regular",3,1
"745","Alta","Normal","Leve","Bueno",4,0
"746","Alta","Baja","Fuerte","Regular",4,1
"747","Alta","Alta","Fuerte","Bueno",4,1
"748","Alta","Normal","Fuerte","Bueno",6,0
"749","Baja","Alta","Leve","Bueno",4,1
"750","Alta","Alta","Fuerte","Bueno",5,1
"751","Baja","Alta","Leve","Regular",4,1
"752","Alta","Baja","Fuerte","Bueno",5,0
"753","Baja","Alta","Leve","Malo",2,1
"754","Alta","Baja","Leve","Regular",7,0
"755","Alta","Baja","Leve","Regular",3,0
"756","Alta","Alta","Leve","Malo",5,0
"757","Alta","Alta","Leve","Malo",9,1
"758","Normal","Normal","Fuerte","Bueno",2,1
"759","Alta","Normal","Leve","Malo",5,1
"760","Alta","Alta","Leve","Regular",3,1
"761","Alta","Normal","Fuerte","Bueno",3,0
"762","Alta","Normal","Fuerte","Bueno",6,0
"763","Alta","Alta","Fuerte","Regular",2,0
"764","Alta","Alta","Fuerte","Regular",2,1
"765","Alta","Normal","Leve","Regular",3,0
"766","Alta","Baja","Fuerte","Regular",5,1
"767","Alta","Normal","Leve","Bueno",2,1
"768","Alta","Baja","Fuerte","Regular",5,1
"769","Baja","Alta","Leve","Regular",5,1
"770","Normal","Normal","Leve","Bueno",5,0
"771","Alta","Baja","Leve","Regular",7,1
"772","Normal","Normal","Leve","Regular",3,1
"773","Alta","Baja","Leve","Malo",5,0
"774","Normal","Normal","Fuerte","Malo",5,0
"775","Alta","Baja","Leve","Bueno",7,0
"776","Alta","Alta","Fuerte","Regular",4,0
"777","Alta","Normal","Fuerte","Malo",3,1
"778","Normal","Normal","Leve","Bueno",2,0
"779","Alta","Normal","Fuerte","Bueno",3,0
"780","Alta","Normal","Leve","Malo",5,0
"781","Alta","Baja","Leve","Malo",4,0
"782","Normal","Alta","Fuerte","Regular",4,1
"783","Alta","Baja","Fuerte","Regular",4,1
"784","Alta","Alta","Fuerte","Malo",2,1
"785","Alta","Baja","Fuerte","Bueno",3,1
"786","Normal","Baja","Fuerte","Regular",5,0
"787","Alta","Normal","Leve","Bueno",5,1
"788","Baja","Alta","Fuerte","Regular",7,1
"789","Normal","Baja","Fuerte","Regular",0,1
"790","Alta","Baja","Fuerte","Regular",3,1
"791","Alta","Alta","Fuerte","Regular",3,0
"792","Baja","Alta","Fuerte","Bueno",5,0
"793","Alta","Normal","Leve","Regular",3,0
"794","Alta","Baja","Leve","Bueno",3,1
"795","Alta","Alta","Fuerte","Regular",8,0
"796","Baja","Alta","Leve","Bueno",2,0
"797","Baja","Alta","Fuerte","Regular",3,1
"798","Baja","Baja","Fuerte","Regular",8,0
"799","Alta","Baja","Leve","Malo",3,1
"800","Alta","Normal","Fuerte","Regular",6,1
"801","Alta","Normal","Leve","Bueno",3,0
"802","Alta","Baja","Fuerte","Regular",2,1
"803","Alta","Normal","Leve","Bueno",3,0
"804","Alta","Normal","Leve","Bueno",5,1
"805","Alta","Baja","Fuerte","Regular",3,1
"806","Alta","Baja","Fuerte","Regular",2,1
"807","Alta","Alta","Fuerte","Regular",4,1
"808","Baja","Normal","Fuerte","Malo",4,1
"809","Alta","Alta","Fuerte","Bueno",1,1
"810","Alta","Normal","Leve","Regular",3,1
"811","Alta","Alta","Leve","Regular",6,1
"812","Alta","Baja","Fuerte","Regular",3,0
"813","Alta","Baja","Fuerte","Malo",2,1
"814","Alta","Normal","Leve","Regular",2,1
"815","Baja","Alta","Leve","Regular",3,0
"816","Alta","Alta","Leve","Bueno",7,0
"817","Baja","Alta","Fuerte","Bueno",1,1
"818","Alta","Baja","Fuerte","Regular",2,0
"819","Alta","Baja","Leve","Bueno",5,0
"820","Baja","Alta","Fuerte","Malo",3,1
"821","Alta","Baja","Fuerte","Regular",1,1
"822","Alta","Baja","Fuerte","Bueno",1,1
"823","Alta","Alta","Fuerte","Regular",1,1
"824","Normal","Baja","Leve","Bueno",4,1
"825","Alta","Alta","Leve","Bueno",2,1
"826","Alta","Alta","Fuerte","Bueno",4,0
"827","Alta","Baja","Leve","Bueno",1,0
"828","Alta","Baja","Leve","Bueno",7,1
"829","Alta","Baja","Leve","Regular",5,1
"830","Alta","Normal","Leve","Regular",1,1
"831","Alta","Alta","Leve","Bueno",5,1
"832","Alta","Normal","Fuerte","Regular",5,0
"833","Alta","Baja","Fuerte","Bueno",2,1
"834","Alta","Baja","Fuerte","Regular",2,1
"835","Baja","Alta","Leve","Malo",2,0
"836","Alta","Baja","Leve","Regular",4,0
"837","Alta","Normal","Leve","Regular",3,0
"838","Alta","Baja","Fuerte","Regular",3,0
"839","Alta","Baja","Leve","Bueno",6,1
"840","Alta","Normal","Leve","Regular",5,0
"841","Alta","Baja","Fuerte","Regular",3,0
"842","Alta","Normal","Fuerte","Bueno",7,0
"843","Alta","Baja","Fuerte","Malo",5,0
"844","Alta","Baja","Fuerte","Regular",4,1
"845","Alta","Normal","Fuerte","Bueno",4,1
"846","Alta","Baja","Leve","Regular",3,0
"847","Alta","Normal","Leve","Bueno",3,0
"848","Alta","Alta","Leve","Bueno",4,1
"849","Alta","Normal","Fuerte","Bueno",7,0
"850","Alta","Normal","Fuerte","Malo",7,0
"851","Alta","Baja","Fuerte","Malo",4,0
"852","Alta","Normal","Fuerte","Malo",3,1
"853","Alta","Baja","Fuerte","Bueno",5,0
"854","Alta","Alta","Fuerte","Regular",4,1
"855","Baja","Alta","Leve","Regular",2,0
"856","Alta","Normal","Fuerte","Malo",3,1
"857","Alta","Alta","Leve","Regular",5,1
"858","Alta","Normal","Leve","Bueno",1,0
"859","Alta","Alta","Fuerte","Malo",2,1
"860","Baja","Alta","Leve","Bueno",4,1
"861","Alta","Baja","Leve","Malo",6,0
"862","Alta","Baja","Leve","Bueno",5,0
"863","Alta","Baja","Fuerte","Regular",3,0
"864","Alta","Baja","Fuerte","Regular",2,0
"865","Alta","Baja","Fuerte","Bueno",4,0
"866","Normal","Normal","Fuerte","Bueno",1,1
"867","Alta","Normal","Fuerte","Bueno",3,1
"868","Alta","Alta","Leve","Bueno",4,1
"869","Alta","Baja","Fuerte","Regular",2,0
"870","Alta","Alta","Fuerte","Regular",5,0
"871","Alta","Baja","Leve","Malo",3,1
"872","Alta","Baja","Leve","Malo",2,1
"873","Alta","Normal","Leve","Bueno",5,1
"874","Alta","Normal","Leve","Malo",4,1
"875","Normal","Baja","Fuerte","Regular",5,0
"876","Alta","Baja","Leve","Bueno",4,1
"877","Alta","Alta","Fuerte","Malo",6,1
"878","Alta","Normal","Fuerte","Regular",2,0
"879","Baja","Alta","Leve","Bueno",5,0
"880","Normal","Normal","Fuerte","Malo",5,0
"881","Normal","Alta","Fuerte","Regular",6,1
"882","Alta","Normal","Leve","Bueno",4,1
"883","Alta","Normal","Leve","Regular",4,1
"884","Alta","Alta","Fuerte","Bueno",7,0
"885","Alta","Alta","Fuerte","Bueno",6,1
"886","Alta","Baja","Fuerte","Bueno",3,1
"887","Normal","Alta","Fuerte","Bueno",4,0
"888","Alta","Alta","Leve","Bueno",4,1
"889","Alta","Alta","Fuerte","Regular",8,1
"890","Baja","Alta","Fuerte","Bueno",1,0
"891","Alta","Baja","Leve","Malo",0,1
"892","Alta","Normal","Fuerte","Malo",4,1
"893","Alta","Normal","Leve","Regular",4,1
"894","Alta","Normal","Fuerte","Regular",2,0
"895","Alta","Baja","Fuerte","Bueno",8,0
"896","Alta","Baja","Leve","Bueno",3,0
"897","Alta","Normal","Leve","Bueno",6,0
"898","Alta","Baja","Leve","Malo",3,1
"899","Alta","Baja","Leve","Bueno",4,1
"900","Alta","Normal","Fuerte","Regular",1,1
"901","Alta","Baja","Fuerte","Regular",3,1
"902","Baja","Alta","Fuerte","Malo",5,1
"903","Alta","Alta","Fuerte","Bueno",3,1
"904","Alta","Baja","Leve","Regular",4,1
"905","Alta","Baja","Leve","Regular",6,1
"906","Alta","Alta","Fuerte","Regular",2,1
"907","Alta","Alta","Leve","Regular",5,1
"908","Alta","Normal","Fuerte","Regular",9,1
"909","Alta","Baja","Fuerte","Bueno",3,0
"910","Alta","Baja","Fuerte","Malo",2,0
"911","Normal","Normal","Leve","Regular",3,0
"912","Alta","Baja","Leve","Malo",6,1
"913","Alta","Alta","Leve","Regular",6,0
"914","Alta","Baja","Leve","Bueno",5,1
"915","Alta","Normal","Fuerte","Bueno",2,0
"916","Normal","Normal","Fuerte","Regular",1,0
"917","Alta","Alta","Fuerte","Regular",5,0
"918","Alta","Alta","Fuerte","Bueno",2,0
"919","Alta","Alta","Fuerte","Regular",4,1
"920","Normal","Baja","Fuerte","Malo",6,0
"921","Alta","Baja","Fuerte","Malo",4,0
"922","Alta","Baja","Leve","Bueno",4,0
"923","Normal","Alta","Leve","Bueno",8,0
"924","Alta","Baja","Fuerte","Bueno",4,1
"925","Alta","Alta","Leve","Malo",8,1
"926","Baja","Alta","Leve","Regular",7,0
"927","Alta","Baja","Fuerte","Malo",5,1
"928","Alta","Normal","Fuerte","Malo",4,0
"929","Alta","Normal","Fuerte","Bueno",5,0
"930","Alta","Alta","Leve","Regular",5,1
"931","Alta","Baja","Fuerte","Regular",3,1
"932","Alta","Normal","Leve","Bueno",4,1
"933","Alta","Normal","Fuerte","Bueno",3,1
"934","Alta","Baja","Leve","Malo",6,1
"935","Normal","Normal","Leve","Malo",2,1
"936","Alta","Alta","Fuerte","Malo",5,0
"937","Alta","Baja","Leve","Regular",2,1
"938","Alta","Baja","Leve","Regular",2,1
"939","Alta","Alta","Leve","Bueno",3,0
"940","Alta","Baja","Leve","Regular",4,1
"941","Alta","Normal","Fuerte","Regular",4,0
"942","Alta","Baja","Leve","Regular",2,0
"943","Normal","Normal","Fuerte","Regular",2,1
"944","Alta","Normal","Fuerte","Regular",3,1
"945","Alta","Alta","Fuerte","Regular",2,1
"946","Alta","Alta","Leve","Malo",2,1
"947","Alta","Baja","Leve","Bueno",1,0
"948","Alta","Baja","Fuerte","Malo",8,0
"949","Alta","Alta","Leve","Regular",5,1
"950","Baja","Alta","Leve","Malo",9,1
"951","Alta","Baja","Fuerte","Bueno",4,0
"952","Normal","Normal","Leve","Regular",5,1
"953","Baja","Alta","Leve","Bueno",7,0
"954","Alta","Baja","Leve","Malo",2,1
"955","Alta","Normal","Leve","Bueno",8,1
"956","Alta","Baja","Fuerte","Regular",6,0
"957","Alta","Normal","Fuerte","Bueno",4,0
"958","Alta","Baja","Fuerte","Malo",8,0
"959","Alta","Alta","Leve","Regular",5,1
"960","Alta","Baja","Leve","Regular",4,1
"961","Alta","Normal","Fuerte","Regular",4,1
"962","Alta","Alta","Leve","Bueno",5,1
"963","Alta","Baja","Leve","Regular",6,1
"964","Alta","Baja","Fuerte","Bueno",5,0
"965","Alta","Alta","Leve","Bueno",3,1
"966","Alta","Alta","Fuerte","Regular",8,1
"967","Alta","Normal","Leve","Malo",2,0
"968","Baja","Alta","Leve","Regular",5,1
"969","Baja","Alta","Leve","Regular",3,1
"970","Alta","Baja","Fuerte","Regular",3,1
"971","Alta","Baja","Fuerte","Malo",2,1
"972","Alta","Alta","Leve","Malo",6,1
"973","Alta","Alta","Fuerte","Malo",4,0
"974","Alta","Normal","Fuerte","Bueno",1,0
"975","Alta","Baja","Fuerte","Malo",2,0
"976","Alta","Alta","Leve","Regular",3,1
"977","Alta","Normal","Fuerte","Malo",2,1
"978","Alta","Alta","Leve","Bueno",3,1
"979","Alta","Alta","Fuerte","Bueno",4,0
"980","Alta","Alta","Leve","Bueno",3,0
"981","Alta","Normal","Leve","Regular",1,1
"982","Alta","Normal","Leve","Regular",5,1
"983","Alta","Baja","Leve","Bueno",5,0
"984","Alta","Baja","Fuerte","Regular",1,0
"985","Alta","Normal","Fuerte","Regular",3,1
"986","Alta","Baja","Fuerte","Malo",6,0
"987","Alta","Normal","Leve","Regular",4,0
"988","Alta","Normal","Leve","Bueno",4,1
"989","Alta","Alta","Leve","Bueno",4,1
"990","Alta","Normal","Leve","Bueno",5,0
"991","Alta","Baja","Leve","Regular",5,1
"992","Alta","Baja","Leve","Regular",9,1
"993","Alta","Alta","Fuerte","Malo",3,1
"994","Normal","Baja","Fuerte","Bueno",3,0
"995","Alta","Baja","Fuerte","Regular",1,1
"996","Alta","Normal","Leve","Regular",2,0
"997","Alta","Normal","Leve","Regular",7,0
"998","Alta","Alta","Leve","Bueno",7,1
"999","Alta","Normal","Fuerte","Regular",3,0
"1000","Normal","Alta","Leve","Bueno",10,1
"1001","Baja","Alta","Fuerte","Regular",2,1
"1002","Alta","Baja","Leve","Bueno",7,1
"1003","Alta","Baja","Leve","Regular",4,1
"1004","Alta","Normal","Leve","Bueno",8,1
"1005","Alta","Alta","Leve","Bueno",2,0
"1006","Baja","Alta","Leve","Malo",1,1
"1007","Alta","Normal","Fuerte","Bueno",3,0
"1008","Alta","Alta","Fuerte","Regular",2,0
"1009","Alta","Baja","Fuerte","Malo",4,1
"1010","Alta","Normal","Leve","Bueno",3,1
"1011","Alta","Normal","Leve","Regular",2,0
"1012","Alta","Baja","Fuerte","Bueno",7,0
"1013","Normal","Normal","Fuerte","Bueno",2,1
"1014","Baja","Baja","Leve","Bueno",2,1
"1015","Baja","Baja","Fuerte","Regular",5,1
"1016","Alta","Baja","Leve","Bueno",4,0
"1017","Alta","Normal","Fuerte","Malo",6,1
"1018","Alta","Normal","Leve","Regular",4,0
"1019","Baja","Normal","Fuerte","Regular",2,1
"1020","Alta","Alta","Fuerte","Malo",5,1
"1021","Baja","Normal","Leve","Malo",2,1
"1022","Alta","Baja","Leve","Bueno",4,0
"1023","Alta","Alta","Leve","Bueno",3,0
"1024","Alta","Alta","Fuerte","Regular",4,1
"1025","Baja","Alta","Fuerte","Regular",1,1
"1026","Alta","Alta","Leve","Bueno",3,1
"1027","Alta","Normal","Leve","Regular",4,1
"1028","Alta","Baja","Fuerte","Bueno",9,0
"1029","Alta","Baja","Fuerte","Regular",3,1
"1030","Alta","Normal","Fuerte","Bueno",3,1
"1031","Alta","Baja","Fuerte","Bueno",5,0
"1032","Alta","Normal","Fuerte","Malo",7,1
"1033","Alta","Normal","Leve","Regular",1,0
"1034","Alta","Alta","Leve","Bueno",4,1
"1035","Alta","Alta","Leve","Bueno",6,0
"1036","Alta","Baja","Leve","Regular",4,0
"1037","Alta","Baja","Leve","Regular",3,1
"1038","Alta","Alta","Leve","Regular",5,1
"1039","Alta","Normal","Fuerte","Bueno",1,0
"1040","Alta","Alta","Fuerte","Bueno",6,1
"1041","Alta","Alta","Leve","Malo",4,1
"1042","Alta","Normal","Leve","Regular",3,0
"1043","Alta","Baja","Leve","Bueno",3,0
"1044","Baja","Alta","Fuerte","Regular",7,0
"1045","Alta","Baja","Fuerte","Regular",6,1
"1046","Alta","Baja","Leve","Bueno",3,0
"1047","Alta","Alta","Fuerte","Bueno",4,0
"1048","Alta","Baja","Leve","Bueno",3,0
"1049","Alta","Alta","Leve","Bueno",5,1
"1050","Alta","Alta","Leve","Bueno",3,1
"1051","Alta","Alta","Fuerte","Regular",4,1
"1052","Alta","Normal","Fuerte","Malo",3,0
"1053","Normal","Normal","Leve","Regular",1,1
"1054","Baja","Alta","Leve","Regular",4,0
"1055","Alta","Alta","Leve","Bueno",5,1
"1056","Alta","Alta","Fuerte","Regular",2,1
"1057","Alta","Alta","Fuerte","Bueno",0,1
"1058","Alta","Alta","Leve","Bueno",4,1
"1059","Alta","Baja","Leve","Bueno",2,1
"1060","Normal","Baja","Leve","Malo",4,1
"1061","Alta","Baja","Fuerte","Regular",4,1
"1062","Alta","Baja","Leve","Bueno",2,1
"1063","Alta","Baja","Leve","Regular",4,0
"1064","Alta","Normal","Leve","Regular",4,0
"1065","Alta","Baja","Leve","Bueno",3,0
"1066","Alta","Normal","Leve","Regular",3,1
"1067","Alta","Baja","Fuerte","Bueno",4,1
"1068","Alta","Normal","Fuerte","Malo",0,1
"1069","Normal","Normal","Fuerte","Bueno",3,0
"1070","Alta","Normal","Fuerte","Bueno",3,0
"1071","Alta","Baja","Leve","Bueno",3,0
"1072","Alta","Alta","Fuerte","Malo",10,0
"1073","Alta","Alta","Leve","Bueno",1,1
"1074","Normal","Normal","Fuerte","Malo",2,0
"1075","Alta","Alta","Fuerte","Regular",5,1
"1076","Alta","Normal","Fuerte","Regular",3,0
"1077","Baja","Alta","Leve","Regular",4,0
"1078","Alta","Normal","Fuerte","Regular",3,1
"1079","Baja","Alta","Fuerte","Bueno",3,1
"1080","Alta","Baja","Leve","Regular",4,1
"1081","Alta","Alta","Leve","Regular",5,1
"1082","Alta","Normal","Fuerte","Bueno",3,1
"1083","Alta","Alta","Fuerte","Bueno",4,1
"1084","Alta","Normal","Fuerte","Regular",3,1
"1085","Alta","Alta","Fuerte","Malo",5,1
"1086","Alta","Alta","Leve","Bueno",5,1
"1087","Alta","Baja","Leve","Regular",8,1
"1088","Alta","Alta","Leve","Bueno",4,1
"1089","Alta","Alta","Leve","Regular",7,1
"1090","Baja","Alta","Fuerte","Bueno",4,1
"1091","Alta","Baja","Leve","Regular",4,1
"1092","Alta","Baja","Fuerte","Malo",2,0
"1093","Alta","Alta","Leve","Malo",3,1
"1094","Alta","Alta","Fuerte","Bueno",3,1
"1095","Alta","Baja","Fuerte","Bueno",6,0
"1096","Alta","Normal","Leve","Regular",4,1
"1097","Normal","Normal","Fuerte","Malo",2,0
"1098","Alta","Normal","Leve","Malo",4,1
"1099","Alta","Alta","Leve","Regular",4,1
"1100","Normal","Normal","Leve","Malo",4,1
"1101","Alta","Baja","Leve","Malo",6,1
"1102","Alta","Alta","Leve","Regular",2,1
"1103","Alta","Normal","Fuerte","Malo",4,1
"1104","Alta","Alta","Leve","Malo",3,1
"1105","Alta","Normal","Fuerte","Malo",3,1
"1106","Alta","Normal","Leve","Regular",3,1
"1107","Alta","Normal","Leve","Regular",8,1
"1108","Alta","Baja","Leve","Regular",6,0
"1109","Alta","Baja","Fuerte","Bueno",4,1
"1110","Normal","Baja","Fuerte","Regular",10,0
"1111","Alta","Alta","Leve","Regular",1,0
"1112","Normal","Alta","Fuerte","Regular",6,0
"1113","Alta","Baja","Fuerte","Bueno",1,1
"1114","Alta","Baja","Fuerte","Regular",2,1
"1115","Alta","Normal","Leve","Malo",1,0
"1116","Normal","Normal","Leve","Regular",1,1
"1117","Alta","Alta","Fuerte","Regular",6,0
"1118","Alta","Normal","Leve","Bueno",4,1
"1119","Alta","Baja","Leve","Regular",3,0
"1120","Alta","Normal","Leve","Malo",6,1
"1121","Alta","Alta","Leve","Bueno",1,1
"1122","Normal","Normal","Fuerte","Bueno",0,1
"1123","Baja","Alta","Leve","Bueno",6,0
"1124","Alta","Alta","Fuerte","Malo",3,1
"1125","Alta","Baja","Fuerte","Bueno",5,0
"1126","Alta","Baja","Fuerte","Malo",5,1
"1127","Alta","Alta","Fuerte","Regular",4,1
"1128","Normal","Normal","Leve","Malo",9,1
"1129","Alta","Alta","Leve","Malo",5,0
"1130","Baja","Alta","Fuerte","Malo",1,1
"1131","Alta","Alta","Leve","Regular",5,1
"1132","Alta","Baja","Leve","Regular",2,1
"1133","Normal","Alta","Leve","Malo",3,1
"1134","Alta","Normal","Fuerte","Regular",11,0
"1135","Alta","Normal","Leve","Regular",4,0
"1136","Baja","Normal","Fuerte","Bueno",6,0
"1137","Alta","Baja","Leve","Malo",4,1
"1138","Alta","Baja","Fuerte","Regular",2,1
"1139","Alta","Alta","Fuerte","Regular",1,0
"1140","Alta","Normal","Leve","Bueno",5,1
"1141","Alta","Alta","Fuerte","Bueno",4,1
"1142","Alta","Normal","Leve","Malo",9,0
"1143","Alta","Baja","Fuerte","Bueno",6,0
"1144","Alta","Normal","Leve","Regular",4,0
"1145","Alta","Normal","Fuerte","Regular",3,1
"1146","Normal","Normal","Leve","Malo",3,0
"1147","Alta","Alta","Fuerte","Regular",3,1
"1148","Alta","Baja","Fuerte","Regular",5,0
"1149","Baja","Alta","Leve","Regular",3,1
"1150","Alta","Alta","Leve","Malo",7,1
"1151","Alta","Baja","Leve","Bueno",5,1
"1152","Alta","Normal","Leve","Regular",4,0
"1153","Alta","Baja","Fuerte","Bueno",4,0
"1154","Alta","Alta","Leve","Regular",6,0
"1155","Normal","Normal","Fuerte","Bueno",3,1
"1156","Alta","Baja","Fuerte","Regular",7,0
"1157","Normal","Alta","Fuerte","Malo",3,0
"1158","Normal","Baja","Fuerte","Regular",3,0
"1159","Normal","Baja","Fuerte","Malo",5,1
"1160","Alta","Baja","Fuerte","Bueno",7,0
"1161","Alta","Baja","Fuerte","Malo",4,0
"1162","Alta","Baja","Fuerte","Regular",6,0
"1163","Alta","Alta","Leve","Bueno",2,0
"1164","Alta","Normal","Leve","Bueno",5,1
"1165","Alta","Normal","Leve","Malo",1,1
"1166","Alta","Baja","Fuerte","Bueno",3,1
"1167","Alta","Baja","Fuerte","Regular",8,0
"1168","Alta","Alta","Fuerte","Bueno",2,0
"1169","Alta","Baja","Leve","Regular",3,1
"1170","Alta","Alta","Leve","Bueno",2,1
"1171","Normal","Normal","Leve","Malo",0,1
"1172","Normal","Alta","Leve","Bueno",3,1
"1173","Alta","Alta","Leve","Bueno",4,1
"1174","Alta","Baja","Leve","Bueno",7,1
"1175","Baja","Alta","Leve","Bueno",1,1
"1176","Alta","Baja","Fuerte","Bueno",2,1
"1177","Alta","Normal","Fuerte","Regular",7,1
"1178","Alta","Baja","Fuerte","Bueno",2,1
"1179","Alta","Baja","Leve","Malo",1,1
"1180","Alta","Alta","Fuerte","Malo",6,0
"1181","Baja","Alta","Leve","Bueno",3,0
"1182","Alta","Normal","Leve","Regular",4,1
"1183","Baja","Alta","Leve","Bueno",1,0
"1184","Alta","Alta","Leve","Bueno",4,1
"1185","Alta","Normal","Leve","Regular",5,1
"1186","Normal","Baja","Fuerte","Bueno",3,1
"1187","Alta","Baja","Fuerte","Bueno",5,0
"1188","Alta","Baja","Fuerte","Bueno",4,0
"1189","Alta","Normal","Fuerte","Regular",4,1
"1190","Alta","Alta","Fuerte","Regular",6,1
"1191","Alta","Alta","Leve","Regular",3,1
"1192","Alta","Normal","Leve","Regular",5,1
"1193","Normal","Normal","Fuerte","Bueno",4,0
"1194","Baja","Alta","Fuerte","Regular",2,1
"1195","Alta","Alta","Fuerte","Regular",4,0
"1196","Alta","Normal","Leve","Bueno",4,1
"1197","Alta","Baja","Fuerte","Regular",2,0
"1198","Alta","Baja","Fuerte","Bueno",4,0
"1199","Alta","Normal","Leve","Malo",3,0
"1200","Alta","Baja","Fuerte","Bueno",3,1
"1201","Alta","Normal","Leve","Malo",7,0
"1202","Alta","Normal","Leve","Bueno",5,1
"1203","Alta","Normal","Fuerte","Malo",5,1
"1204","Alta","Alta","Fuerte","Bueno",4,0
"1205","Alta","Normal","Fuerte","Malo",2,1
"1206","Normal","Normal","Leve","Bueno",4,1
"1207","Baja","Alta","Fuerte","Bueno",1,1
"1208","Alta","Alta","Fuerte","Regular",4,1
"1209","Normal","Alta","Fuerte","Bueno",5,1
"1210","Alta","Baja","Fuerte","Malo",3,0
"1211","Normal","Alta","Fuerte","Malo",4,0
"1212","Baja","Alta","Leve","Bueno",5,0
"1213","Alta","Alta","Leve","Regular",4,1
"1214","Alta","Baja","Fuerte","Regular",4,1
"1215","Normal","Alta","Fuerte","Bueno",5,0
"1216","Baja","Alta","Leve","Bueno",7,0
"1217","Alta","Baja","Leve","Bueno",3,0
"1218","Normal","Normal","Fuerte","Malo",3,0
"1219","Alta","Normal","Leve","Malo",3,0
"1220","Alta","Baja","Fuerte","Bueno",2,1
"1221","Alta","Normal","Fuerte","Malo",2,0
"1222","Alta","Alta","Leve","Regular",4,1
"1223","Baja","Alta","Fuerte","Bueno",9,1
"1224","Alta","Normal","Leve","Malo",3,0
"1225","Alta","Normal","Leve","Regular",4,1
"1226","Alta","Alta","Fuerte","Bueno",5,1
"1227","Alta","Baja","Fuerte","Regular",6,1
"1228","Alta","Normal","Fuerte","Bueno",2,0
"1229","Alta","Baja","Leve","Bueno",2,0
"1230","Baja","Alta","Fuerte","Regular",4,1
"1231","Alta","Alta","Leve","Regular",3,1
"1232","Alta","Alta","Leve","Regular",4,1
"1233","Alta","Normal","Fuerte","Bueno",1,1
"1234","Alta","Baja","Leve","Malo",2,1
"1235","Alta","Alta","Leve","Bueno",3,1
"1236","Baja","Alta","Fuerte","Bueno",4,1
"1237","Alta","Alta","Leve","Bueno",1,0
"1238","Baja","Alta","Leve","Bueno",7,0
"1239","Alta","Alta","Fuerte","Malo",6,1
"1240","Alta","Baja","Fuerte","Malo",2,1
"1241","Alta","Normal","Fuerte","Regular",2,1
"1242","Alta","Alta","Leve","Regular",4,0
"1243","Alta","Alta","Fuerte","Bueno",6,1
"1244","Alta","Normal","Fuerte","Malo",6,1
"1245","Alta","Baja","Fuerte","Regular",1,0
"1246","Normal","Normal","Fuerte","Regular",4,1
"1247","Alta","Alta","Fuerte","Regular",5,1
"1248","Alta","Alta","Fuerte","Bueno",3,1
"1249","Alta","Alta","Fuerte","Regular",8,1
"1250","Alta","Baja","Fuerte","Regular",3,0
"1251","Alta","Alta","Leve","Regular",3,1
"1252","Alta","Alta","Leve","Regular",5,1
"1253","Alta","Alta","Leve","Regular",2,0
"1254","Baja","Normal","Leve","Bueno",1,1
"1255","Normal","Normal","Fuerte","Malo",5,1
"1256","Alta","Baja","Leve","Regular",3,0
"1257","Alta","Alta","Fuerte","Bueno",2,1
"1258","Alta","Normal","Leve","Malo",3,0
"1259","Alta","Normal","Leve","Regular",4,0
"1260","Alta","Baja","Fuerte","Regular",6,0
"1261","Alta","Baja","Leve","Malo",5,1
"1262","Alta","Baja","Fuerte","Bueno",2,1
"1263","Alta","Normal","Fuerte","Regular",2,1
"1264","Normal","Baja","Fuerte","Regular",3,1
"1265","Alta","Normal","Leve","Bueno",3,0
"1266","Normal","Baja","Fuerte","Malo",5,1
"1267","Alta","Normal","Leve","Malo",6,1
"1268","Normal","Normal","Leve","Regular",4,0
"1269","Alta","Baja","Leve","Bueno",2,1
"1270","Alta","Alta","Leve","Bueno",6,1
"1271","Alta","Baja","Leve","Bueno",5,0
"1272","Alta","Normal","Leve","Bueno",7,1
"1273","Alta","Alta","Leve","Malo",2,0
"1274","Normal","Baja","Leve","Regular",4,0
"1275","Alta","Normal","Fuerte","Bueno",1,1
"1276","Alta","Baja","Leve","Regular",8,0
"1277","Alta","Normal","Leve","Bueno",6,0
"1278","Baja","Alta","Leve","Bueno",3,1
"1279","Normal","Normal","Leve","Bueno",3,1
"1280","Alta","Normal","Fuerte","Malo",6,0
"1281","Alta","Baja","Fuerte","Bueno",4,0
"1282","Alta","Alta","Leve","Bueno",1,1
"1283","Alta","Baja","Leve","Regular",2,1
"1284","Alta","Baja","Leve","Regular",3,0
"1285","Alta","Normal","Leve","Bueno",1,0
"1286","Alta","Baja","Fuerte","Bueno",6,0
"1287","Baja","Alta","Leve","Bueno",5,0
"1288","Alta","Baja","Fuerte","Regular",7,1
"1289","Alta","Normal","Fuerte","Regular",1,1
"1290","Normal","Alta","Fuerte","Bueno",3,1
"1291","Alta","Baja","Leve","Bueno",8,0
"1292","Alta","Baja","Fuerte","Bueno",3,1
"1293","Alta","Normal","Leve","Bueno",6,0
"1294","Alta","Baja","Fuerte","Malo",2,1
"1295","Alta","Baja","Leve","Regular",3,0
"1296","Alta","Baja","Leve","Regular",7,1
"1297","Alta","Baja","Fuerte","Bueno",2,0
"1298","Alta","Alta","Leve","Bueno",2,0
"1299","Normal","Normal","Fuerte","Bueno",4,0
"1300","Alta","Alta","Leve","Bueno",3,1
"1301","Alta","Alta","Fuerte","Malo",2,0
"1302","Alta","Alta","Fuerte","Bueno",7,0
"1303","Alta","Normal","Leve","Regular",3,0
"1304","Alta","Normal","Fuerte","Bueno",5,0
"1305","Alta","Baja","Leve","Bueno",4,0
"1306","Alta","Normal","Leve","Bueno",3,0
"1307","Alta","Alta","Leve","Bueno",5,1
"1308","Alta","Normal","Leve","Bueno",3,0
"1309","Alta","Baja","Leve","Regular",4,0
"1310","Alta","Alta","Leve","Regular",4,0
"1311","Alta","Baja","Fuerte","Regular",8,1
"1312","Alta","Alta","Fuerte","Regular",6,1
"1313","Alta","Baja","Leve","Regular",2,1
"1314","Alta","Normal","Leve","Regular",0,1
"1315","Baja","Alta","Leve","Bueno",2,1
"1316","Alta","Normal","Fuerte","Bueno",4,1
"1317","Alta","Baja","Leve","Regular",5,1
"1318","Alta","Alta","Fuerte","Regular",6,1
"1319","Alta","Baja","Fuerte","Bueno",2,1
"1320","Alta","Normal","Leve","Bueno",2,0
"1321","Alta","Normal","Leve","Malo",5,0
"1322","Normal","Normal","Leve","Regular",2,0
"1323","Alta","Baja","Fuerte","Malo",5,1
"1324","Alta","Alta","Fuerte","Regular",1,0
"1325","Alta","Normal","Fuerte","Bueno",5,0
"1326","Alta","Alta","Fuerte","Regular",2,1
"1327","Alta","Alta","Leve","Regular",4,1
"1328","Alta","Baja","Fuerte","Malo",5,1
"1329","Alta","Baja","Leve","Regular",10,0
"1330","Alta","Baja","Fuerte","Regular",4,1
"1331","Normal","Normal","Leve","Bueno",5,1
"1332","Alta","Baja","Fuerte","Bueno",7,0
"1333","Alta","Normal","Fuerte","Regular",1,0
"1334","Normal","Baja","Fuerte","Regular",7,1
"1335","Alta","Baja","Leve","Regular",5,1
"1336","Alta","Baja","Fuerte","Regular",1,1
"1337","Alta","Alta","Leve","Regular",2,0
"1338","Alta","Baja","Leve","Regular",5,1
"1339","Alta","Normal","Leve","Regular",7,0
"1340","Alta","Alta","Fuerte","Regular",6,0
"1341","Alta","Baja","Leve","Malo",5,1
"1342","Normal","Alta","Fuerte","Malo",4,1
"1343","Baja","Alta","Leve","Bueno",5,0
"1344","Baja","Alta","Leve","Bueno",5,0
"1345","Alta","Baja","Fuerte","Regular",4,0
"1346","Alta","Baja","Fuerte","Malo",3,1
"1347","Alta","Normal","Leve","Bueno",5,0
"1348","Baja","Baja","Fuerte","Regular",5,0
"1349","Alta","Baja","Leve","Regular",3,1
"1350","Alta","Normal","Fuerte","Bueno",1,0
"1351","Alta","Normal","Leve","Regular",4,0
"1352","Alta","Baja","Leve","Malo",0,1
"1353","Alta","Baja","Leve","Regular",7,1
"1354","Alta","Baja","Leve","Malo",8,1
"1355","Alta","Baja","Leve","Bueno",8,0
"1356","Normal","Alta","Fuerte","Regular",9,1
"1357","Alta","Alta","Leve","Malo",4,0
"1358","Alta","Alta","Fuerte","Regular",5,1
"1359","Alta","Normal","Leve","Bueno",2,0
"1360","Alta","Alta","Fuerte","Bueno",4,0
"1361","Alta","Alta","Fuerte","Regular",5,1
"1362","Normal","Normal","Fuerte","Malo",4,1
"1363","Alta","Alta","Fuerte","Regular",6,1
"1364","Baja","Alta","Leve","Regular",2,1
"1365","Alta","Baja","Fuerte","Bueno",3,0
"1366","Alta","Alta","Fuerte","Malo",5,1
"1367","Alta","Normal","Fuerte","Regular",5,0
"1368","Alta","Normal","Leve","Malo",5,0
"1369","Alta","Baja","Leve","Regular",3,0
"1370","Alta","Alta","Fuerte","Regular",0,1
"1371","Alta","Baja","Leve","Bueno",3,1
"1372","Alta","Baja","Fuerte","Malo",4,0
"1373","Alta","Alta","Leve","Bueno",9,0
"1374","Alta","Baja","Fuerte","Bueno",8,0
"1375","Alta","Alta","Leve","Malo",3,0
"1376","Alta","Baja","Fuerte","Bueno",5,0
"1377","Alta","Baja","Leve","Malo",7,0
"1378","Alta","Normal","Fuerte","Malo",2,0
"1379","Alta","Baja","Leve","Malo",1,1
"1380","Alta","Normal","Fuerte","Regular",2,0
"1381","Alta","Normal","Leve","Regular",5,1
"1382","Alta","Baja","Fuerte","Regular",3,1
"1383","Alta","Normal","Fuerte","Bueno",3,1
"1384","Alta","Baja","Fuerte","Regular",2,1
"1385","Alta","Normal","Leve","Regular",5,0
"1386","Alta","Alta","Leve","Regular",7,1
"1387","Baja","Alta","Fuerte","Bueno",4,0
"1388","Baja","Baja","Fuerte","Malo",5,1
"1389","Alta","Normal","Leve","Regular",4,0
"1390","Alta","Baja","Fuerte","Regular",3,0
"1391","Alta","Alta","Fuerte","Regular",4,0
"1392","Alta","Normal","Fuerte","Regular",4,1
"1393","Alta","Alta","Leve","Bueno",2,1
"1394","Alta","Alta","Fuerte","Regular",4,0
"1395","Alta","Baja","Fuerte","Malo",3,1
"1396","Alta","Baja","Leve","Malo",5,0
"1397","Alta","Baja","Fuerte","Regular",4,1
"1398","Alta","Normal","Leve","Bueno",3,1
"1399","Alta","Alta","Leve","Malo",10,1
"1400","Alta","Alta","Leve","Bueno",11,1
"1401","Alta","Alta","Fuerte","Bueno",4,0
"1402","Alta","Normal","Fuerte","Malo",4,1
"1403","Alta","Baja","Leve","Regular",4,1
"1404","Alta","Normal","Leve","Bueno",5,1
"1405","Normal","Baja","Leve","Bueno",2,0
"1406","Alta","Alta","Leve","Malo",1,0
"1407","Alta","Baja","Leve","Malo",10,1
"1408","Baja","Alta","Leve","Regular",3,1
"1409","Alta","Alta","Fuerte","Bueno",2,1
"1410","Alta","Baja","Fuerte","Regular",5,0
"1411","Alta","Baja","Fuerte","Bueno",7,0
"1412","Baja","Alta","Leve","Regular",1,0
"1413","Baja","Alta","Fuerte","Bueno",5,1
"1414","Alta","Baja","Fuerte","Regular",1,1
"1415","Alta","Baja","Leve","Bueno",3,1
"1416","Alta","Normal","Fuerte","Regular",3,0
"1417","Alta","Alta","Fuerte","Bueno",3,1
"1418","Alta","Baja","Leve","Regular",7,0
"1419","Alta","Alta","Leve","Bueno",5,1
"1420","Alta","Baja","Leve","Regular",3,1
"1421","Alta","Baja","Fuerte","Bueno",5,0
"1422","Alta","Baja","Fuerte","Bueno",6,0
"1423","Alta","Alta","Fuerte","Regular",4,0
"1424","Alta","Baja","Leve","Bueno",2,0
"1425","Alta","Alta","Fuerte","Malo",4,1
"1426","Alta","Alta","Leve","Malo",7,1
"1427","Normal","Normal","Leve","Bueno",4,1
"1428","Baja","Baja","Leve","Regular",5,0
"1429","Alta","Baja","Leve","Regular",3,1
"1430","Alta","Alta","Leve","Regular",1,1
"1431","Alta","Alta","Fuerte","Regular",6,1
"1432","Alta","Normal","Leve","Bueno",1,1
"1433","Alta","Normal","Leve","Malo",2,0
"1434","Alta","Normal","Fuerte","Bueno",7,0
"1435","Normal","Normal","Leve","Regular",6,1
"1436","Alta","Normal","Leve","Regular",3,1
"1437","Alta","Normal","Leve","Bueno",3,0
"1438","Alta","Baja","Leve","Bueno",8,1
"1439","Alta","Alta","Leve","Regular",1,1
"1440","Alta","Alta","Fuerte","Regular",3,0
"1441","Alta","Normal","Leve","Bueno",2,1
"1442","Alta","Baja","Leve","Regular",5,0
"1443","Baja","Alta","Leve","Bueno",2,0
"1444","Alta","Normal","Leve","Malo",4,1
"1445","Baja","Alta","Fuerte","Malo",4,1
"1446","Alta","Normal","Fuerte","Bueno",2,1
"1447","Alta","Alta","Fuerte","Bueno",4,0
"1448","Alta","Alta","Fuerte","Bueno",6,1
"1449","Alta","Alta","Leve","Bueno",6,1
"1450","Alta","Alta","Leve","Bueno",4,0
"1451","Alta","Alta","Leve","Malo",2,1
"1452","Alta","Baja","Fuerte","Malo",4,1
"1453","Alta","Baja","Fuerte","Bueno",1,0
"1454","Alta","Alta","Fuerte","Regular",4,1
"1455","Alta","Normal","Leve","Bueno",7,0
"1456","Alta","Baja","Leve","Malo",4,0
"1457","Alta","Baja","Fuerte","Regular",10,0
"1458","Normal","Normal","Fuerte","Bueno",2,1
"1459","Normal","Alta","Leve","Regular",4,1
"1460","Alta","Alta","Leve","Malo",5,1
"1461","Alta","Alta","Fuerte","Regular",1,0
"1462","Normal","Normal","Fuerte","Malo",2,1
"1463","Alta","Normal","Leve","Bueno",1,0
"1464","Alta","Alta","Leve","Regular",3,1
"1465","Alta","Baja","Leve","Malo",5,1
"1466","Alta","Alta","Fuerte","Bueno",4,0
"1467","Normal","Normal","Leve","Bueno",4,1
"1468","Alta","Baja","Leve","Bueno",2,0
"1469","Alta","Baja","Fuerte","Bueno",4,1
"1470","Normal","Baja","Fuerte","Malo",3,1
"1471","Alta","Baja","Leve","Bueno",6,1
"1472","Alta","Normal","Leve","Bueno",2,1
"1473","Alta","Normal","Leve","Regular",4,1
"1474","Alta","Normal","Fuerte","Bueno",3,1
"1475","Alta","Normal","Fuerte","Malo",2,1
"1476","Alta","Baja","Leve","Bueno",1,1
"1477","Alta","Baja","Fuerte","Malo",7,0
"1478","Alta","Alta","Fuerte","Regular",7,1
"1479","Alta","Alta","Fuerte","Bueno",9,1
"1480","Alta","Baja","Leve","Malo",4,0
"1481","Alta","Baja","Leve","Malo",3,1
"1482","Baja","Alta","Fuerte","Bueno",6,0
"1483","Alta","Baja","Leve","Regular",1,0
"1484","Alta","Baja","Leve","Malo",1,1
"1485","Alta","Normal","Leve","Bueno",4,0
"1486","Alta","Baja","Fuerte","Malo",7,0
"1487","Alta","Alta","Leve","Bueno",4,1
"1488","Alta","Baja","Fuerte","Malo",5,1
"1489","Normal","Normal","Fuerte","Regular",7,1
"1490","Alta","Baja","Fuerte","Regular",3,1
"1491","Alta","Alta","Fuerte","Bueno",4,0
"1492","Baja","Alta","Fuerte","Malo",0,1
"1493","Alta","Alta","Leve","Bueno",9,1
"1494","Alta","Alta","Leve","Bueno",4,0
"1495","Normal","Normal","Leve","Bueno",6,1
"1496","Normal","Baja","Fuerte","Bueno",4,0
"1497","Alta","Baja","Leve","Bueno",6,1
"1498","Alta","Baja","Fuerte","Regular",4,1
"1499","Alta","Alta","Fuerte","Malo",3,1
"1500","Alta","Normal","Leve","Regular",1,1
"1501","Alta","Normal","Leve","Malo",4,0
"1502","Alta","Alta","Leve","Bueno",4,1
"1503","Alta","Alta","Fuerte","Malo",2,0
"1504","Alta","Normal","Fuerte","Regular",3,0
"1505","Alta","Normal","Leve","Bueno",2,0
"1506","Alta","Normal","Leve","Bueno",4,0
"1507","Alta","Baja","Leve","Bueno",6,1
"1508","Alta","Alta","Leve","Malo",6,0
"1509","Alta","Alta","Leve","Bueno",4,1
"1510","Alta","Normal","Fuerte","Regular",5,0
"1511","Alta","Alta","Leve","Regular",7,1
"1512","Alta","Alta","Fuerte","Bueno",2,0
"1513","Alta","Baja","Leve","Regular",8,1
"1514","Alta","Baja","Fuerte","Regular",4,1
"1515","Alta","Alta","Leve","Regular",3,1
"1516","Alta","Baja","Fuerte","Bueno",1,1
"1517","Alta","Alta","Leve","Regular",4,1
"1518","Alta","Alta","Fuerte","Bueno",4,0
"1519","Alta","Alta","Leve","Regular",5,1
"1520","Baja","Alta","Leve","Bueno",4,1
"1521","Alta","Normal","Fuerte","Bueno",10,0
"1522","Alta","Alta","Fuerte","Regular",2,1
"1523","Alta","Alta","Fuerte","Malo",2,0
"1524","Alta","Baja","Leve","Bueno",3,0
"1525","Normal","Normal","Leve","Regular",5,1
"1526","Alta","Alta","Leve","Regular",5,0
"1527","Alta","Normal","Fuerte","Regular",3,0
"1528","Alta","Alta","Fuerte","Malo",8,0
"1529","Alta","Normal","Fuerte","Bueno",2,0
"1530","Alta","Baja","Leve","Regular",1,0
"1531","Alta","Alta","Leve","Malo",2,0
"1532","Alta","Baja","Leve","Malo",0,1
"1533","Alta","Normal","Fuerte","Bueno",6,0
"1534","Alta","Normal","Leve","Malo",2,1
"1535","Alta","Alta","Leve","Malo",12,1
"1536","Alta","Normal","Fuerte","Bueno",6,0
"1537","Alta","Baja","Fuerte","Regular",1,1
"1538","Alta","Alta","Fuerte","Regular",5,0
"1539","Alta","Baja","Fuerte","Bueno",10,0
"1540","Alta","Alta","Fuerte","Regular",7,1
"1541","Alta","Alta","Leve","Bueno",5,0
"1542","Alta","Normal","Leve","Regular",1,0
"1543","Baja","Alta","Leve","Bueno",6,0
"1544","Alta","Normal","Leve","Malo",3,1
"1545","Alta","Alta","Leve","Bueno",7,1
"1546","Alta","Baja","Fuerte","Bueno",7,0
"1547","Alta","Alta","Leve","Regular",0,1
"1548","Alta","Normal","Fuerte","Regular",3,0
"1549","Alta","Normal","Fuerte","Regular",6,1
"1550","Alta","Normal","Fuerte","Regular",2,0
"1551","Alta","Baja","Fuerte","Regular",9,0
"1552","Alta","Alta","Fuerte","Bueno",7,1
"1553","Alta","Normal","Leve","Bueno",8,0
"1554","Alta","Baja","Fuerte","Bueno",5,0
"1555","Alta","Alta","Leve","Regular",7,1
"1556","Alta","Alta","Fuerte","Bueno",6,1
"1557","Normal","Baja","Fuerte","Malo",1,0
"1558","Alta","Baja","Fuerte","Malo",2,1
"1559","Alta","Baja","Fuerte","Regular",6,1
"1560","Alta","Normal","Leve","Bueno",6,1
"1561","Alta","Alta","Fuerte","Bueno",2,0
"1562","Normal","Normal","Fuerte","Regular",1,0
"1563","Alta","Baja","Leve","Bueno",4,1
"1564","Alta","Normal","Leve","Malo",6,0
"1565","Alta","Baja","Leve","Malo",4,1
"1566","Alta","Normal","Leve","Bueno",9,1
"1567","Baja","Alta","Fuerte","Bueno",3,0
"1568","Alta","Alta","Fuerte","Bueno",3,1
"1569","Normal","Baja","Fuerte","Bueno",2,1
"1570","Alta","Alta","Leve","Bueno",4,1
"1571","Alta","Normal","Leve","Regular",1,1
"1572","Alta","Baja","Leve","Malo",4,0
"1573","Alta","Alta","Leve","Regular",3,1
"1574","Baja","Normal","Leve","Bueno",3,0
"1575","Alta","Baja","Leve","Regular",5,1
"1576","Alta","Baja","Leve","Bueno",1,0
"1577","Alta","Baja","Leve","Malo",1,1
"1578","Alta","Normal","Leve","Bueno",5,0
"1579","Normal","Normal","Leve","Bueno",5,1
"1580","Alta","Baja","Fuerte","Regular",4,1
"1581","Normal","Normal","Leve","Regular",1,1
"1582","Alta","Normal","Leve","Bueno",5,0
"1583","Alta","Alta","Leve","Regular",3,1
"1584","Alta","Normal","Leve","Bueno",3,1
"1585","Alta","Normal","Fuerte","Bueno",2,0
"1586","Baja","Alta","Fuerte","Regular",6,1
"1587","Alta","Normal","Leve","Bueno",3,0
"1588","Normal","Alta","Leve","Regular",2,0
"1589","Normal","Normal","Fuerte","Regular",3,0
"1590","Alta","Baja","Leve","Bueno",1,1
"1591","Alta","Baja","Fuerte","Malo",2,1
"1592","Alta","Normal","Fuerte","Bueno",6,0
"1593","Alta","Normal","Fuerte","Bueno",3,0
"1594","Alta","Baja","Fuerte","Bueno",3,1
"1595","Alta","Baja","Leve","Malo",4,1
"1596","Alta","Baja","Fuerte","Regular",5,1
"1597","Normal","Baja","Fuerte","Regular",3,1
"1598","Alta","Alta","Fuerte","Malo",3,0
"1599","Alta","Baja","Fuerte","Malo",4,0
"1600","Alta","Alta","Fuerte","Malo",1,1
"1601","Alta","Alta","Fuerte","Regular",6,1
"1602","Alta","Normal","Fuerte","Regular",3,1
"1603","Alta","Normal","Leve","Bueno",5,0
"1604","Alta","Alta","Leve","Bueno",3,1
"1605","Alta","Alta","Fuerte","Bueno",3,1
"1606","Alta","Normal","Leve","Regular",0,1
"1607","Alta","Baja","Fuerte","Bueno",4,1
"1608","Alta","Baja","Leve","Bueno",4,0
"1609","Alta","Baja","Leve","Malo",2,1
"1610","Alta","Baja","Leve","Regular",2,1
"1611","Alta","Baja","Fuerte","Regular",3,0
"1612","Alta","Alta","Fuerte","Regular",2,1
"1613","Alta","Normal","Leve","Bueno",8,1
"1614","Alta","Baja","Fuerte","Bueno",10,0
"1615","Alta","Alta","Leve","Bueno",1,1
"1616","Alta","Alta","Fuerte","Bueno",2,0
"1617","Alta","Baja","Leve","Regular",2,1
"1618","Baja","Normal","Leve","Bueno",4,1
"1619","Alta","Baja","Leve","Malo",3,0
"1620","Alta","Normal","Leve","Regular",7,0
"1621","Alta","Normal","Leve","Bueno",6,1
"1622","Baja","Alta","Leve","Bueno",2,0
"1623","Alta","Normal","Fuerte","Regular",4,1
"1624","Alta","Baja","Fuerte","Regular",6,1
"1625","Alta","Alta","Leve","Bueno",6,1
"1626","Alta","Baja","Leve","Malo",6,0
"1627","Alta","Baja","Fuerte","Regular",2,0
"1628","Alta","Alta","Leve","Regular",3,1
"1629","Alta","Alta","Leve","Regular",3,0
"1630","Alta","Baja","Leve","Bueno",3,1
"1631","Alta","Baja","Fuerte","Regular",10,0
"1632","Alta","Baja","Leve","Bueno",5,1
"1633","Alta","Baja","Fuerte","Regular",4,1
"1634","Alta","Alta","Leve","Malo",3,0
"1635","Baja","Alta","Fuerte","Regular",1,0
"1636","Alta","Baja","Fuerte","Bueno",8,0
"1637","Alta","Alta","Fuerte","Malo",5,1
"1638","Alta","Normal","Fuerte","Regular",3,1
"1639","Alta","Alta","Fuerte","Bueno",5,1
"1640","Normal","Baja","Leve","Bueno",1,1
"1641","Alta","Alta","Leve","Regular",5,1
"1642","Alta","Alta","Leve","Regular",5,0
"1643","Baja","Normal","Leve","Bueno",2,1
"1644","Normal","Alta","Leve","Bueno",3,1
"1645","Baja","Alta","Leve","Bueno",3,0
"1646","Alta","Alta","Leve","Bueno",2,0
"1647","Alta","Baja","Leve","Malo",2,0
"1648","Normal","Normal","Leve","Bueno",6,0
"1649","Baja","Alta","Leve","Malo",4,0
"1650","Alta","Normal","Fuerte","Regular",6,1
"1651","Alta","Baja","Leve","Malo",5,0
"1652","Normal","Normal","Leve","Bueno",3,0
"1653","Alta","Baja","Leve","Malo",3,1
"1654","Alta","Normal","Leve","Bueno",2,1
"1655","Alta","Normal","Leve","Bueno",6,1
"1656","Alta","Normal","Leve","Regular",3,0
"1657","Alta","Normal","Fuerte","Bueno",6,0
"1658","Alta","Baja","Fuerte","Bueno",2,1
"1659","Alta","Alta","Fuerte","Bueno",4,1
"1660","Baja","Alta","Leve","Malo",3,1
"1661","Alta","Normal","Leve","Regular",4,1
"1662","Alta","Baja","Leve","Regular",6,1
"1663","Normal","Baja","Fuerte","Bueno",3,0
"1664","Baja","Alta","Fuerte","Bueno",4,0
"1665","Alta","Baja","Leve","Regular",6,1
"1666","Alta","Normal","Leve","Bueno",2,1
"1667","Alta","Alta","Leve","Bueno",3,1
"1668","Alta","Normal","Leve","Bueno",5,0
"1669","Normal","Baja","Fuerte","Regular",2,1
"1670","Alta","Normal","Fuerte","Regular",7,1
"1671","Alta","Baja","Leve","Regular",6,0
"1672","Alta","Baja","Leve","Bueno",4,1
"1673","Alta","Alta","Leve","Bueno",7,1
"1674","Alta","Normal","Fuerte","Malo",5,0
"1675","Alta","Normal","Fuerte","Regular",4,0
"1676","Alta","Normal","Fuerte","Bueno",2,0
"1677","Alta","Baja","Fuerte","Bueno",6,0
"1678","Normal","Normal","Fuerte","Regular",4,1
"1679","Alta","Normal","Leve","Malo",3,1
"1680","Alta","Alta","Leve","Malo",6,0
"1681","Alta","Baja","Leve","Bueno",5,1
"1682","Alta","Alta","Fuerte","Malo",0,1
"1683","Alta","Baja","Fuerte","Bueno",0,1
"1684","Alta","Baja","Fuerte","Bueno",1,1
"1685","Alta","Baja","Fuerte","Malo",2,0
"1686","Alta","Baja","Leve","Regular",4,1
"1687","Alta","Normal","Fuerte","Bueno",3,0
"1688","Normal","Normal","Leve","Bueno",7,1
"1689","Baja","Alta","Fuerte","Malo",5,0
"1690","Alta","Baja","Fuerte","Regular",1,1
"1691","Alta","Alta","Fuerte","Bueno",2,0
"1692","Alta","Normal","Fuerte","Regular",3,1
"1693","Alta","Alta","Fuerte","Bueno",5,1
"1694","Normal","Normal","Leve","Regular",4,1
"1695","Alta","Baja","Fuerte","Regular",8,0
"1696","Baja","Alta","Fuerte","Malo",2,1
"1697","Alta","Alta","Leve","Bueno",5,1
"1698","Normal","Normal","Fuerte","Bueno",2,0
"1699","Alta","Baja","Leve","Regular",3,0
"1700","Normal","Normal","Leve","Regular",0,1
"1701","Alta","Normal","Fuerte","Bueno",1,0
"1702","Baja","Normal","Fuerte","Regular",5,1
"1703","Alta","Alta","Leve","Bueno",2,0
"1704","Alta","Normal","Leve","Regular",4,1
"1705","Alta","Normal","Fuerte","Regular",5,1
"1706","Alta","Normal","Fuerte","Bueno",7,0
"1707","Alta","Alta","Leve","Malo",4,1
"1708","Normal","Normal","Fuerte","Malo",3,1
"1709","Alta","Baja","Leve","Malo",4,1
"1710","Normal","Baja","Fuerte","Bueno",6,1
"1711","Alta","Baja","Fuerte","Bueno",3,1
"1712","Baja","Alta","Fuerte","Bueno",6,0
"1713","Alta","Baja","Fuerte","Regular",3,0
"1714","Alta","Normal","Fuerte","Regular",3,1
"1715","Alta","Normal","Leve","Malo",3,1
"1716","Alta","Normal","Leve","Bueno",5,0
"1717","Normal","Alta","Leve","Regular",6,0
"1718","Normal","Normal","Leve","Regular",5,0
"1719","Alta","Baja","Fuerte","Bueno",5,0
"1720","Alta","Baja","Leve","Malo",2,1
"1721","Alta","Baja","Leve","Regular",6,1
"1722","Alta","Baja","Leve","Malo",10,0
"1723","Alta","Normal","Leve","Regular",9,0
"1724","Alta","Normal","Fuerte","Regular",3,0
"1725","Alta","Alta","Leve","Regular",4,1
"1726","Alta","Baja","Leve","Bueno",4,1
"1727","Alta","Normal","Fuerte","Malo",3,1
"1728","Alta","Normal","Fuerte","Bueno",4,1
"1729","Alta","Alta","Fuerte","Bueno",6,1
"1730","Alta","Baja","Fuerte","Malo",7,0
"1731","Alta","Alta","Leve","Bueno",2,0
"1732","Alta","Baja","Leve","Malo",3,1
"1733","Alta","Normal","Leve","Regular",6,0
"1734","Alta","Alta","Leve","Regular",0,1
"1735","Alta","Baja","Leve","Bueno",2,0
"1736","Alta","Alta","Fuerte","Bueno",3,1
"1737","Normal","Baja","Leve","Bueno",4,1
"1738","Normal","Normal","Fuerte","Regular",5,0
"1739","Alta","Baja","Fuerte","Bueno",3,0
"1740","Alta","Baja","Fuerte","Bueno",1,0
"1741","Alta","Alta","Leve","Bueno",4,1
"1742","Alta","Alta","Fuerte","Bueno",5,0
"1743","Alta","Baja","Fuerte","Bueno",5,0
"1744","Alta","Normal","Fuerte","Bueno",6,0
"1745","Alta","Normal","Leve","Malo",3,0
"1746","Normal","Normal","Fuerte","Bueno",2,0
"1747","Normal","Normal","Fuerte","Malo",1,0
"1748","Alta","Normal","Leve","Regular",3,0
"1749","Alta","Baja","Fuerte","Bueno",3,1
"1750","Alta","Baja","Leve","Bueno",5,1
"1751","Alta","Baja","Fuerte","Regular",3,0
"1752","Alta","Baja","Leve","Regular",3,1
"1753","Alta","Baja","Fuerte","Bueno",5,0
"1754","Alta","Normal","Leve","Bueno",6,0
"1755","Alta","Normal","Leve","Bueno",6,1
"1756","Alta","Baja","Fuerte","Bueno",3,0
"1757","Alta","Normal","Fuerte","Regular",3,1
"1758","Alta","Normal","Fuerte","Regular",2,0
"1759","Alta","Baja","Leve","Bueno",5,1
"1760","Alta","Baja","Fuerte","Malo",6,0
"1761","Alta","Baja","Leve","Regular",6,1
"1762","Normal","Normal","Fuerte","Malo",6,1
"1763","Alta","Baja","Leve","Malo",3,0
"1764","Alta","Alta","Fuerte","Bueno",4,1
"1765","Baja","Alta","Leve","Bueno",3,1
"1766","Alta","Normal","Leve","Regular",1,0
"1767","Alta","Baja","Leve","Bueno",2,1
"1768","Alta","Normal","Leve","Bueno",2,1
"1769","Alta","Normal","Leve","Malo",5,1
"1770","Alta","Normal","Fuerte","Regular",4,0
"1771","Alta","Baja","Leve","Malo",4,0
"1772","Alta","Normal","Leve","Malo",4,0
"1773","Alta","Alta","Leve","Bueno",6,1
"1774","Baja","Alta","Fuerte","Bueno",7,1
"1775","Alta","Normal","Fuerte","Bueno",6,0
"1776","Alta","Alta","Fuerte","Bueno",5,0
"1777","Alta","Baja","Fuerte","Malo",6,1
"1778","Baja","Alta","Fuerte","Bueno",4,1
"1779","Baja","Alta","Fuerte","Regular",4,1
"1780","Alta","Normal","Fuerte","Bueno",1,1
"1781","Alta","Baja","Fuerte","Malo",6,0
"1782","Normal","Normal","Leve","Regular",4,1
"1783","Alta","Alta","Leve","Regular",3,0
"1784","Alta","Baja","Fuerte","Malo",4,1
"1785","Alta","Baja","Leve","Malo",1,1
"1786","Alta","Baja","Leve","Bueno",6,1
"1787","Alta","Normal","Fuerte","Regular",6,1
"1788","Alta","Normal","Leve","Regular",5,0
"1789","Alta","Baja","Fuerte","Bueno",7,0
"1790","Alta","Normal","Leve","Bueno",4,1
"1791","Alta","Baja","Leve","Regular",3,0
"1792","Baja","Alta","Fuerte","Regular",5,0
"1793","Alta","Normal","Fuerte","Regular",3,1
"1794","Normal","Alta","Fuerte","Bueno",7,0
"1795","Alta","Alta","Fuerte","Malo",3,0
"1796","Alta","Normal","Fuerte","Regular",3,1
"1797","Alta","Baja","Fuerte","Bueno",5,0
"1798","Normal","Baja","Fuerte","Malo",3,0
"1799","Alta","Alta","Leve","Malo",8,1
"1800","Alta","Baja","Leve","Regular",4,1
"1801","Alta","Normal","Fuerte","Regular",4,1
"1802","Alta","Alta","Leve","Bueno",2,1
"1803","Alta","Normal","Leve","Malo",1,0
"1804","Normal","Alta","Fuerte","Bueno",2,1
"1805","Normal","Alta","Leve","Bueno",4,0
"1806","Baja","Alta","Fuerte","Bueno",2,1
"1807","Alta","Normal","Leve","Malo",2,1
"1808","Alta","Normal","Fuerte","Bueno",1,1
"1809","Alta","Alta","Leve","Malo",3,0
"1810","Alta","Baja","Fuerte","Regular",3,0
"1811","Alta","Normal","Leve","Regular",5,1
"1812","Alta","Alta","Leve","Bueno",4,1
"1813","Alta","Normal","Leve","Regular",9,0
"1814","Baja","Alta","Fuerte","Bueno",7,1
"1815","Alta","Baja","Leve","Regular",5,0
"1816","Alta","Normal","Fuerte","Regular",3,1
"1817","Normal","Normal","Leve","Malo",4,1
"1818","Alta","Alta","Fuerte","Bueno",2,1
"1819","Alta","Baja","Leve","Bueno",4,0
"1820","Alta","Baja","Leve","Bueno",2,0
"1821","Alta","Alta","Fuerte","Malo",4,1
"1822","Alta","Normal","Fuerte","Malo",0,1
"1823","Alta","Baja","Fuerte","Regular",9,0
"1824","Alta","Alta","Fuerte","Bueno",6,1
"1825","Alta","Alta","Leve","Regular",2,0
"1826","Alta","Alta","Fuerte","Regular",3,1
"1827","Alta","Alta","Leve","Regular",3,0
"1828","Alta","Baja","Fuerte","Regular",1,1
"1829","Alta","Normal","Fuerte","Bueno",7,0
"1830","Alta","Normal","Fuerte","Bueno",4,0
"1831","Alta","Baja","Leve","Regular",6,0
"1832","Alta","Baja","Leve","Bueno",2,0
"1833","Alta","Baja","Fuerte","Bueno",4,0
"1834","Alta","Alta","Fuerte","Bueno",8,1
"1835","Baja","Alta","Leve","Regular",5,1
"1836","Alta","Baja","Leve","Regular",2,0
"1837","Alta","Baja","Leve","Regular",8,1
"1838","Alta","Alta","Leve","Malo",2,1
"1839","Baja","Alta","Leve","Malo",5,1
"1840","Baja","Alta","Leve","Regular",3,1
"1841","Alta","Baja","Leve","Regular",5,0
"1842","Alta","Normal","Leve","Regular",2,0
"1843","Alta","Baja","Leve","Regular",6,0
"1844","Alta","Normal","Leve","Bueno",4,0
"1845","Alta","Baja","Fuerte","Regular",4,1
"1846","Normal","Normal","Fuerte","Malo",3,0
"1847","Baja","Alta","Fuerte","Regular",2,1
"1848","Normal","Normal","Fuerte","Regular",4,1
"1849","Alta","Baja","Fuerte","Regular",4,0
"1850","Alta","Alta","Fuerte","Malo",6,1
"1851","Alta","Baja","Fuerte","Regular",2,1
"1852","Alta","Baja","Fuerte","Regular",2,1
"1853","Alta","Alta","Fuerte","Bueno",8,0
"1854","Alta","Alta","Fuerte","Bueno",8,1
"1855","Alta","Baja","Leve","Malo",5,1
"1856","Alta","Alta","Fuerte","Regular",6,1
"1857","Alta","Baja","Leve","Bueno",8,0
"1858","Alta","Baja","Fuerte","Regular",5,1
"1859","Alta","Alta","Leve","Bueno",3,1
"1860","Alta","Alta","Leve","Bueno",2,0
"1861","Alta","Normal","Fuerte","Malo",3,0
"1862","Alta","Alta","Fuerte","Bueno",4,1
"1863","Normal","Normal","Fuerte","Regular",3,0
"1864","Alta","Alta","Leve","Malo",2,0
"1865","Normal","Normal","Leve","Regular",1,1
"1866","Alta","Baja","Fuerte","Regular",4,0
"1867","Normal","Normal","Leve","Regular",7,1
"1868","Alta","Normal","Leve","Malo",4,1
"1869","Alta","Baja","Leve","Regular",4,1
"1870","Normal","Alta","Fuerte","Bueno",0,1
"1871","Alta","Alta","Fuerte","Malo",5,1
"1872","Alta","Alta","Leve","Malo",6,1
"1873","Alta","Baja","Leve","Regular",1,0
"1874","Alta","Alta","Leve","Regular",6,1
"1875","Baja","Alta","Fuerte","Malo",3,0
"1876","Normal","Alta","Fuerte","Malo",2,0
"1877","Alta","Alta","Fuerte","Bueno",5,1
"1878","Normal","Baja","Fuerte","Bueno",3,0
"1879","Alta","Baja","Fuerte","Malo",4,0
"1880","Alta","Alta","Leve","Bueno",3,1
"1881","Alta","Alta","Fuerte","Regular",3,0
"1882","Alta","Baja","Fuerte","Bueno",6,0
"1883","Baja","Alta","Fuerte","Malo",8,0
"1884","Normal","Alta","Leve","Bueno",2,1
"1885","Alta","Normal","Fuerte","Bueno",5,0
"1886","Baja","Alta","Leve","Bueno",3,1
"1887","Alta","Baja","Fuerte","Bueno",5,0
"1888","Alta","Alta","Leve","Malo",1,1
"1889","Alta","Baja","Leve","Bueno",3,0
"1890","Alta","Alta","Leve","Regular",5,1
"1891","Alta","Normal","Leve","Bueno",7,1
"1892","Alta","Baja","Fuerte","Regular",9,1
"1893","Alta","Baja","Fuerte","Regular",5,0
"1894","Alta","Normal","Fuerte","Bueno",7,0
"1895","Alta","Baja","Fuerte","Regular",1,0
"1896","Alta","Baja","Fuerte","Bueno",8,0
"1897","Alta","Alta","Leve","Malo",5,1
"1898","Alta","Baja","Fuerte","Regular",4,0
"1899","Alta","Normal","Leve","Bueno",4,1
"1900","Baja","Alta","Leve","Bueno",1,1
"1901","Alta","Baja","Fuerte","Malo",5,0
"1902","Alta","Normal","Leve","Regular",9,1
"1903","Alta","Baja","Fuerte","Regular",3,0
"1904","Alta","Alta","Fuerte","Bueno",1,1
"1905","Alta","Alta","Fuerte","Regular",3,0
"1906","Alta","Baja","Fuerte","Regular",5,1
"1907","Alta","Baja","Leve","Bueno",6,1
"1908","Alta","Normal","Leve","Regular",7,1
"1909","Alta","Baja","Leve","Bueno",4,1
"1910","Alta","Normal","Leve","Regular",4,1
"1911","Baja","Baja","Leve","Regular",1,1
"1912","Alta","Baja","Fuerte","Regular",4,1
"1913","Alta","Alta","Leve","Regular",6,0
"1914","Alta","Baja","Fuerte","Malo",6,1
"1915","Normal","Normal","Leve","Bueno",6,1
"1916","Alta","Alta","Leve","Bueno",4,1
"1917","Alta","Normal","Fuerte","Regular",1,0
"1918","Alta","Baja","Fuerte","Bueno",2,0
"1919","Alta","Normal","Leve","Regular",4,1
"1920","Alta","Normal","Leve","Bueno",5,1
"1921","Alta","Baja","Fuerte","Malo",7,0
"1922","Alta","Baja","Leve","Regular",3,1
"1923","Alta","Normal","Leve","Regular",5,0
"1924","Alta","Alta","Fuerte","Regular",3,1
"1925","Normal","Normal","Leve","Bueno",3,0
"1926","Alta","Baja","Fuerte","Bueno",3,1
"1927","Alta","Baja","Fuerte","Regular",5,1
"1928","Normal","Baja","Leve","Regular",3,0
"1929","Alta","Alta","Leve","Bueno",3,0
"1930","Alta","Baja","Leve","Bueno",2,1
"1931","Normal","Baja","Fuerte","Regular",2,1
"1932","Alta","Alta","Fuerte","Bueno",5,1
"1933","Normal","Baja","Fuerte","Regular",4,0
"1934","Baja","Alta","Leve","Regular",5,1
"1935","Normal","Normal","Leve","Bueno",6,0
"1936","Alta","Alta","Fuerte","Regular",1,1
"1937","Alta","Normal","Leve","Regular",5,1
"1938","Alta","Normal","Fuerte","Malo",7,0
"1939","Alta","Alta","Leve","Regular",2,1
"1940","Baja","Alta","Fuerte","Malo",1,1
"1941","Alta","Normal","Fuerte","Bueno",7,0
"1942","Baja","Alta","Fuerte","Bueno",2,1
"1943","Alta","Alta","Fuerte","Regular",5,0
"1944","Alta","Baja","Fuerte","Bueno",6,0
"1945","Alta","Normal","Leve","Regular",3,0
"1946","Alta","Normal","Leve","Bueno",6,1
"1947","Alta","Normal","Leve","Regular",8,1
"1948","Baja","Alta","Fuerte","Bueno",8,1
"1949","Alta","Alta","Leve","Regular",4,1
"1950","Alta","Baja","Fuerte","Bueno",4,0
"1951","Normal","Normal","Leve","Regular",3,1
"1952","Alta","Baja","Leve","Regular",4,1
"1953","Alta","Baja","Fuerte","Regular",4,1
"1954","Alta","Alta","Fuerte","Bueno",4,0
"1955","Alta","Baja","Leve","Regular",2,1
"1956","Alta","Baja","Fuerte","Regular",1,0
"1957","Alta","Alta","Leve","Regular",4,1
"1958","Alta","Alta","Leve","Regular",3,1
"1959","Alta","Baja","Leve","Malo",5,0
"1960","Alta","Alta","Fuerte","Bueno",6,1
"1961","Alta","Normal","Fuerte","Regular",3,1
"1962","Alta","Normal","Leve","Malo",4,1
"1963","Baja","Alta","Fuerte","Bueno",5,1
"1964","Alta","Baja","Leve","Regular",4,1
"1965","Baja","Alta","Fuerte","Regular",5,0
"1966","Alta","Baja","Fuerte","Bueno",1,1
"1967","Alta","Normal","Leve","Regular",2,0
"1968","Alta","Normal","Fuerte","Malo",1,0
"1969","Alta","Normal","Fuerte","Bueno",4,1
"1970","Normal","Baja","Leve","Bueno",5,1
"1971","Alta","Normal","Fuerte","Regular",4,1
"1972","Alta","Alta","Fuerte","Bueno",3,1
"1973","Alta","Baja","Leve","Bueno",5,1
"1974","Alta","Alta","Leve","Regular",2,0
"1975","Alta","Baja","Leve","Bueno",7,1
"1976","Alta","Normal","Leve","Bueno",2,0
"1977","Alta","Normal","Fuerte","Regular",3,1
"1978","Alta","Baja","Leve","Regular",4,1
"1979","Baja","Alta","Leve","Bueno",5,0
"1980","Alta","Normal","Fuerte","Regular",9,1
"1981","Alta","Normal","Leve","Malo",1,1
"1982","Normal","Alta","Fuerte","Malo",4,1
"1983","Alta","Alta","Fuerte","Regular",2,1
"1984","Normal","Alta","Fuerte","Bueno",5,1
"1985","Alta","Alta","Fuerte","Malo",2,1
"1986","Alta","Alta","Leve","Bueno",2,1
"1987","Alta","Normal","Leve","Bueno",6,1
"1988","Normal","Normal","Leve","Regular",3,1
"1989","Baja","Alta","Fuerte","Malo",7,0
"1990","Normal","Normal","Fuerte","Malo",7,1
"1991","Normal","Normal","Fuerte","Regular",4,0
"1992","Normal","Baja","Fuerte","Regular",9,1
"1993","Normal","Normal","Leve","Bueno",3,1
"1994","Alta","Baja","Fuerte","Bueno",3,0
"1995","Alta","Normal","Fuerte","Malo",6,1
"1996","Alta","Baja","Leve","Malo",5,1
"1997","Alta","Baja","Leve","Regular",3,0
"1998","Alta","Alta","Fuerte","Regular",1,1
"1999","Alta","Baja","Fuerte","Regular",6,1
"2000","Normal","Alta","Fuerte","Bueno",2,1
"2001","Alta","Alta","Leve","Bueno",3,1
"2002","Baja","Alta","Leve","Malo",1,0
"2003","Alta","Baja","Fuerte","Bueno",4,1
"2004","Alta","Normal","Fuerte","Malo",5,0
"2005","Alta","Baja","Leve","Bueno",1,1
"2006","Baja","Alta","Leve","Bueno",12,0
"2007","Alta","Baja","Leve","Bueno",5,0
"2008","Alta","Baja","Leve","Malo",3,1
"2009","Baja","Normal","Fuerte","Bueno",4,1
"2010","Alta","Baja","Fuerte","Regular",3,0
"2011","Alta","Alta","Fuerte","Bueno",2,1
"2012","Alta","Normal","Fuerte","Malo",4,0
"2013","Alta","Normal","Leve","Bueno",5,1
"2014","Alta","Baja","Fuerte","Bueno",6,0
"2015","Alta","Baja","Leve","Malo",1,0
"2016","Alta","Baja","Leve","Regular",1,1
"2017","Alta","Alta","Fuerte","Regular",5,1
"2018","Alta","Baja","Leve","Bueno",4,0
"2019","Alta","Baja","Leve","Regular",4,1
"2020","Alta","Normal","Leve","Bueno",1,0
"2021","Alta","Baja","Leve","Malo",1,1
"2022","Alta","Normal","Fuerte","Regular",2,0
"2023","Alta","Alta","Fuerte","Bueno",3,1
"2024","Alta","Baja","Leve","Bueno",2,1
"2025","Alta","Alta","Fuerte","Bueno",0,1
"2026","Alta","Alta","Fuerte","Regular",7,0
"2027","Alta","Alta","Leve","Bueno",2,1
"2028","Alta","Alta","Fuerte","Malo",5,0
"2029","Alta","Normal","Fuerte","Regular",6,1
"2030","Alta","Alta","Fuerte","Regular",3,0
"2031","Alta","Normal","Leve","Bueno",2,0
"2032","Alta","Alta","Fuerte","Regular",3,1
"2033","Alta","Normal","Fuerte","Regular",6,1
"2034","Alta","Normal","Fuerte","Regular",3,1
"2035","Alta","Alta","Leve","Regular",3,1
"2036","Alta","Baja","Fuerte","Bueno",11,0
"2037","Alta","Alta","Leve","Bueno",3,1
"2038","Alta","Baja","Leve","Bueno",3,1
"2039","Normal","Normal","Leve","Bueno",5,0
"2040","Alta","Normal","Fuerte","Bueno",3,1
"2041","Alta","Normal","Leve","Bueno",2,0
"2042","Alta","Normal","Leve","Regular",2,1
"2043","Alta","Baja","Fuerte","Regular",5,1
"2044","Alta","Baja","Fuerte","Regular",2,1
"2045","Normal","Baja","Leve","Bueno",9,0
"2046","Alta","Normal","Leve","Bueno",9,1
"2047","Alta","Baja","Fuerte","Malo",4,1
"2048","Alta","Normal","Fuerte","Bueno",4,1
"2049","Alta","Baja","Fuerte","Bueno",7,0
"2050","Alta","Baja","Fuerte","Bueno",5,0
"2051","Alta","Baja","Leve","Bueno",3,1
"2052","Alta","Alta","Leve","Regular",5,0
"2053","Alta","Alta","Fuerte","Malo",4,0
"2054","Alta","Normal","Leve","Regular",5,0
"2055","Alta","Alta","Leve","Bueno",1,0
"2056","Alta","Alta","Leve","Bueno",3,0
"2057","Alta","Baja","Leve","Bueno",6,1
"2058","Normal","Normal","Leve","Regular",3,1
"2059","Alta","Normal","Fuerte","Regular",5,1
"2060","Alta","Alta","Fuerte","Regular",6,1
"2061","Alta","Normal","Fuerte","Regular",2,1
"2062","Alta","Baja","Fuerte","Malo",5,1
"2063","Alta","Baja","Leve","Regular",4,0
"2064","Alta","Normal","Fuerte","Regular",4,0
"2065","Alta","Baja","Fuerte","Bueno",4,0
"2066","Alta","Alta","Fuerte","Bueno",5,1
"2067","Normal","Normal","Leve","Regular",4,1
"2068","Alta","Alta","Fuerte","Malo",6,0
"2069","Alta","Normal","Fuerte","Regular",5,1
"2070","Alta","Baja","Fuerte","Bueno",2,1
"2071","Alta","Alta","Leve","Regular",2,0
"2072","Alta","Baja","Leve","Regular",6,1
"2073","Alta","Normal","Fuerte","Bueno",4,1
"2074","Alta","Baja","Leve","Bueno",4,0
"2075","Alta","Alta","Leve","Bueno",7,0
"2076","Normal","Normal","Fuerte","Bueno",9,1
"2077","Alta","Normal","Leve","Regular",4,1
"2078","Normal","Alta","Fuerte","Malo",5,1
"2079","Alta","Normal","Fuerte","Regular",6,0
"2080","Alta","Normal","Leve","Regular",3,1
"2081","Normal","Normal","Leve","Bueno",6,1
"2082","Alta","Alta","Leve","Regular",1,1
"2083","Alta","Baja","Fuerte","Malo",6,0
"2084","Alta","Normal","Leve","Regular",8,1
"2085","Alta","Normal","Fuerte","Regular",6,1
"2086","Alta","Alta","Leve","Regular",0,1
"2087","Normal","Alta","Fuerte","Bueno",3,1
"2088","Normal","Normal","Fuerte","Malo",7,0
"2089","Alta","Baja","Leve","Bueno",6,0
"2090","Alta","Normal","Fuerte","Bueno",2,1
"2091","Alta","Alta","Fuerte","Bueno",4,0
"2092","Alta","Normal","Leve","Regular",11,0
"2093","Alta","Baja","Fuerte","Malo",3,1
"2094","Alta","Normal","Fuerte","Malo",4,1
"2095","Alta","Baja","Leve","Regular",3,1
"2096","Alta","Baja","Fuerte","Regular",4,0
"2097","Alta","Normal","Leve","Bueno",3,1
"2098","Alta","Baja","Fuerte","Bueno",3,1
"2099","Baja","Normal","Leve","Regular",3,0
"2100","Alta","Normal","Leve","Malo",2,1
"2101","Alta","Normal","Leve","Regular",10,1
"2102","Alta","Baja","Leve","Bueno",5,0
"2103","Alta","Baja","Leve","Bueno",3,1
"2104","Baja","Alta","Fuerte","Regular",5,1
"2105","Baja","Alta","Fuerte","Bueno",1,1
"2106","Alta","Baja","Fuerte","Bueno",4,1
"2107","Normal","Normal","Fuerte","Regular",6,1
"2108","Alta","Baja","Leve","Malo",3,0
"2109","Alta","Baja","Fuerte","Malo",8,0
"2110","Alta","Baja","Leve","Bueno",1,1
"2111","Alta","Alta","Fuerte","Regular",2,1
"2112","Alta","Baja","Fuerte","Bueno",2,1
"2113","Alta","Baja","Leve","Bueno",1,1
"2114","Normal","Baja","Leve","Malo",5,0
"2115","Alta","Alta","Leve","Bueno",7,1
"2116","Alta","Normal","Fuerte","Regular",6,1
"2117","Baja","Alta","Fuerte","Bueno",0,1
"2118","Normal","Baja","Leve","Bueno",0,1
"2119","Alta","Normal","Leve","Regular",3,1
"2120","Alta","Baja","Leve","Bueno",1,1
"2121","Alta","Alta","Leve","Regular",2,0
"2122","Alta","Alta","Leve","Malo",4,1
"2123","Normal","Normal","Leve","Regular",4,1
"2124","Alta","Alta","Leve","Bueno",9,0
"2125","Alta","Normal","Fuerte","Malo",2,1
"2126","Baja","Alta","Leve","Bueno",2,1
"2127","Alta","Alta","Leve","Bueno",2,1
"2128","Normal","Normal","Fuerte","Bueno",1,1
"2129","Alta","Baja","Leve","Regular",2,1
"2130","Baja","Alta","Fuerte","Bueno",4,1
"2131","Alta","Baja","Fuerte","Regular",3,1
"2132","Alta","Normal","Fuerte","Malo",3,1
"2133","Normal","Alta","Fuerte","Bueno",8,1
"2134","Alta","Alta","Fuerte","Bueno",4,1
"2135","Alta","Baja","Leve","Regular",2,1
"2136","Normal","Normal","Fuerte","Bueno",4,0
"2137","Alta","Normal","Fuerte","Bueno",6,0
"2138","Normal","Normal","Fuerte","Regular",3,0
"2139","Normal","Normal","Leve","Bueno",2,1
"2140","Alta","Normal","Fuerte","Regular",6,1
"2141","Alta","Baja","Fuerte","Bueno",4,1
"2142","Alta","Normal","Fuerte","Regular",6,0
"2143","Alta","Baja","Fuerte","Bueno",4,1
"2144","Alta","Alta","Leve","Regular",2,0
"2145","Alta","Alta","Leve","Malo",1,1
"2146","Alta","Baja","Fuerte","Bueno",6,0
"2147","Alta","Alta","Leve","Malo",4,0
"2148","Alta","Alta","Leve","Regular",1,1
"2149","Alta","Alta","Fuerte","Bueno",3,0
"2150","Alta","Baja","Fuerte","Regular",2,1
"2151","Normal","Baja","Fuerte","Bueno",5,0
"2152","Alta","Baja","Fuerte","Bueno",6,0
"2153","Baja","Alta","Leve","Bueno",3,0
"2154","Alta","Alta","Leve","Regular",3,1
"2155","Alta","Baja","Fuerte","Malo",5,0
"2156","Alta","Normal","Fuerte","Regular",3,1
"2157","Alta","Baja","Fuerte","Bueno",9,0
"2158","Normal","Normal","Leve","Bueno",4,0
"2159","Alta","Normal","Fuerte","Bueno",1,1
"2160","Alta","Normal","Leve","Bueno",2,1
"2161","Alta","Baja","Leve","Bueno",5,1
"2162","Alta","Baja","Fuerte","Regular",3,1
"2163","Normal","Normal","Fuerte","Regular",3,0
"2164","Normal","Normal","Leve","Malo",1,0
"2165","Alta","Baja","Leve","Malo",6,1
"2166","Alta","Alta","Leve","Regular",2,1
"2167","Alta","Baja","Leve","Bueno",3,0
"2168","Alta","Baja","Fuerte","Regular",4,1
"2169","Alta","Baja","Leve","Malo",1,1
"2170","Alta","Alta","Leve","Regular",3,0
"2171","Alta","Normal","Leve","Bueno",3,0
"2172","Alta","Baja","Leve","Bueno",5,1
"2173","Alta","Baja","Fuerte","Regular",1,1
"2174","Alta","Normal","Leve","Bueno",8,1
"2175","Alta","Baja","Leve","Bueno",7,0
"2176","Alta","Normal","Fuerte","Bueno",3,1
"2177","Alta","Normal","Fuerte","Malo",5,1
"2178","Alta","Normal","Fuerte","Malo",6,0
"2179","Alta","Baja","Leve","Bueno",3,0
"2180","Alta","Alta","Leve","Regular",3,0
"2181","Baja","Alta","Leve","Regular",5,1
"2182","Normal","Normal","Fuerte","Bueno",1,0
"2183","Alta","Normal","Leve","Regular",4,0
"2184","Normal","Alta","Leve","Bueno",2,1
"2185","Normal","Normal","Leve","Regular",2,0
"2186","Alta","Alta","Leve","Malo",7,1
"2187","Alta","Normal","Leve","Bueno",1,0
"2188","Alta","Baja","Fuerte","Malo",3,0
"2189","Alta","Baja","Fuerte","Regular",3,1
"2190","Baja","Alta","Leve","Regular",1,1
"2191","Alta","Alta","Leve","Regular",5,0
"2192","Baja","Alta","Fuerte","Regular",4,1
"2193","Normal","Baja","Fuerte","Regular",6,1
"2194","Baja","Alta","Leve","Bueno",3,1
"2195","Alta","Alta","Fuerte","Bueno",2,1
"2196","Alta","Baja","Leve","Malo",2,0
"2197","Baja","Alta","Leve","Malo",3,0
"2198","Alta","Baja","Fuerte","Malo",3,0
"2199","Alta","Baja","Leve","Regular",2,0
"2200","Alta","Normal","Leve","Regular",3,1
"2201","Normal","Normal","Leve","Bueno",4,0
"2202","Alta","Normal","Fuerte","Bueno",4,0
"2203","Alta","Baja","Fuerte","Bueno",3,0
"2204","Alta","Alta","Fuerte","Regular",4,1
"2205","Baja","Alta","Fuerte","Regular",5,0
"2206","Alta","Alta","Leve","Regular",2,1
"2207","Alta","Alta","Fuerte","Regular",6,0
"2208","Alta","Baja","Leve","Malo",7,1
"2209","Alta","Normal","Leve","Regular",5,1
"2210","Alta","Baja","Leve","Bueno",2,1
"2211","Alta","Baja","Leve","Bueno",7,1
"2212","Alta","Alta","Leve","Regular",3,0
"2213","Alta","Baja","Leve","Bueno",4,1
"2214","Alta","Baja","Fuerte","Malo",4,1
"2215","Alta","Normal","Fuerte","Regular",2,1
"2216","Normal","Normal","Fuerte","Bueno",3,1
"2217","Alta","Baja","Fuerte","Regular",3,1
"2218","Alta","Normal","Leve","Regular",0,1
"2219","Alta","Baja","Leve","Regular",5,1
"2220","Alta","Alta","Leve","Bueno",9,1
"2221","Alta","Normal","Fuerte","Bueno",3,1
"2222","Baja","Alta","Leve","Bueno",6,0
"2223","Alta","Normal","Fuerte","Malo",4,0
"2224","Alta","Baja","Leve","Bueno",3,1
"2225","Alta","Alta","Leve","Bueno",6,1
"2226","Alta","Normal","Fuerte","Bueno",2,1
"2227","Alta","Baja","Leve","Regular",3,0
"2228","Alta","Normal","Leve","Malo",4,1
"2229","Alta","Normal","Leve","Bueno",4,0
"2230","Alta","Alta","Fuerte","Bueno",6,0
"2231","Alta","Normal","Fuerte","Bueno",2,1
"2232","Alta","Normal","Leve","Bueno",5,0
"2233","Alta","Alta","Leve","Bueno",2,1
"2234","Alta","Alta","Leve","Malo",5,1
"2235","Alta","Baja","Fuerte","Regular",5,0
"2236","Alta","Normal","Fuerte","Regular",7,0
"2237","Alta","Alta","Leve","Regular",6,1
"2238","Alta","Baja","Leve","Regular",2,1
"2239","Alta","Baja","Leve","Malo",1,0
"2240","Alta","Baja","Leve","Bueno",6,0
"2241","Alta","Normal","Fuerte","Bueno",7,0
"2242","Alta","Normal","Fuerte","Bueno",2,1
"2243","Alta","Alta","Leve","Regular",3,1
"2244","Normal","Normal","Leve","Regular",1,0
"2245","Alta","Normal","Leve","Malo",5,0
"2246","Alta","Baja","Leve","Regular",4,0
"2247","Alta","Baja","Leve","Regular",2,0
"2248","Alta","Alta","Leve","Bueno",3,1
"2249","Alta","Alta","Fuerte","Bueno",2,1
"2250","Alta","Normal","Fuerte","Regular",5,1
"2251","Alta","Alta","Fuerte","Regular",5,1
"2252","Alta","Alta","Leve","Bueno",3,0
"2253","Alta","Baja","Leve","Regular",5,1
"2254","Alta","Alta","Fuerte","Regular",0,1
"2255","Alta","Normal","Leve","Bueno",6,0
"2256","Alta","Baja","Fuerte","Bueno",5,0
"2257","Alta","Alta","Fuerte","Bueno",6,0
"2258","Alta","Alta","Fuerte","Malo",5,0
"2259","Normal","Baja","Leve","Malo",3,1
"2260","Alta","Alta","Leve","Malo",3,1
"2261","Alta","Alta","Leve","Malo",4,1
"2262","Alta","Alta","Leve","Bueno",2,1
"2263","Alta","Baja","Leve","Regular",5,0
"2264","Alta","Normal","Leve","Regular",5,1
"2265","Alta","Normal","Fuerte","Regular",6,1
"2266","Alta","Alta","Fuerte","Regular",5,1
"2267","Baja","Alta","Leve","Bueno",3,1
"2268","Baja","Normal","Leve","Malo",3,0
"2269","Alta","Normal","Fuerte","Regular",6,0
"2270","Alta","Baja","Leve","Bueno",3,0
"2271","Alta","Alta","Fuerte","Regular",4,1
"2272","Alta","Normal","Leve","Bueno",3,1
"2273","Alta","Alta","Leve","Regular",3,1
"2274","Normal","Normal","Fuerte","Regular",8,1
"2275","Normal","Alta","Fuerte","Regular",8,0
"2276","Alta","Normal","Leve","Bueno",3,0
"2277","Alta","Baja","Leve","Bueno",2,1
"2278","Normal","Baja","Leve","Bueno",3,0
"2279","Normal","Alta","Leve","Regular",6,0
"2280","Alta","Normal","Fuerte","Regular",2,0
"2281","Alta","Baja","Fuerte","Regular",6,0
"2282","Alta","Normal","Fuerte","Bueno",4,0
"2283","Baja","Alta","Leve","Bueno",2,1
"2284","Alta","Baja","Leve","Bueno",5,1
"2285","Baja","Alta","Fuerte","Bueno",5,0
"2286","Alta","Normal","Leve","Bueno",4,0
"2287","Alta","Alta","Leve","Bueno",5,1
"2288","Alta","Normal","Fuerte","Regular",4,0
"2289","Normal","Normal","Leve","Bueno",4,1
"2290","Alta","Normal","Fuerte","Regular",7,1
"2291","Alta","Alta","Fuerte","Malo",4,1
"2292","Baja","Alta","Fuerte","Regular",1,1
"2293","Baja","Alta","Leve","Regular",5,0
"2294","Alta","Baja","Leve","Malo",3,1
"2295","Normal","Normal","Leve","Regular",2,0
"2296","Normal","Normal","Fuerte","Regular",2,0
"2297","Alta","Normal","Fuerte","Regular",4,0
"2298","Baja","Alta","Leve","Malo",5,0
"2299","Alta","Baja","Leve","Malo",7,0
"2300","Alta","Baja","Leve","Bueno",4,1
"2301","Alta","Alta","Leve","Malo",5,0
"2302","Alta","Normal","Fuerte","Regular",4,1
"2303","Alta","Baja","Fuerte","Regular",3,1
"2304","Alta","Alta","Leve","Regular",2,0
"2305","Baja","Normal","Fuerte","Bueno",2,1
"2306","Baja","Alta","Fuerte","Regular",2,0
"2307","Alta","Normal","Leve","Bueno",4,0
"2308","Baja","Alta","Leve","Regular",4,1
"2309","Normal","Normal","Leve","Bueno",3,1
"2310","Alta","Baja","Fuerte","Regular",3,1
"2311","Alta","Normal","Leve","Malo",4,1
"2312","Baja","Alta","Leve","Bueno",4,0
"2313","Alta","Normal","Leve","Malo",1,1
"2314","Alta","Baja","Leve","Regular",4,0
"2315","Alta","Normal","Leve","Regular",6,0
"2316","Alta","Baja","Fuerte","Malo",7,0
"2317","Alta","Baja","Leve","Bueno",3,1
"2318","Alta","Baja","Fuerte","Regular",2,0
"2319","Baja","Alta","Leve","Bueno",0,1
"2320","Alta","Baja","Leve","Malo",4,0
"2321","Alta","Alta","Leve","Regular",1,1
"2322","Alta","Baja","Leve","Regular",5,1
"2323","Alta","Normal","Fuerte","Bueno",5,0
"2324","Alta","Baja","Fuerte","Bueno",1,0
"2325","Alta","Baja","Fuerte","Bueno",4,1
"2326","Alta","Normal","Fuerte","Bueno",7,0
"2327","Alta","Normal","Leve","Regular",6,1
"2328","Normal","Normal","Leve","Regular",2,1
"2329","Alta","Normal","Leve","Bueno",8,1
"2330","Normal","Baja","Leve","Regular",2,1
"2331","Alta","Alta","Leve","Regular",1,1
"2332","Alta","Baja","Leve","Bueno",6,0
"2333","Alta","Normal","Leve","Bueno",2,1
"2334","Alta","Baja","Fuerte","Bueno",2,1
"2335","Alta","Alta","Leve","Bueno",2,1
"2336","Alta","Normal","Fuerte","Bueno",1,1
"2337","Alta","Alta","Fuerte","Bueno",6,1
"2338","Alta","Baja","Fuerte","Bueno",4,1
"2339","Alta","Baja","Leve","Bueno",5,1
"2340","Normal","Baja","Leve","Regular",2,1
"2341","Alta","Normal","Fuerte","Malo",3,1
"2342","Alta","Baja","Fuerte","Regular",6,1
"2343","Alta","Normal","Fuerte","Bueno",4,0
"2344","Alta","Alta","Fuerte","Bueno",1,0
"2345","Alta","Baja","Leve","Regular",4,1
"2346","Alta","Normal","Leve","Bueno",1,0
"2347","Alta","Baja","Fuerte","Bueno",3,1
"2348","Alta","Alta","Leve","Bueno",9,1
"2349","Alta","Baja","Fuerte","Malo",6,1
"2350","Alta","Baja","Leve","Malo",4,0
"2351","Alta","Alta","Fuerte","Regular",3,1
"2352","Normal","Alta","Leve","Regular",6,1
"2353","Alta","Baja","Fuerte","Bueno",9,0
"2354","Alta","Normal","Fuerte","Bueno",5,0
"2355","Alta","Baja","Fuerte","Malo",6,0
"2356","Alta","Normal","Leve","Bueno",4,1
"2357","Alta","Alta","Leve","Regular",11,1
"2358","Alta","Baja","Fuerte","Bueno",3,0
"2359","Alta","Baja","Leve","Malo",6,0
"2360","Baja","Alta","Leve","Regular",6,1
"2361","Alta","Baja","Fuerte","Malo",8,0
"2362","Alta","Alta","Leve","Malo",2,0
"2363","Alta","Baja","Leve","Bueno",3,1
"2364","Baja","Alta","Leve","Bueno",7,0
"2365","Alta","Baja","Fuerte","Bueno",3,0
"2366","Alta","Baja","Leve","Malo",2,1
"2367","Alta","Normal","Fuerte","Bueno",6,0
"2368","Alta","Baja","Fuerte","Regular",8,1
"2369","Alta","Alta","Fuerte","Bueno",4,0
"2370","Alta","Normal","Fuerte","Bueno",3,1
"2371","Alta","Baja","Leve","Bueno",4,1
"2372","Alta","Alta","Fuerte","Bueno",3,1
"2373","Baja","Alta","Fuerte","Bueno",5,1
"2374","Alta","Normal","Leve","Bueno",2,1
"2375","Alta","Normal","Leve","Bueno",6,1
"2376","Normal","Normal","Fuerte","Malo",5,1
"2377","Alta","Baja","Fuerte","Regular",3,0
"2378","Alta","Normal","Leve","Regular",0,1
"2379","Baja","Alta","Leve","Regular",5,1
"2380","Alta","Normal","Fuerte","Regular",6,1
"2381","Alta","Baja","Fuerte","Regular",3,1
"2382","Alta","Alta","Leve","Bueno",3,1
"2383","Normal","Normal","Leve","Bueno",7,1
"2384","Alta","Alta","Leve","Regular",2,1
"2385","Alta","Baja","Fuerte","Bueno",2,1
"2386","Alta","Baja","Fuerte","Regular",2,1
"2387","Alta","Baja","Leve","Malo",4,1
"2388","Alta","Baja","Leve","Malo",6,0
"2389","Alta","Baja","Leve","Regular",3,1
"2390","Alta","Normal","Fuerte","Malo",4,1
"2391","Normal","Normal","Leve","Regular",6,0
"2392","Alta","Normal","Fuerte","Malo",7,1
"2393","Baja","Alta","Leve","Bueno",2,1
"2394","Baja","Alta","Fuerte","Bueno",6,0
"2395","Alta","Baja","Fuerte","Malo",6,0
"2396","Alta","Normal","Leve","Regular",9,1
"2397","Baja","Alta","Leve","Malo",2,0
"2398","Alta","Baja","Fuerte","Bueno",9,0
"2399","Baja","Alta","Fuerte","Regular",4,0
"2400","Alta","Baja","Fuerte","Bueno",2,0
"2401","Baja","Alta","Fuerte","Bueno",3,0
"2402","Alta","Normal","Leve","Regular",3,1
"2403","Alta","Normal","Fuerte","Bueno",5,0
"2404","Alta","Baja","Leve","Malo",5,0
"2405","Alta","Alta","Leve","Regular",6,1
"2406","Alta","Alta","Fuerte","Malo",4,0
"2407","Alta","Baja","Fuerte","Malo",5,1
"2408","Alta","Normal","Fuerte","Bueno",4,1
"2409","Normal","Normal","Leve","Malo",0,1
"2410","Alta","Baja","Leve","Regular",3,1
"2411","Alta","Alta","Leve","Regular",7,1
"2412","Alta","Normal","Fuerte","Bueno",6,0
"2413","Alta","Baja","Fuerte","Malo",4,1
"2414","Alta","Baja","Fuerte","Regular",2,1
"2415","Alta","Alta","Leve","Regular",4,1
"2416","Alta","Normal","Fuerte","Regular",5,1
"2417","Alta","Baja","Leve","Bueno",3,1
"2418","Alta","Baja","Leve","Regular",5,1
"2419","Alta","Baja","Leve","Bueno",4,1
"2420","Alta","Normal","Fuerte","Bueno",4,1
"2421","Alta","Baja","Fuerte","Malo",3,1
"2422","Alta","Normal","Leve","Malo",1,1
"2423","Alta","Alta","Fuerte","Bueno",4,0
"2424","Alta","Baja","Fuerte","Regular",1,1
"2425","Alta","Normal","Leve","Regular",1,1
"2426","Alta","Baja","Fuerte","Bueno",3,1
"2427","Alta","Baja","Leve","Bueno",1,1
"2428","Alta","Baja","Leve","Regular",6,1
"2429","Alta","Baja","Leve","Malo",1,0
"2430","Alta","Normal","Leve","Regular",8,0
"2431","Alta","Alta","Leve","Regular",2,1
"2432","Alta","Baja","Leve","Bueno",1,0
"2433","Alta","Alta","Fuerte","Malo",3,0
"2434","Alta","Normal","Fuerte","Bueno",1,0
"2435","Alta","Normal","Leve","Regular",4,1
"2436","Alta","Normal","Fuerte","Bueno",1,1
"2437","Alta","Normal","Fuerte","Malo",6,1
"2438","Baja","Alta","Fuerte","Bueno",0,1
"2439","Normal","Normal","Leve","Regular",5,0
"2440","Alta","Normal","Leve","Regular",2,1
"2441","Alta","Baja","Fuerte","Malo",4,1
"2442","Alta","Normal","Fuerte","Bueno",5,0
"2443","Alta","Alta","Fuerte","Regular",1,0
"2444","Alta","Normal","Fuerte","Malo",5,0
"2445","Alta","Baja","Fuerte","Bueno",2,1
"2446","Alta","Alta","Leve","Bueno",4,1
"2447","Alta","Normal","Leve","Regular",3,0
"2448","Alta","Alta","Fuerte","Regular",7,1
"2449","Alta","Alta","Leve","Bueno",2,1
"2450","Alta","Baja","Fuerte","Bueno",3,1
"2451","Alta","Baja","Leve","Bueno",4,1
"2452","Normal","Baja","Leve","Regular",5,1
"2453","Alta","Baja","Fuerte","Regular",2,0
"2454","Alta","Normal","Leve","Regular",3,0
"2455","Normal","Alta","Fuerte","Regular",3,1
"2456","Alta","Baja","Fuerte","Regular",5,0
"2457","Normal","Baja","Leve","Bueno",5,1
"2458","Alta","Normal","Leve","Bueno",3,0
"2459","Alta","Normal","Fuerte","Regular",5,1
"2460","Alta","Normal","Leve","Bueno",4,1
"2461","Alta","Normal","Leve","Regular",6,0
"2462","Normal","Alta","Leve","Regular",5,1
"2463","Normal","Normal","Fuerte","Malo",5,1
"2464","Alta","Baja","Leve","Regular",4,0
"2465","Alta","Normal","Leve","Bueno",3,1
"2466","Baja","Normal","Leve","Bueno",2,0
"2467","Alta","Normal","Fuerte","Bueno",2,1
"2468","Alta","Alta","Fuerte","Malo",3,0
"2469","Alta","Baja","Leve","Bueno",3,1
"2470","Normal","Baja","Leve","Bueno",2,1
"2471","Baja","Alta","Leve","Regular",5,1
"2472","Alta","Normal","Fuerte","Regular",3,1
"2473","Normal","Normal","Leve","Regular",6,1
"2474","Alta","Normal","Leve","Bueno",3,1
"2475","Alta","Normal","Fuerte","Malo",2,0
"2476","Alta","Normal","Leve","Malo",2,1
"2477","Alta","Baja","Fuerte","Malo",3,0
"2478","Alta","Alta","Fuerte","Regular",4,0
"2479","Alta","Baja","Leve","Bueno",6,0
"2480","Baja","Alta","Fuerte","Malo",2,1
"2481","Alta","Alta","Leve","Malo",10,1
"2482","Alta","Alta","Leve","Regular",6,1
"2483","Alta","Baja","Leve","Regular",13,0
"2484","Normal","Normal","Leve","Bueno",1,1
"2485","Baja","Alta","Leve","Bueno",7,0
"2486","Alta","Baja","Leve","Regular",6,1
"2487","Alta","Alta","Leve","Malo",4,1
"2488","Alta","Normal","Fuerte","Bueno",5,0
"2489","Baja","Alta","Leve","Bueno",6,0
"2490","Baja","Alta","Fuerte","Bueno",4,1
"2491","Alta","Normal","Fuerte","Regular",5,0
"2492","Baja","Alta","Leve","Bueno",1,0
"2493","Alta","Alta","Fuerte","Regular",6,0
"2494","Normal","Normal","Fuerte","Bueno",4,0
"2495","Alta","Baja","Fuerte","Malo",8,0
"2496","Alta","Baja","Leve","Regular",5,0
"2497","Baja","Alta","Leve","Regular",4,0
"2498","Alta","Alta","Fuerte","Regular",8,1
"2499","Alta","Alta","Leve","Bueno",5,1
"2500","Alta","Baja","Leve","Regular",2,0
"2501","Alta","Baja","Leve","Regular",6,1
"2502","Alta","Normal","Fuerte","Bueno",6,0
"2503","Alta","Normal","Leve","Regular",1,1
"2504","Alta","Baja","Fuerte","Regular",3,0
"2505","Alta","Alta","Fuerte","Bueno",4,1
"2506","Alta","Baja","Fuerte","Regular",4,0
"2507","Alta","Alta","Leve","Bueno",4,0
"2508","Alta","Normal","Leve","Malo",2,0
"2509","Alta","Normal","Fuerte","Regular",5,0
"2510","Alta","Baja","Fuerte","Regular",1,0
"2511","Alta","Normal","Leve","Regular",5,1
"2512","Alta","Alta","Leve","Bueno",5,0
"2513","Alta","Normal","Leve","Bueno",9,1
"2514","Alta","Baja","Fuerte","Bueno",1,0
"2515","Alta","Baja","Leve","Malo",2,0
"2516","Alta","Alta","Fuerte","Malo",2,1
"2517","Normal","Normal","Leve","Bueno",4,1
"2518","Alta","Normal","Fuerte","Malo",2,1
"2519","Alta","Baja","Fuerte","Regular",2,0
"2520","Normal","Normal","Fuerte","Regular",6,1
"2521","Baja","Alta","Fuerte","Malo",3,1
"2522","Alta","Alta","Fuerte","Regular",3,1
"2523","Alta","Normal","Leve","Malo",5,0
"2524","Baja","Alta","Leve","Bueno",2,1
"2525","Alta","Baja","Leve","Regular",2,1
"2526","Normal","Alta","Fuerte","Regular",2,0
"2527","Alta","Baja","Fuerte","Malo",7,0
"2528","Alta","Alta","Fuerte","Regular",6,1
"2529","Baja","Alta","Leve","Regular",2,1
"2530","Alta","Normal","Fuerte","Bueno",6,0
"2531","Alta","Baja","Leve","Regular",4,0
"2532","Alta","Normal","Leve","Regular",5,1
"2533","Alta","Baja","Leve","Regular",5,0
"2534","Alta","Normal","Fuerte","Malo",3,0
"2535","Alta","Baja","Leve","Bueno",3,1
"2536","Alta","Baja","Fuerte","Bueno",4,1
"2537","Alta","Baja","Leve","Bueno",5,1
"2538","Baja","Alta","Leve","Regular",8,0
"2539","Alta","Normal","Leve","Malo",3,0
"2540","Baja","Normal","Leve","Bueno",5,0
"2541","Alta","Alta","Fuerte","Bueno",5,0
"2542","Alta","Alta","Fuerte","Bueno",8,0
"2543","Alta","Normal","Fuerte","Regular",4,0
"2544","Alta","Baja","Fuerte","Regular",4,1
"2545","Normal","Baja","Fuerte","Bueno",2,1
"2546","Alta","Baja","Fuerte","Bueno",2,1
"2547","Baja","Alta","Fuerte","Regular",3,1
"2548","Alta","Baja","Fuerte","Bueno",4,1
"2549","Alta","Baja","Leve","Bueno",3,1
"2550","Alta","Baja","Fuerte","Malo",3,0
"2551","Alta","Normal","Leve","Bueno",7,1
"2552","Normal","Alta","Leve","Regular",7,0
"2553","Alta","Baja","Fuerte","Regular",2,1
"2554","Normal","Normal","Leve","Bueno",5,0
"2555","Alta","Baja","Fuerte","Bueno",3,0
"2556","Normal","Normal","Fuerte","Regular",3,0
"2557","Alta","Normal","Leve","Bueno",5,1
"2558","Alta","Normal","Leve","Malo",3,0
"2559","Alta","Alta","Leve","Bueno",2,1
"2560","Alta","Normal","Fuerte","Regular",1,1
"2561","Alta","Alta","Fuerte","Malo",4,1
"2562","Alta","Alta","Leve","Malo",3,1
"2563","Alta","Alta","Fuerte","Bueno",1,1
"2564","Alta","Alta","Leve","Bueno",5,0
"2565","Normal","Normal","Leve","Bueno",4,1
"2566","Baja","Alta","Leve","Regular",2,1
"2567","Alta","Baja","Fuerte","Bueno",9,0
"2568","Alta","Alta","Fuerte","Malo",4,0
"2569","Alta","Normal","Leve","Regular",3,0
"2570","Alta","Baja","Leve","Regular",7,1
"2571","Normal","Normal","Leve","Bueno",2,0
"2572","Alta","Baja","Fuerte","Bueno",3,0
"2573","Alta","Normal","Fuerte","Bueno",1,0
"2574","Alta","Normal","Leve","Regular",6,1
"2575","Baja","Alta","Leve","Bueno",5,0
"2576","Alta","Baja","Leve","Regular",4,0
"2577","Alta","Baja","Fuerte","Bueno",4,0
"2578","Normal","Normal","Leve","Bueno",5,1
"2579","Normal","Normal","Fuerte","Regular",4,0
"2580","Alta","Alta","Leve","Bueno",7,0
"2581","Alta","Baja","Fuerte","Regular",10,1
"2582","Alta","Alta","Fuerte","Regular",3,1
"2583","Alta","Normal","Fuerte","Bueno",4,0
"2584","Alta","Alta","Fuerte","Regular",3,0
"2585","Alta","Normal","Fuerte","Malo",5,0
"2586","Alta","Baja","Leve","Regular",3,1
"2587","Normal","Normal","Fuerte","Regular",8,0
"2588","Alta","Normal","Leve","Bueno",3,0
"2589","Alta","Alta","Fuerte","Regular",4,1
"2590","Alta","Normal","Leve","Malo",5,1
"2591","Alta","Normal","Leve","Malo",1,0
"2592","Alta","Baja","Fuerte","Malo",4,0
"2593","Alta","Baja","Leve","Bueno",2,1
"2594","Baja","Baja","Leve","Malo",4,1
"2595","Alta","Baja","Fuerte","Malo",9,0
"2596","Alta","Baja","Leve","Malo",1,1
"2597","Alta","Alta","Fuerte","Regular",7,0
"2598","Alta","Baja","Leve","Regular",4,0
"2599","Normal","Normal","Fuerte","Bueno",6,1
"2600","Alta","Baja","Leve","Regular",3,1
"2601","Alta","Baja","Fuerte","Bueno",6,0
"2602","Alta","Baja","Fuerte","Regular",0,1
"2603","Alta","Baja","Leve","Malo",2,1
"2604","Alta","Normal","Leve","Bueno",7,1
"2605","Alta","Normal","Leve","Bueno",4,1
"2606","Alta","Normal","Fuerte","Bueno",5,0
"2607","Alta","Normal","Leve","Malo",8,1
"2608","Alta","Normal","Leve","Regular",4,0
"2609","Baja","Normal","Fuerte","Malo",3,0
"2610","Alta","Baja","Fuerte","Bueno",3,0
"2611","Alta","Baja","Fuerte","Regular",5,1
"2612","Normal","Baja","Fuerte","Bueno",5,1
"2613","Alta","Normal","Leve","Regular",2,0
"2614","Alta","Baja","Leve","Regular",2,0
"2615","Alta","Baja","Leve","Bueno",5,1
"2616","Baja","Alta","Leve","Malo",1,0
"2617","Alta","Normal","Fuerte","Regular",4,0
"2618","Alta","Normal","Leve","Malo",3,1
"2619","Alta","Normal","Fuerte","Regular",4,1
"2620","Alta","Baja","Leve","Regular",7,1
"2621","Alta","Normal","Fuerte","Bueno",0,1
"2622","Alta","Normal","Fuerte","Bueno",4,1
"2623","Alta","Baja","Fuerte","Bueno",5,0
"2624","Alta","Normal","Fuerte","Regular",7,0
"2625","Baja","Alta","Leve","Bueno",6,0
"2626","Alta","Alta","Leve","Bueno",4,0
"2627","Alta","Normal","Fuerte","Regular",3,0
"2628","Alta","Alta","Fuerte","Bueno",4,1
"2629","Baja","Alta","Leve","Regular",3,0
"2630","Alta","Baja","Fuerte","Regular",6,1
"2631","Alta","Baja","Fuerte","Malo",4,0
"2632","Alta","Alta","Fuerte","Regular",6,1
"2633","Alta","Alta","Fuerte","Bueno",4,1
"2634","Alta","Alta","Fuerte","Malo",8,0
"2635","Alta","Baja","Fuerte","Bueno",5,0
"2636","Alta","Baja","Fuerte","Bueno",4,0
"2637","Alta","Baja","Fuerte","Bueno",4,1
"2638","Alta","Baja","Fuerte","Regular",6,0
"2639","Alta","Baja","Leve","Bueno",1,0
"2640","Alta","Baja","Leve","Bueno",5,1
"2641","Alta","Baja","Fuerte","Malo",3,0
"2642","Alta","Alta","Leve","Regular",5,0
"2643","Alta","Normal","Fuerte","Malo",2,1
"2644","Alta","Baja","Fuerte","Bueno",4,1
"2645","Alta","Alta","Leve","Bueno",5,1
"2646","Alta","Baja","Fuerte","Regular",3,0
"2647","Normal","Normal","Fuerte","Bueno",2,1
"2648","Alta","Baja","Leve","Regular",3,1
"2649","Alta","Alta","Fuerte","Regular",0,1
"2650","Alta","Normal","Leve","Regular",11,1
"2651","Alta","Alta","Leve","Bueno",3,1
"2652","Alta","Baja","Leve","Bueno",5,1
"2653","Normal","Alta","Leve","Regular",3,1
"2654","Normal","Normal","Leve","Bueno",4,0
"2655","Alta","Baja","Leve","Malo",3,1
"2656","Baja","Alta","Fuerte","Bueno",5,1
"2657","Alta","Alta","Fuerte","Regular",3,0
"2658","Alta","Baja","Fuerte","Bueno",4,1
"2659","Alta","Alta","Fuerte","Malo",1,1
"2660","Alta","Baja","Leve","Regular",3,0
"2661","Alta","Baja","Leve","Malo",5,0
"2662","Alta","Normal","Fuerte","Regular",6,1
"2663","Normal","Normal","Fuerte","Bueno",7,0
"2664","Alta","Normal","Fuerte","Bueno",5,0
"2665","Alta","Normal","Fuerte","Bueno",2,1
"2666","Normal","Baja","Leve","Malo",4,0
"2667","Alta","Baja","Fuerte","Malo",2,1
"2668","Alta","Alta","Leve","Malo",3,1
"2669","Baja","Alta","Fuerte","Bueno",8,0
"2670","Alta","Baja","Fuerte","Malo",2,1
"2671","Baja","Alta","Leve","Regular",5,1
"2672","Alta","Alta","Fuerte","Bueno",6,1
"2673","Alta","Alta","Leve","Malo",9,0
"2674","Baja","Alta","Leve","Bueno",6,0
"2675","Alta","Baja","Fuerte","Bueno",3,0
"2676","Normal","Normal","Leve","Malo",5,1
"2677","Alta","Alta","Fuerte","Bueno",10,0
"2678","Normal","Normal","Leve","Malo",4,0
"2679","Alta","Alta","Fuerte","Malo",6,0
"2680","Alta","Normal","Fuerte","Bueno",2,0
"2681","Alta","Alta","Leve","Regular",3,1
"2682","Baja","Alta","Fuerte","Bueno",2,1
"2683","Alta","Baja","Fuerte","Regular",3,0
"2684","Alta","Normal","Fuerte","Regular",4,0
"2685","Alta","Normal","Fuerte","Malo",2,1
"2686","Alta","Normal","Leve","Regular",3,1
"2687","Alta","Baja","Leve","Regular",10,0
"2688","Alta","Alta","Fuerte","Bueno",1,0
"2689","Alta","Baja","Fuerte","Bueno",7,0
"2690","Alta","Normal","Fuerte","Regular",3,0
"2691","Alta","Baja","Leve","Regular",4,0
"2692","Alta","Baja","Fuerte","Regular",3,1
"2693","Alta","Normal","Fuerte","Bueno",3,1
"2694","Baja","Alta","Fuerte","Malo",3,1
"2695","Alta","Normal","Fuerte","Bueno",5,0
"2696","Alta","Baja","Leve","Malo",2,0
"2697","Normal","Alta","Leve","Regular",5,1
"2698","Alta","Normal","Leve","Regular",4,0
"2699","Baja","Alta","Fuerte","Malo",3,0
"2700","Alta","Baja","Fuerte","Malo",5,1
"2701","Alta","Baja","Fuerte","Malo",6,1
"2702","Alta","Baja","Fuerte","Malo",8,0
"2703","Baja","Normal","Leve","Bueno",5,0
"2704","Alta","Baja","Leve","Regular",5,1
"2705","Alta","Baja","Fuerte","Malo",5,0
"2706","Alta","Alta","Leve","Bueno",8,0
"2707","Baja","Alta","Fuerte","Regular",4,1
"2708","Alta","Normal","Fuerte","Bueno",5,0
"2709","Alta","Alta","Fuerte","Regular",3,0
"2710","Alta","Alta","Fuerte","Bueno",3,0
"2711","Alta","Alta","Fuerte","Bueno",3,0
"2712","Alta","Alta","Fuerte","Malo",9,0
"2713","Alta","Alta","Fuerte","Bueno",3,0
"2714","Alta","Normal","Fuerte","Regular",7,1
"2715","Normal","Baja","Fuerte","Malo",7,1
"2716","Baja","Alta","Leve","Bueno",4,1
"2717","Alta","Baja","Leve","Bueno",8,1
"2718","Alta","Baja","Leve","Regular",3,1
"2719","Alta","Normal","Leve","Bueno",8,0
"2720","Alta","Baja","Leve","Bueno",3,1
"2721","Alta","Baja","Leve","Regular",4,0
"2722","Alta","Alta","Leve","Regular",6,0
"2723","Normal","Normal","Leve","Malo",2,1
"2724","Alta","Baja","Fuerte","Malo",3,0
"2725","Alta","Baja","Fuerte","Bueno",2,0
"2726","Alta","Baja","Leve","Regular",4,1
"2727","Alta","Baja","Leve","Bueno",2,1
"2728","Alta","Baja","Fuerte","Bueno",3,1
"2729","Alta","Alta","Leve","Regular",0,1
"2730","Alta","Normal","Fuerte","Regular",6,1
"2731","Alta","Normal","Fuerte","Regular",2,1
"2732","Alta","Normal","Fuerte","Bueno",3,1
"2733","Alta","Normal","Leve","Bueno",2,0
"2734","Alta","Normal","Leve","Regular",6,0
"2735","Alta","Baja","Leve","Regular",5,1
"2736","Alta","Baja","Fuerte","Regular",3,0
"2737","Alta","Normal","Fuerte","Bueno",5,0
"2738","Alta","Alta","Leve","Regular",3,0
"2739","Alta","Baja","Fuerte","Bueno",2,1
"2740","Alta","Baja","Fuerte","Malo",4,1
"2741","Alta","Alta","Leve","Bueno",3,1
"2742","Alta","Alta","Leve","Regular",5,0
"2743","Baja","Alta","Leve","Regular",0,1
"2744","Baja","Alta","Leve","Regular",7,0
"2745","Normal","Normal","Fuerte","Regular",3,1
"2746","Alta","Normal","Fuerte","Bueno",2,0
"2747","Normal","Normal","Fuerte","Regular",5,1
"2748","Alta","Baja","Fuerte","Malo",5,0
"2749","Baja","Normal","Fuerte","Malo",5,1
"2750","Alta","Normal","Fuerte","Malo",2,0
"2751","Alta","Normal","Leve","Bueno",3,1
"2752","Baja","Alta","Leve","Regular",2,0
"2753","Alta","Alta","Leve","Regular",5,1
"2754","Alta","Baja","Fuerte","Bueno",2,1
"2755","Alta","Normal","Fuerte","Regular",3,0
"2756","Alta","Baja","Fuerte","Regular",3,1
"2757","Alta","Normal","Leve","Malo",3,0
"2758","Alta","Alta","Leve","Malo",1,1
"2759","Alta","Normal","Fuerte","Bueno",5,0
"2760","Alta","Baja","Fuerte","Bueno",6,0
"2761","Alta","Alta","Fuerte","Malo",4,1
"2762","Alta","Normal","Fuerte","Bueno",2,0
"2763","Alta","Baja","Fuerte","Regular",2,0
"2764","Alta","Baja","Leve","Regular",6,1
"2765","Normal","Normal","Fuerte","Malo",5,0
"2766","Normal","Alta","Fuerte","Bueno",5,0
"2767","Alta","Alta","Fuerte","Bueno",2,0
"2768","Normal","Alta","Leve","Malo",6,1
"2769","Alta","Alta","Leve","Regular",1,1
"2770","Normal","Normal","Fuerte","Bueno",4,1
"2771","Alta","Baja","Leve","Regular",1,1
"2772","Normal","Alta","Fuerte","Regular",1,0
"2773","Alta","Normal","Leve","Bueno",4,1
"2774","Normal","Normal","Leve","Bueno",3,1
"2775","Alta","Normal","Leve","Regular",3,1
"2776","Baja","Alta","Fuerte","Regular",5,0
"2777","Alta","Normal","Leve","Malo",3,1
"2778","Alta","Baja","Leve","Regular",6,0
"2779","Alta","Normal","Fuerte","Bueno",3,0
"2780","Alta","Alta","Leve","Bueno",5,1
"2781","Alta","Normal","Fuerte","Bueno",3,0
"2782","Alta","Baja","Leve","Bueno",5,1
"2783","Alta","Alta","Leve","Regular",2,1
"2784","Baja","Alta","Leve","Bueno",4,0
"2785","Alta","Baja","Leve","Regular",2,1
"2786","Baja","Normal","Leve","Regular",6,0
"2787","Alta","Alta","Fuerte","Bueno",5,1
"2788","Alta","Baja","Fuerte","Malo",1,1
"2789","Baja","Alta","Leve","Regular",3,0
"2790","Alta","Alta","Fuerte","Bueno",4,1
"2791","Alta","Alta","Fuerte","Malo",7,0
"2792","Alta","Alta","Fuerte","Malo",5,0
"2793","Alta","Baja","Leve","Bueno",5,0
"2794","Alta","Baja","Leve","Bueno",4,0
"2795","Alta","Baja","Fuerte","Regular",7,0
"2796","Alta","Baja","Leve","Bueno",6,0
"2797","Alta","Alta","Leve","Regular",3,1
"2798","Alta","Alta","Leve","Regular",4,1
"2799","Alta","Normal","Leve","Regular",4,1
"2800","Normal","Normal","Leve","Bueno",6,1
"2801","Alta","Alta","Leve","Bueno",3,0
"2802","Alta","Baja","Fuerte","Regular",2,0
"2803","Alta","Normal","Fuerte","Bueno",9,0
"2804","Alta","Normal","Leve","Malo",3,0
"2805","Alta","Baja","Fuerte","Bueno",4,0
"2806","Alta","Baja","Leve","Bueno",3,1
"2807","Alta","Baja","Fuerte","Malo",1,0
"2808","Alta","Baja","Fuerte","Malo",6,0
"2809","Normal","Normal","Leve","Regular",4,1
"2810","Alta","Baja","Fuerte","Regular",1,1
"2811","Alta","Normal","Leve","Malo",5,1
"2812","Alta","Normal","Fuerte","Regular",5,0
"2813","Alta","Baja","Leve","Regular",3,0
"2814","Alta","Alta","Fuerte","Bueno",6,1
"2815","Alta","Normal","Leve","Regular",4,1
"2816","Alta","Normal","Fuerte","Bueno",3,1
"2817","Alta","Baja","Fuerte","Bueno",4,0
"2818","Alta","Alta","Fuerte","Bueno",5,1
"2819","Alta","Normal","Fuerte","Bueno",3,0
"2820","Alta","Alta","Fuerte","Bueno",4,0
"2821","Normal","Normal","Leve","Bueno",4,1
"2822","Baja","Alta","Fuerte","Regular",2,0
"2823","Alta","Baja","Fuerte","Bueno",5,0
"2824","Alta","Baja","Leve","Bueno",8,0
"2825","Normal","Normal","Leve","Regular",0,1
"2826","Alta","Normal","Leve","Bueno",6,0
"2827","Alta","Alta","Leve","Malo",6,0
"2828","Alta","Alta","Leve","Regular",5,1
"2829","Alta","Normal","Leve","Malo",3,1
"2830","Alta","Baja","Fuerte","Malo",3,1
"2831","Alta","Normal","Leve","Bueno",2,0
"2832","Alta","Baja","Fuerte","Bueno",3,1
"2833","Alta","Normal","Leve","Malo",4,1
"2834","Alta","Alta","Fuerte","Regular",3,0
"2835","Alta","Baja","Fuerte","Regular",5,0
"2836","Normal","Baja","Leve","Regular",7,1
"2837","Normal","Baja","Fuerte","Malo",2,1
"2838","Alta","Baja","Fuerte","Bueno",1,0
"2839","Alta","Baja","Leve","Regular",5,1
"2840","Alta","Normal","Leve","Bueno",2,1
"2841","Alta","Baja","Fuerte","Bueno",2,1
"2842","Alta","Baja","Fuerte","Regular",2,0
"2843","Alta","Baja","Fuerte","Bueno",2,1
"2844","Alta","Alta","Leve","Regular",3,1
"2845","Baja","Alta","Leve","Bueno",8,0
"2846","Normal","Baja","Leve","Regular",5,1
"2847","Alta","Alta","Fuerte","Bueno",1,1
"2848","Alta","Alta","Fuerte","Bueno",3,0
"2849","Alta","Baja","Leve","Malo",4,1
"2850","Alta","Baja","Leve","Bueno",2,0
"2851","Alta","Normal","Leve","Regular",0,1
"2852","Normal","Baja","Fuerte","Regular",3,1
"2853","Alta","Normal","Leve","Bueno",1,1
"2854","Alta","Alta","Leve","Malo",5,0
"2855","Normal","Normal","Leve","Malo",7,1
"2856","Alta","Alta","Fuerte","Malo",4,0
"2857","Alta","Normal","Fuerte","Bueno",2,0
"2858","Alta","Baja","Fuerte","Regular",6,0
"2859","Normal","Normal","Leve","Bueno",7,1
"2860","Alta","Baja","Leve","Regular",3,1
"2861","Alta","Baja","Leve","Regular",4,0
"2862","Alta","Normal","Fuerte","Bueno",2,1
"2863","Alta","Alta","Fuerte","Regular",2,1
"2864","Alta","Alta","Fuerte","Regular",7,0
"2865","Alta","Normal","Leve","Bueno",1,1
"2866","Alta","Alta","Leve","Bueno",3,1
"2867","Baja","Alta","Fuerte","Bueno",2,1
"2868","Alta","Normal","Fuerte","Bueno",1,1
"2869","Alta","Baja","Leve","Regular",2,1
"2870","Alta","Normal","Leve","Regular",7,1
"2871","Alta","Normal","Leve","Malo",3,1
"2872","Normal","Alta","Leve","Bueno",5,1
"2873","Alta","Alta","Fuerte","Malo",2,1
"2874","Alta","Normal","Leve","Regular",3,1
"2875","Baja","Alta","Leve","Regular",4,1
"2876","Baja","Alta","Fuerte","Bueno",7,0
"2877","Alta","Alta","Leve","Malo",6,1
"2878","Alta","Alta","Leve","Regular",7,0
"2879","Alta","Normal","Leve","Malo",6,1
"2880","Alta","Baja","Fuerte","Bueno",4,0
"2881","Alta","Normal","Fuerte","Bueno",4,1
"2882","Alta","Alta","Fuerte","Regular",5,1
"2883","Alta","Alta","Leve","Regular",5,0
"2884","Alta","Normal","Leve","Regular",5,1
"2885","Alta","Baja","Leve","Bueno",4,1
"2886","Alta","Baja","Fuerte","Malo",6,1
"2887","Alta","Baja","Leve","Regular",2,0
"2888","Alta","Alta","Fuerte","Bueno",3,1
"2889","Alta","Normal","Leve","Regular",7,0
"2890","Alta","Normal","Leve","Malo",2,0
"2891","Alta","Alta","Fuerte","Bueno",3,0
"2892","Baja","Alta","Leve","Bueno",4,0
"2893","Baja","Alta","Fuerte","Bueno",5,0
"2894","Alta","Baja","Leve","Malo",9,1
"2895","Alta","Normal","Leve","Regular",8,1
"2896","Baja","Alta","Leve","Regular",3,0
"2897","Alta","Alta","Fuerte","Regular",1,1
"2898","Alta","Baja","Leve","Malo",3,1
"2899","Normal","Normal","Leve","Bueno",6,1
"2900","Alta","Baja","Fuerte","Bueno",4,0
"2901","Alta","Normal","Leve","Bueno",3,1
"2902","Alta","Baja","Fuerte","Bueno",3,0
"2903","Normal","Normal","Leve","Bueno",1,1
"2904","Alta","Alta","Leve","Bueno",5,0
"2905","Alta","Baja","Fuerte","Regular",6,1
"2906","Alta","Normal","Fuerte","Regular",5,0
"2907","Alta","Alta","Fuerte","Bueno",4,0
"2908","Alta","Normal","Fuerte","Regular",3,1
"2909","Normal","Normal","Leve","Bueno",6,0
"2910","Alta","Normal","Fuerte","Regular",6,0
"2911","Alta","Normal","Fuerte","Regular",3,1
"2912","Normal","Alta","Fuerte","Malo",1,1
"2913","Normal","Alta","Leve","Bueno",8,1
"2914","Alta","Baja","Fuerte","Bueno",7,0
"2915","Alta","Baja","Fuerte","Regular",2,0
"2916","Alta","Baja","Fuerte","Regular",4,1
"2917","Normal","Alta","Fuerte","Bueno",5,1
"2918","Alta","Normal","Leve","Bueno",4,1
"2919","Alta","Normal","Leve","Regular",3,0
"2920","Alta","Normal","Fuerte","Bueno",5,0
"2921","Alta","Alta","Fuerte","Malo",6,0
"2922","Alta","Alta","Leve","Bueno",1,1
"2923","Alta","Baja","Leve","Regular",1,1
"2924","Alta","Normal","Fuerte","Bueno",3,1
"2925","Baja","Alta","Fuerte","Malo",4,0
"2926","Alta","Baja","Fuerte","Bueno",5,0
"2927","Alta","Alta","Fuerte","Malo",2,0
"2928","Alta","Alta","Fuerte","Regular",5,1
"2929","Alta","Baja","Fuerte","Regular",3,0
"2930","Alta","Normal","Fuerte","Regular",5,1
"2931","Alta","Normal","Leve","Regular",5,0
"2932","Alta","Alta","Fuerte","Bueno",3,1
"2933","Alta","Normal","Fuerte","Bueno",3,1
"2934","Alta","Alta","Leve","Regular",2,1
"2935","Alta","Alta","Fuerte","Regular",3,1
"2936","Alta","Baja","Fuerte","Malo",4,0
"2937","Baja","Alta","Leve","Malo",4,0
"2938","Alta","Alta","Fuerte","Bueno",7,0
"2939","Alta","Alta","Leve","Malo",3,0
"2940","Normal","Normal","Leve","Regular",4,1
"2941","Alta","Baja","Leve","Malo",4,1
"2942","Alta","Alta","Fuerte","Regular",6,1
"2943","Alta","Normal","Fuerte","Regular",0,1
"2944","Alta","Baja","Fuerte","Regular",3,1
"2945","Alta","Normal","Fuerte","Bueno",6,0
"2946","Alta","Normal","Leve","Bueno",4,0
"2947","Alta","Normal","Leve","Malo",4,0
"2948","Alta","Baja","Leve","Bueno",3,0
"2949","Alta","Baja","Leve","Regular",5,0
"2950","Alta","Alta","Fuerte","Regular",2,1
"2951","Alta","Alta","Fuerte","Bueno",8,1
"2952","Normal","Baja","Fuerte","Bueno",5,1
"2953","Alta","Normal","Fuerte","Bueno",6,0
"2954","Alta","Baja","Fuerte","Regular",5,0
"2955","Alta","Normal","Leve","Regular",3,1
"2956","Alta","Alta","Fuerte","Malo",3,1
"2957","Alta","Baja","Fuerte","Regular",2,0
"2958","Normal","Alta","Leve","Bueno",8,1
"2959","Alta","Alta","Leve","Bueno",3,1
"2960","Alta","Baja","Leve","Regular",1,1
"2961","Baja","Alta","Fuerte","Bueno",2,0
"2962","Alta","Alta","Leve","Bueno",5,0
"2963","Alta","Alta","Leve","Regular",7,1
"2964","Alta","Normal","Leve","Malo",3,1
"2965","Baja","Alta","Fuerte","Bueno",6,1
"2966","Alta","Alta","Leve","Bueno",3,1
"2967","Alta","Baja","Leve","Regular",3,0
"2968","Alta","Baja","Fuerte","Regular",9,1
"2969","Baja","Alta","Fuerte","Regular",2,1
"2970","Alta","Baja","Leve","Regular",3,0
"2971","Alta","Baja","Fuerte","Regular",1,0
"2972","Alta","Alta","Leve","Bueno",7,0
"2973","Alta","Normal","Leve","Regular",1,0
"2974","Alta","Normal","Leve","Malo",3,1
"2975","Alta","Baja","Fuerte","Bueno",2,0
"2976","Alta","Baja","Fuerte","Regular",2,0
"2977","Alta","Alta","Leve","Regular",3,1
"2978","Alta","Baja","Fuerte","Regular",2,1
"2979","Alta","Alta","Leve","Regular",7,1
"2980","Alta","Alta","Fuerte","Bueno",4,1
"2981","Baja","Alta","Fuerte","Bueno",3,1
"2982","Alta","Alta","Leve","Bueno",2,1
"2983","Normal","Alta","Leve","Bueno",6,0
"2984","Alta","Baja","Fuerte","Regular",2,1
"2985","Alta","Normal","Fuerte","Regular",4,0
"2986","Alta","Baja","Fuerte","Bueno",2,1
"2987","Alta","Alta","Leve","Bueno",3,0
"2988","Baja","Alta","Fuerte","Bueno",4,0
"2989","Alta","Baja","Leve","Malo",2,0
"2990","Alta","Normal","Leve","Regular",1,1
"2991","Alta","Baja","Leve","Bueno",8,0
"2992","Alta","Normal","Fuerte","Malo",7,1
"2993","Alta","Normal","Fuerte","Bueno",4,0
"2994","Alta","Baja","Fuerte","Bueno",5,0
"2995","Alta","Baja","Leve","Bueno",1,1
"2996","Alta","Baja","Leve","Regular",4,1
"2997","Alta","Alta","Fuerte","Bueno",3,1
"2998","Normal","Normal","Fuerte","Malo",0,1
"2999","Baja","Normal","Leve","Bueno",5,0
"3000","Alta","Baja","Fuerte","Bueno",4,1
"3001","Alta","Baja","Fuerte","Regular",2,1
"3002","Alta","Baja","Leve","Regular",2,0
"3003","Alta","Baja","Leve","Regular",4,1
"3004","Alta","Normal","Fuerte","Regular",2,0
"3005","Alta","Normal","Fuerte","Regular",3,1
"3006","Alta","Alta","Fuerte","Bueno",3,0
"3007","Alta","Baja","Fuerte","Bueno",7,0
"3008","Alta","Normal","Fuerte","Regular",5,1
"3009","Alta","Baja","Fuerte","Regular",3,1
"3010","Alta","Normal","Fuerte","Malo",9,0
"3011","Alta","Baja","Leve","Regular",4,1
"3012","Alta","Normal","Leve","Malo",1,0
"3013","Alta","Baja","Fuerte","Bueno",6,0
"3014","Alta","Baja","Leve","Bueno",3,0
"3015","Alta","Alta","Fuerte","Bueno",5,1
"3016","Baja","Normal","Fuerte","Bueno",4,1
"3017","Alta","Alta","Leve","Regular",0,1
"3018","Baja","Alta","Fuerte","Bueno",5,0
"3019","Alta","Normal","Leve","Regular",8,1
"3020","Alta","Baja","Leve","Bueno",2,0
"3021","Alta","Normal","Fuerte","Malo",6,1
"3022","Alta","Baja","Fuerte","Bueno",6,0
"3023","Alta","Alta","Fuerte","Malo",6,0
"3024","Alta","Baja","Fuerte","Regular",4,1
"3025","Alta","Baja","Leve","Bueno",2,1
"3026","Alta","Normal","Leve","Bueno",3,0
"3027","Alta","Normal","Leve","Regular",2,1
"3028","Alta","Baja","Fuerte","Bueno",2,1
"3029","Alta","Normal","Fuerte","Regular",3,1
"3030","Alta","Normal","Leve","Regular",1,0
"3031","Alta","Normal","Leve","Bueno",7,1
"3032","Alta","Baja","Fuerte","Malo",3,1
"3033","Normal","Baja","Fuerte","Bueno",3,1
"3034","Alta","Baja","Leve","Regular",4,1
"3035","Baja","Normal","Leve","Regular",5,1
"3036","Normal","Baja","Leve","Regular",3,1
"3037","Alta","Normal","Leve","Malo",3,0
"3038","Alta","Baja","Fuerte","Bueno",7,0
"3039","Normal","Normal","Fuerte","Malo",5,1
"3040","Alta","Alta","Fuerte","Malo",3,1
"3041","Alta","Alta","Leve","Bueno",5,1
"3042","Alta","Baja","Leve","Regular",6,0
"3043","Alta","Baja","Leve","Regular",2,0
"3044","Baja","Alta","Leve","Regular",3,0
"3045","Alta","Alta","Leve","Regular",5,0
"3046","Alta","Alta","Leve","Regular",4,1
"3047","Alta","Baja","Fuerte","Regular",4,1
"3048","Baja","Alta","Leve","Malo",3,0
"3049","Normal","Normal","Fuerte","Regular",5,1
"3050","Alta","Baja","Leve","Bueno",5,1
"3051","Alta","Baja","Fuerte","Malo",5,1
"3052","Alta","Alta","Fuerte","Malo",9,0
"3053","Alta","Alta","Leve","Malo",3,1
"3054","Alta","Alta","Fuerte","Regular",2,1
"3055","Alta","Baja","Fuerte","Regular",5,1
"3056","Alta","Alta","Fuerte","Bueno",2,1
"3057","Alta","Baja","Leve","Bueno",6,1
"3058","Alta","Alta","Leve","Bueno",2,0
"3059","Alta","Normal","Fuerte","Malo",7,1
"3060","Alta","Alta","Fuerte","Regular",2,0
"3061","Alta","Normal","Leve","Regular",3,0
"3062","Normal","Normal","Leve","Regular",1,1
"3063","Normal","Normal","Fuerte","Regular",5,1
"3064","Alta","Normal","Leve","Bueno",3,0
"3065","Alta","Alta","Leve","Regular",7,0
"3066","Alta","Alta","Fuerte","Regular",4,0
"3067","Alta","Normal","Fuerte","Regular",4,0
"3068","Alta","Normal","Fuerte","Malo",3,0
"3069","Baja","Alta","Fuerte","Regular",5,1
"3070","Alta","Alta","Leve","Bueno",2,1
"3071","Normal","Normal","Leve","Regular",4,1
"3072","Alta","Alta","Leve","Regular",3,1
"3073","Alta","Baja","Leve","Regular",5,1
"3074","Baja","Alta","Leve","Regular",4,0
"3075","Baja","Alta","Leve","Bueno",7,0
"3076","Alta","Alta","Fuerte","Regular",6,1
"3077","Alta","Baja","Leve","Bueno",4,1
"3078","Alta","Normal","Fuerte","Bueno",3,0
"3079","Alta","Normal","Leve","Malo",1,1
"3080","Alta","Normal","Leve","Bueno",3,0
"3081","Alta","Alta","Leve","Regular",4,0
"3082","Alta","Normal","Fuerte","Malo",1,1
"3083","Alta","Alta","Fuerte","Bueno",3,1
"3084","Alta","Normal","Leve","Bueno",6,1
"3085","Alta","Baja","Leve","Bueno",8,1
"3086","Normal","Normal","Leve","Bueno",4,1
"3087","Alta","Normal","Fuerte","Regular",2,1
"3088","Alta","Baja","Leve","Malo",5,1
"3089","Alta","Baja","Fuerte","Bueno",3,1
"3090","Alta","Alta","Leve","Bueno",3,0
"3091","Baja","Baja","Leve","Regular",6,1
"3092","Alta","Normal","Leve","Regular",6,1
"3093","Alta","Baja","Fuerte","Bueno",3,1
"3094","Alta","Baja","Leve","Malo",7,1
"3095","Normal","Alta","Leve","Malo",5,0
"3096","Baja","Alta","Fuerte","Bueno",2,1
"3097","Alta","Alta","Leve","Bueno",6,1
"3098","Alta","Alta","Leve","Bueno",5,1
"3099","Baja","Alta","Leve","Bueno",8,0
"3100","Alta","Baja","Leve","Regular",2,1
"3101","Alta","Baja","Leve","Bueno",3,1
"3102","Alta","Alta","Fuerte","Bueno",4,0
"3103","Baja","Alta","Leve","Bueno",12,0
"3104","Alta","Baja","Leve","Regular",7,1
"3105","Alta","Normal","Fuerte","Malo",6,1
"3106","Baja","Alta","Fuerte","Regular",1,0
"3107","Alta","Alta","Leve","Bueno",3,0
"3108","Alta","Normal","Leve","Bueno",1,0
"3109","Normal","Alta","Fuerte","Bueno",2,1
"3110","Alta","Baja","Leve","Regular",5,1
"3111","Alta","Alta","Leve","Regular",4,1
"3112","Alta","Normal","Leve","Bueno",3,1
"3113","Baja","Normal","Fuerte","Regular",5,1
"3114","Alta","Alta","Fuerte","Bueno",3,1
"3115","Alta","Normal","Leve","Regular",2,1
"3116","Alta","Baja","Fuerte","Bueno",3,1
"3117","Alta","Normal","Fuerte","Malo",1,1
"3118","Alta","Alta","Leve","Bueno",0,1
"3119","Alta","Normal","Fuerte","Regular",0,1
"3120","Alta","Baja","Fuerte","Bueno",5,0
"3121","Alta","Alta","Fuerte","Bueno",5,0
"3122","Alta","Alta","Leve","Malo",3,0
"3123","Alta","Alta","Leve","Regular",1,1
"3124","Alta","Alta","Leve","Regular",3,0
"3125","Alta","Normal","Leve","Regular",2,1
"3126","Alta","Baja","Fuerte","Bueno",7,0
"3127","Baja","Alta","Leve","Regular",3,0
"3128","Alta","Alta","Leve","Bueno",3,1
"3129","Alta","Alta","Leve","Bueno",1,0
"3130","Alta","Normal","Leve","Bueno",5,1
"3131","Alta","Alta","Fuerte","Regular",5,0
"3132","Alta","Alta","Fuerte","Bueno",4,0
"3133","Alta","Normal","Leve","Regular",1,0
"3134","Normal","Normal","Fuerte","Bueno",0,1
"3135","Alta","Normal","Leve","Regular",2,0
"3136","Alta","Alta","Leve","Regular",4,0
"3137","Baja","Alta","Fuerte","Regular",3,1
"3138","Alta","Normal","Leve","Regular",2,0
"3139","Alta","Baja","Leve","Bueno",6,1
"3140","Alta","Baja","Fuerte","Bueno",2,0
"3141","Baja","Alta","Fuerte","Bueno",2,1
"3142","Alta","Baja","Leve","Bueno",4,1
"3143","Alta","Alta","Fuerte","Bueno",3,0
"3144","Alta","Normal","Leve","Bueno",4,1
"3145","Normal","Normal","Fuerte","Malo",5,1
"3146","Alta","Normal","Fuerte","Regular",4,1
"3147","Normal","Normal","Fuerte","Bueno",2,1
"3148","Alta","Normal","Fuerte","Malo",5,1
"3149","Alta","Normal","Leve","Bueno",4,0
"3150","Alta","Alta","Leve","Malo",7,1
"3151","Alta","Baja","Fuerte","Malo",3,1
"3152","Alta","Baja","Leve","Bueno",9,0
"3153","Alta","Baja","Fuerte","Bueno",9,0
"3154","Alta","Baja","Leve","Bueno",0,1
"3155","Alta","Baja","Fuerte","Bueno",5,0
"3156","Alta","Alta","Fuerte","Bueno",1,0
"3157","Alta","Alta","Leve","Regular",7,0
"3158","Alta","Alta","Fuerte","Regular",5,0
"3159","Alta","Alta","Leve","Malo",4,0
"3160","Normal","Normal","Fuerte","Regular",2,1
"3161","Alta","Alta","Fuerte","Bueno",5,1
"3162","Alta","Alta","Fuerte","Bueno",3,0
"3163","Normal","Normal","Leve","Bueno",8,0
"3164","Alta","Normal","Fuerte","Bueno",5,0
"3165","Alta","Baja","Leve","Malo",4,1
"3166","Alta","Baja","Fuerte","Regular",3,1
"3167","Alta","Alta","Fuerte","Regular",2,0
"3168","Alta","Alta","Leve","Malo",5,0
"3169","Alta","Baja","Leve","Regular",6,1
"3170","Alta","Baja","Leve","Regular",3,1
"3171","Alta","Baja","Fuerte","Regular",3,1
"3172","Alta","Normal","Leve","Regular",5,1
"3173","Alta","Alta","Fuerte","Regular",6,0
"3174","Alta","Baja","Fuerte","Regular",5,0
"3175","Alta","Baja","Leve","Bueno",5,0
"3176","Alta","Baja","Leve","Malo",4,1
"3177","Alta","Baja","Leve","Regular",4,0
"3178","Alta","Baja","Leve","Regular",6,0
"3179","Alta","Alta","Fuerte","Malo",2,1
"3180","Alta","Alta","Fuerte","Regular",3,0
"3181","Baja","Normal","Leve","Regular",4,0
"3182","Alta","Baja","Fuerte","Regular",3,1
"3183","Alta","Normal","Leve","Regular",4,1
"3184","Alta","Alta","Leve","Bueno",2,1
"3185","Alta","Normal","Leve","Regular",3,0
"3186","Alta","Baja","Fuerte","Malo",5,0
"3187","Alta","Alta","Fuerte","Bueno",4,1
"3188","Alta","Alta","Fuerte","Malo",5,1
"3189","Alta","Alta","Fuerte","Bueno",6,1
"3190","Alta","Alta","Leve","Regular",5,1
"3191","Alta","Normal","Leve","Malo",2,1
"3192","Alta","Normal","Leve","Regular",1,1
"3193","Alta","Baja","Fuerte","Malo",3,0
"3194","Alta","Normal","Leve","Bueno",6,1
"3195","Alta","Baja","Leve","Regular",0,1
"3196","Alta","Baja","Fuerte","Malo",4,1
"3197","Alta","Baja","Leve","Regular",4,0
"3198","Alta","Alta","Fuerte","Regular",4,1
"3199","Alta","Alta","Leve","Regular",6,0
"3200","Alta","Normal","Fuerte","Bueno",2,1
"3201","Normal","Normal","Fuerte","Bueno",5,0
"3202","Alta","Baja","Leve","Bueno",3,0
"3203","Alta","Alta","Leve","Bueno",4,1
"3204","Alta","Normal","Fuerte","Malo",5,1
"3205","Alta","Normal","Fuerte","Regular",2,0
"3206","Alta","Alta","Fuerte","Regular",5,1
"3207","Normal","Normal","Fuerte","Bueno",3,1
"3208","Alta","Baja","Fuerte","Regular",5,0
"3209","Alta","Baja","Leve","Bueno",4,0
"3210","Alta","Baja","Leve","Bueno",1,0
"3211","Alta","Alta","Leve","Bueno",3,1
"3212","Normal","Normal","Fuerte","Bueno",3,0
"3213","Baja","Alta","Fuerte","Regular",4,1
"3214","Alta","Baja","Fuerte","Bueno",4,1
"3215","Alta","Alta","Leve","Regular",10,1
"3216","Alta","Baja","Fuerte","Bueno",4,0
"3217","Alta","Normal","Leve","Malo",7,0
"3218","Alta","Baja","Fuerte","Regular",1,0
"3219","Alta","Baja","Leve","Bueno",8,1
"3220","Alta","Baja","Leve","Regular",5,0
"3221","Alta","Baja","Leve","Malo",3,0
"3222","Alta","Baja","Fuerte","Malo",5,1
"3223","Alta","Baja","Fuerte","Bueno",4,1
"3224","Alta","Baja","Leve","Bueno",7,0
"3225","Alta","Baja","Leve","Bueno",3,1
"3226","Alta","Alta","Leve","Regular",5,1
"3227","Normal","Baja","Leve","Malo",6,0
"3228","Alta","Baja","Fuerte","Regular",6,1
"3229","Normal","Normal","Leve","Bueno",4,1
"3230","Baja","Normal","Fuerte","Regular",2,1
"3231","Normal","Normal","Fuerte","Bueno",1,0
"3232","Alta","Normal","Fuerte","Regular",1,0
"3233","Alta","Baja","Leve","Bueno",2,0
"3234","Alta","Alta","Leve","Regular",3,1
"3235","Alta","Normal","Fuerte","Regular",3,0
"3236","Normal","Normal","Fuerte","Malo",5,1
"3237","Alta","Alta","Fuerte","Regular",5,0
"3238","Alta","Alta","Fuerte","Regular",5,1
"3239","Alta","Baja","Fuerte","Regular",4,1
"3240","Alta","Baja","Leve","Malo",6,0
"3241","Alta","Baja","Fuerte","Bueno",2,0
"3242","Alta","Baja","Fuerte","Bueno",2,1
"3243","Alta","Normal","Fuerte","Regular",3,1
"3244","Baja","Alta","Leve","Regular",6,0
"3245","Normal","Baja","Leve","Bueno",3,0
"3246","Alta","Normal","Leve","Bueno",3,1
"3247","Alta","Alta","Fuerte","Bueno",2,1
"3248","Alta","Normal","Fuerte","Regular",5,1
"3249","Normal","Normal","Leve","Malo",3,0
"3250","Normal","Alta","Leve","Malo",3,1
"3251","Alta","Baja","Fuerte","Regular",5,0
"3252","Alta","Normal","Leve","Regular",2,1
"3253","Alta","Baja","Fuerte","Bueno",4,0
"3254","Alta","Baja","Leve","Regular",5,1
"3255","Alta","Alta","Fuerte","Bueno",10,1
"3256","Alta","Baja","Fuerte","Bueno",7,0
"3257","Alta","Alta","Leve","Bueno",3,1
"3258","Alta","Alta","Fuerte","Bueno",2,1
"3259","Baja","Alta","Fuerte","Malo",4,1
"3260","Alta","Baja","Leve","Regular",1,1
"3261","Normal","Normal","Fuerte","Bueno",3,0
"3262","Baja","Normal","Leve","Bueno",5,0
"3263","Alta","Baja","Leve","Bueno",3,1
"3264","Alta","Alta","Leve","Bueno",3,1
"3265","Alta","Normal","Fuerte","Bueno",2,1
"3266","Alta","Normal","Leve","Regular",4,0
"3267","Alta","Alta","Fuerte","Bueno",4,1
"3268","Baja","Alta","Leve","Bueno",4,1
"3269","Alta","Normal","Leve","Bueno",6,1
"3270","Alta","Normal","Fuerte","Regular",5,0
"3271","Normal","Baja","Fuerte","Bueno",5,0
"3272","Alta","Baja","Leve","Malo",5,0
"3273","Normal","Baja","Fuerte","Bueno",5,0
"3274","Alta","Normal","Fuerte","Regular",4,1
"3275","Alta","Normal","Leve","Regular",2,1
"3276","Alta","Alta","Leve","Bueno",3,1
"3277","Alta","Baja","Fuerte","Regular",4,1
"3278","Alta","Alta","Leve","Bueno",2,1
"3279","Alta","Alta","Fuerte","Malo",3,1
"3280","Alta","Alta","Fuerte","Malo",5,0
"3281","Alta","Normal","Leve","Regular",8,1
"3282","Alta","Baja","Leve","Malo",5,1
"3283","Alta","Baja","Leve","Regular",6,0
"3284","Alta","Normal","Fuerte","Bueno",3,1
"3285","Alta","Normal","Fuerte","Bueno",1,0
"3286","Alta","Alta","Fuerte","Bueno",8,0
"3287","Alta","Baja","Leve","Malo",5,0
"3288","Alta","Alta","Leve","Malo",6,1
"3289","Alta","Baja","Leve","Bueno",3,1
"3290","Baja","Alta","Fuerte","Regular",1,1
"3291","Baja","Alta","Leve","Bueno",6,0
"3292","Alta","Baja","Leve","Malo",2,0
"3293","Alta","Normal","Leve","Bueno",2,1
"3294","Alta","Baja","Leve","Bueno",5,1
"3295","Normal","Alta","Fuerte","Malo",1,1
"3296","Alta","Normal","Leve","Regular",4,1
"3297","Alta","Baja","Leve","Bueno",2,1
"3298","Baja","Alta","Fuerte","Malo",5,0
"3299","Alta","Alta","Leve","Bueno",3,1
"3300","Alta","Normal","Fuerte","Malo",8,0
"3301","Alta","Alta","Leve","Regular",3,1
"3302","Alta","Normal","Fuerte","Regular",7,1
"3303","Alta","Alta","Fuerte","Bueno",6,1
"3304","Alta","Baja","Fuerte","Bueno",8,0
"3305","Alta","Normal","Fuerte","Regular",5,1
"3306","Alta","Normal","Fuerte","Regular",4,1
"3307","Alta","Alta","Fuerte","Regular",4,0
"3308","Alta","Baja","Fuerte","Regular",0,1
"3309","Alta","Alta","Leve","Regular",5,0
"3310","Normal","Alta","Fuerte","Regular",4,0
"3311","Baja","Alta","Leve","Bueno",5,0
"3312","Alta","Alta","Fuerte","Regular",2,0
"3313","Alta","Normal","Fuerte","Bueno",3,0
"3314","Alta","Baja","Fuerte","Regular",2,1
"3315","Alta","Alta","Leve","Regular",3,1
"3316","Normal","Normal","Leve","Regular",8,1
"3317","Alta","Normal","Fuerte","Bueno",4,1
"3318","Alta","Normal","Leve","Bueno",4,1
"3319","Baja","Normal","Leve","Bueno",5,0
"3320","Alta","Alta","Fuerte","Bueno",2,1
"3321","Alta","Normal","Leve","Bueno",3,0
"3322","Alta","Baja","Leve","Regular",6,1
"3323","Baja","Alta","Leve","Bueno",3,1
"3324","Alta","Alta","Leve","Bueno",2,1
"3325","Alta","Baja","Fuerte","Malo",5,1
"3326","Alta","Alta","Fuerte","Bueno",3,1
"3327","Alta","Alta","Leve","Malo",2,1
"3328","Alta","Baja","Leve","Regular",3,1
"3329","Alta","Baja","Fuerte","Bueno",2,1
"3330","Alta","Normal","Fuerte","Regular",2,0
"3331","Normal","Alta","Leve","Bueno",3,0
"3332","Alta","Baja","Fuerte","Regular",4,0
"3333","Alta","Baja","Fuerte","Regular",6,0
"3334","Normal","Baja","Leve","Malo",3,1
"3335","Alta","Baja","Fuerte","Bueno",4,0
"3336","Alta","Baja","Fuerte","Bueno",7,0
"3337","Alta","Baja","Fuerte","Malo",2,1
"3338","Normal","Alta","Leve","Regular",4,0
"3339","Alta","Alta","Fuerte","Bueno",3,1
"3340","Alta","Alta","Leve","Bueno",3,1
"3341","Alta","Baja","Leve","Bueno",3,0
"3342","Baja","Alta","Leve","Regular",3,1
"3343","Normal","Normal","Fuerte","Regular",7,0
"3344","Baja","Alta","Fuerte","Regular",7,0
"3345","Alta","Normal","Leve","Bueno",3,1
"3346","Alta","Normal","Fuerte","Regular",5,1
"3347","Normal","Normal","Fuerte","Malo",0,1
"3348","Alta","Baja","Leve","Regular",3,1
"3349","Alta","Normal","Leve","Bueno",8,1
"3350","Alta","Alta","Fuerte","Regular",5,1
"3351","Alta","Normal","Fuerte","Bueno",0,1
"3352","Alta","Baja","Fuerte","Bueno",5,0
"3353","Normal","Alta","Leve","Malo",1,1
"3354","Alta","Normal","Leve","Malo",6,1
"3355","Normal","Normal","Leve","Regular",5,1
"3356","Alta","Alta","Fuerte","Regular",9,1
"3357","Alta","Normal","Leve","Regular",4,1
"3358","Alta","Baja","Fuerte","Bueno",5,0
"3359","Alta","Baja","Leve","Malo",5,1
"3360","Normal","Normal","Leve","Malo",6,1
"3361","Alta","Alta","Fuerte","Regular",4,0
"3362","Alta","Baja","Fuerte","Bueno",8,0
"3363","Alta","Alta","Leve","Regular",7,0
"3364","Alta","Baja","Fuerte","Regular",2,0
"3365","Alta","Baja","Leve","Regular",0,1
"3366","Alta","Normal","Fuerte","Malo",3,1
"3367","Alta","Baja","Leve","Bueno",2,1
"3368","Alta","Baja","Leve","Bueno",4,1
"3369","Alta","Alta","Fuerte","Bueno",6,1
"3370","Alta","Alta","Fuerte","Malo",7,0
"3371","Alta","Baja","Fuerte","Regular",0,1
"3372","Alta","Normal","Fuerte","Bueno",2,1
"3373","Alta","Baja","Fuerte","Bueno",2,1
"3374","Alta","Normal","Leve","Regular",2,0
"3375","Baja","Alta","Fuerte","Regular",6,1
"3376","Alta","Baja","Fuerte","Regular",1,1
"3377","Alta","Baja","Fuerte","Bueno",3,0
"3378","Baja","Alta","Fuerte","Regular",4,1
"3379","Alta","Baja","Leve","Bueno",4,0
"3380","Alta","Normal","Fuerte","Bueno",5,0
"3381","Alta","Baja","Leve","Malo",4,0
"3382","Alta","Baja","Leve","Bueno",3,0
"3383","Alta","Baja","Fuerte","Malo",3,0
"3384","Alta","Alta","Leve","Bueno",6,1
"3385","Alta","Normal","Fuerte","Regular",3,0
"3386","Normal","Alta","Leve","Malo",8,1
"3387","Alta","Baja","Fuerte","Malo",7,0
"3388","Alta","Baja","Fuerte","Bueno",5,0
"3389","Normal","Baja","Leve","Malo",9,1
"3390","Alta","Baja","Leve","Malo",11,1
"3391","Normal","Normal","Fuerte","Bueno",5,1
"3392","Alta","Alta","Leve","Malo",6,1
"3393","Alta","Baja","Fuerte","Malo",5,0
"3394","Baja","Alta","Leve","Malo",9,1
"3395","Alta","Alta","Fuerte","Regular",0,1
"3396","Alta","Alta","Fuerte","Regular",3,1
"3397","Alta","Alta","Leve","Regular",4,1
"3398","Alta","Baja","Fuerte","Bueno",4,1
"3399","Alta","Normal","Fuerte","Regular",4,1
"3400","Alta","Baja","Fuerte","Bueno",0,1
"3401","Alta","Alta","Fuerte","Regular",5,1
"3402","Alta","Normal","Fuerte","Malo",6,0
"3403","Alta","Baja","Leve","Bueno",0,1
"3404","Alta","Baja","Leve","Malo",0,1
"3405","Alta","Normal","Leve","Bueno",4,0
"3406","Alta","Baja","Fuerte","Malo",7,0
"3407","Alta","Alta","Leve","Malo",3,1
"3408","Alta","Normal","Fuerte","Malo",3,1
"3409","Alta","Normal","Fuerte","Bueno",6,0
"3410","Alta","Alta","Fuerte","Regular",6,0
"3411","Alta","Normal","Leve","Regular",4,0
"3412","Alta","Baja","Fuerte","Bueno",7,0
"3413","Alta","Baja","Fuerte","Bueno",2,1
"3414","Alta","Normal","Leve","Bueno",8,1
"3415","Alta","Baja","Fuerte","Bueno",3,1
"3416","Alta","Alta","Leve","Bueno",4,1
"3417","Alta","Alta","Fuerte","Bueno",4,1
"3418","Baja","Alta","Fuerte","Regular",2,0
"3419","Normal","Alta","Leve","Regular",4,1
"3420","Baja","Alta","Leve","Regular",5,0
"3421","Alta","Normal","Leve","Regular",2,1
"3422","Alta","Baja","Fuerte","Bueno",2,1
"3423","Alta","Normal","Leve","Bueno",1,1
"3424","Alta","Baja","Leve","Bueno",2,0
"3425","Alta","Baja","Leve","Malo",1,0
"3426","Alta","Normal","Leve","Bueno",4,0
"3427","Alta","Normal","Leve","Regular",4,0
"3428","Baja","Alta","Leve","Regular",2,0
"3429","Alta","Alta","Fuerte","Malo",5,0
"3430","Alta","Baja","Leve","Regular",5,0
"3431","Alta","Alta","Leve","Bueno",2,1
"3432","Baja","Alta","Leve","Bueno",5,0
"3433","Alta","Normal","Fuerte","Bueno",6,0
"3434","Alta","Baja","Fuerte","Regular",4,1
"3435","Alta","Normal","Fuerte","Regular",7,0
"3436","Baja","Alta","Fuerte","Regular",5,1
"3437","Alta","Baja","Fuerte","Regular",4,0
"3438","Alta","Normal","Leve","Malo",8,0
"3439","Alta","Normal","Fuerte","Bueno",2,1
"3440","Baja","Baja","Fuerte","Regular",6,1
"3441","Baja","Alta","Fuerte","Malo",0,1
"3442","Normal","Normal","Fuerte","Bueno",3,1
"3443","Alta","Baja","Fuerte","Regular",4,1
"3444","Alta","Alta","Leve","Bueno",6,1
"3445","Baja","Alta","Leve","Regular",7,1
"3446","Alta","Baja","Fuerte","Malo",4,1
"3447","Alta","Baja","Leve","Malo",7,1
"3448","Alta","Baja","Fuerte","Malo",3,0
"3449","Alta","Alta","Leve","Regular",8,1
"3450","Alta","Normal","Leve","Malo",8,1
"3451","Alta","Normal","Fuerte","Regular",2,1
"3452","Alta","Baja","Fuerte","Bueno",1,1
"3453","Normal","Normal","Leve","Regular",3,1
"3454","Alta","Baja","Leve","Regular",4,1
"3455","Alta","Baja","Fuerte","Regular",3,0
"3456","Alta","Baja","Fuerte","Bueno",3,1
"3457","Alta","Baja","Fuerte","Regular",3,0
"3458","Alta","Baja","Leve","Bueno",2,1
"3459","Alta","Baja","Leve","Bueno",2,1
"3460","Alta","Alta","Fuerte","Bueno",6,1
"3461","Alta","Normal","Leve","Bueno",1,0
"3462","Alta","Baja","Leve","Regular",4,1
"3463","Alta","Alta","Leve","Malo",1,0
"3464","Normal","Baja","Fuerte","Malo",5,1
"3465","Alta","Baja","Leve","Malo",7,0
"3466","Baja","Alta","Fuerte","Regular",2,1
"3467","Normal","Normal","Fuerte","Regular",4,0
"3468","Alta","Alta","Fuerte","Bueno",2,1
"3469","Alta","Baja","Leve","Malo",8,1
"3470","Baja","Normal","Fuerte","Bueno",3,1
"3471","Alta","Baja","Leve","Regular",3,1
"3472","Alta","Baja","Leve","Regular",5,0
"3473","Alta","Alta","Leve","Regular",3,1
"3474","Alta","Normal","Fuerte","Regular",4,1
"3475","Alta","Normal","Fuerte","Malo",5,0
"3476","Alta","Baja","Leve","Bueno",4,0
"3477","Alta","Alta","Leve","Malo",8,1
"3478","Alta","Baja","Fuerte","Malo",3,1
"3479","Normal","Normal","Leve","Malo",8,0
"3480","Alta","Alta","Fuerte","Bueno",3,1
"3481","Alta","Baja","Leve","Regular",8,1
"3482","Alta","Normal","Leve","Regular",2,0
"3483","Alta","Baja","Leve","Malo",3,1
"3484","Normal","Baja","Leve","Bueno",3,1
"3485","Alta","Baja","Leve","Regular",2,0
"3486","Alta","Alta","Leve","Regular",3,0
"3487","Alta","Alta","Fuerte","Regular",2,0
"3488","Alta","Alta","Leve","Regular",6,1
"3489","Alta","Baja","Leve","Bueno",4,0
"3490","Alta","Baja","Fuerte","Bueno",1,1
"3491","Normal","Normal","Fuerte","Bueno",3,0
"3492","Alta","Baja","Leve","Bueno",6,1
"3493","Alta","Normal","Leve","Malo",6,1
"3494","Alta","Alta","Fuerte","Bueno",4,0
"3495","Alta","Baja","Leve","Regular",5,1
"3496","Alta","Normal","Fuerte","Bueno",2,1
"3497","Alta","Baja","Fuerte","Malo",1,1
"3498","Alta","Normal","Leve","Malo",2,1
"3499","Alta","Baja","Fuerte","Bueno",6,0
"3500","Alta","Alta","Leve","Regular",4,1
"3501","Alta","Alta","Leve","Malo",12,0
"3502","Alta","Baja","Fuerte","Bueno",3,0
"3503","Alta","Alta","Leve","Bueno",3,1
"3504","Alta","Alta","Fuerte","Regular",5,1
"3505","Alta","Baja","Fuerte","Regular",2,1
"3506","Alta","Alta","Fuerte","Regular",2,0
"3507","Alta","Baja","Fuerte","Bueno",2,1
"3508","Alta","Baja","Leve","Bueno",1,1
"3509","Alta","Baja","Fuerte","Bueno",4,1
"3510","Alta","Baja","Fuerte","Bueno",5,0
"3511","Alta","Normal","Leve","Malo",8,1
"3512","Alta","Baja","Leve","Bueno",4,1
"3513","Alta","Alta","Leve","Bueno",5,1
"3514","Alta","Baja","Fuerte","Regular",3,1
"3515","Alta","Alta","Fuerte","Regular",4,0
"3516","Alta","Normal","Fuerte","Regular",5,1
"3517","Alta","Alta","Leve","Bueno",3,0
"3518","Alta","Normal","Fuerte","Malo",5,1
"3519","Alta","Baja","Fuerte","Malo",6,0
"3520","Alta","Normal","Leve","Regular",3,1
"3521","Alta","Alta","Leve","Bueno",11,1
"3522","Alta","Alta","Fuerte","Bueno",5,0
"3523","Baja","Alta","Fuerte","Malo",1,1
"3524","Alta","Normal","Fuerte","Bueno",3,0
"3525","Alta","Normal","Fuerte","Regular",4,1
"3526","Alta","Baja","Leve","Malo",1,0
"3527","Alta","Baja","Leve","Regular",4,0
"3528","Alta","Normal","Leve","Regular",4,1
"3529","Alta","Baja","Fuerte","Bueno",4,0
"3530","Alta","Alta","Leve","Malo",3,0
"3531","Alta","Baja","Leve","Malo",5,1
"3532","Alta","Normal","Fuerte","Regular",4,1
"3533","Alta","Alta","Leve","Malo",3,1
"3534","Alta","Baja","Leve","Malo",7,0
"3535","Normal","Normal","Leve","Bueno",2,1
"3536","Alta","Normal","Fuerte","Bueno",3,0
"3537","Alta","Baja","Fuerte","Malo",9,0
"3538","Baja","Alta","Fuerte","Regular",7,1
"3539","Alta","Baja","Fuerte","Bueno",4,0
"3540","Alta","Alta","Leve","Bueno",3,1
"3541","Alta","Baja","Leve","Malo",5,0
"3542","Alta","Normal","Leve","Regular",3,1
"3543","Alta","Alta","Fuerte","Regular",5,0
"3544","Alta","Baja","Leve","Regular",7,1
"3545","Alta","Alta","Fuerte","Malo",2,0
"3546","Alta","Alta","Leve","Bueno",1,1
"3547","Baja","Baja","Fuerte","Regular",2,1
"3548","Alta","Alta","Fuerte","Bueno",2,0
"3549","Alta","Alta","Leve","Bueno",4,1
"3550","Alta","Baja","Fuerte","Bueno",1,0
"3551","Alta","Alta","Fuerte","Malo",4,0
"3552","Alta","Normal","Leve","Regular",4,0
"3553","Alta","Alta","Leve","Malo",5,0
"3554","Alta","Normal","Fuerte","Regular",2,1
"3555","Alta","Normal","Fuerte","Bueno",4,1
"3556","Alta","Normal","Fuerte","Regular",4,1
"3557","Baja","Alta","Fuerte","Bueno",4,0
"3558","Normal","Alta","Leve","Bueno",4,0
"3559","Alta","Normal","Fuerte","Regular",4,0
"3560","Alta","Alta","Fuerte","Regular",3,1
"3561","Alta","Alta","Fuerte","Regular",3,1
"3562","Alta","Alta","Leve","Malo",4,1
"3563","Alta","Alta","Leve","Malo",4,0
"3564","Alta","Alta","Leve","Regular",2,1
"3565","Alta","Baja","Fuerte","Regular",4,1
"3566","Alta","Baja","Fuerte","Bueno",4,0
"3567","Alta","Normal","Leve","Regular",3,0
"3568","Alta","Alta","Fuerte","Regular",5,0
"3569","Alta","Baja","Fuerte","Bueno",3,1
"3570","Alta","Baja","Fuerte","Bueno",6,0
"3571","Alta","Alta","Leve","Regular",1,1
"3572","Alta","Alta","Leve","Malo",4,0
"3573","Alta","Alta","Fuerte","Malo",3,1
"3574","Alta","Alta","Fuerte","Malo",4,0
"3575","Baja","Baja","Fuerte","Bueno",3,1
"3576","Normal","Baja","Fuerte","Regular",2,0
"3577","Baja","Alta","Fuerte","Malo",3,1
"3578","Alta","Alta","Fuerte","Malo",10,0
"3579","Normal","Normal","Leve","Regular",7,0
"3580","Normal","Normal","Leve","Regular",3,0
"3581","Normal","Normal","Leve","Malo",5,1
"3582","Alta","Baja","Fuerte","Bueno",3,0
"3583","Alta","Baja","Leve","Bueno",4,1
"3584","Alta","Alta","Fuerte","Bueno",3,1
"3585","Alta","Alta","Leve","Bueno",1,1
"3586","Alta","Alta","Leve","Bueno",3,1
"3587","Alta","Normal","Leve","Regular",4,0
"3588","Normal","Normal","Fuerte","Malo",2,1
"3589","Alta","Baja","Leve","Malo",4,1
"3590","Alta","Alta","Leve","Regular",4,1
"3591","Alta","Normal","Fuerte","Regular",3,1
"3592","Alta","Alta","Leve","Bueno",4,1
"3593","Alta","Alta","Fuerte","Regular",3,1
"3594","Alta","Alta","Fuerte","Malo",3,0
"3595","Baja","Alta","Fuerte","Bueno",0,1
"3596","Normal","Normal","Leve","Bueno",2,1
"3597","Alta","Baja","Fuerte","Bueno",3,1
"3598","Alta","Baja","Leve","Malo",2,0
"3599","Alta","Normal","Leve","Regular",1,1
"3600","Alta","Normal","Fuerte","Regular",4,0
"3601","Alta","Normal","Fuerte","Bueno",4,1
"3602","Alta","Normal","Fuerte","Bueno",4,0
"3603","Alta","Normal","Leve","Bueno",1,1
"3604","Alta","Baja","Leve","Regular",5,1
"3605","Baja","Alta","Fuerte","Bueno",4,0
"3606","Alta","Normal","Fuerte","Bueno",7,0
"3607","Normal","Normal","Leve","Regular",7,0
"3608","Alta","Normal","Leve","Regular",4,0
"3609","Alta","Baja","Fuerte","Regular",3,1
"3610","Alta","Normal","Fuerte","Regular",7,1
"3611","Alta","Alta","Leve","Regular",0,1
"3612","Alta","Normal","Fuerte","Bueno",2,0
"3613","Alta","Alta","Fuerte","Regular",2,1
"3614","Alta","Normal","Leve","Malo",5,0
"3615","Alta","Alta","Fuerte","Regular",5,0
"3616","Alta","Alta","Leve","Regular",4,1
"3617","Alta","Alta","Leve","Bueno",7,1
"3618","Alta","Alta","Fuerte","Bueno",8,0
"3619","Alta","Normal","Leve","Bueno",4,0
"3620","Alta","Alta","Leve","Regular",4,0
"3621","Alta","Normal","Fuerte","Regular",4,0
"3622","Alta","Alta","Leve","Bueno",2,1
"3623","Baja","Alta","Fuerte","Bueno",4,0
"3624","Alta","Baja","Leve","Regular",5,1
"3625","Alta","Normal","Leve","Regular",3,0
"3626","Alta","Baja","Leve","Malo",5,0
"3627","Baja","Alta","Fuerte","Bueno",4,0
"3628","Alta","Baja","Fuerte","Regular",4,0
"3629","Alta","Alta","Leve","Regular",2,1
"3630","Normal","Normal","Fuerte","Regular",5,1
"3631","Baja","Alta","Leve","Bueno",4,0
"3632","Alta","Baja","Fuerte","Regular",3,1
"3633","Alta","Alta","Leve","Bueno",5,1
"3634","Alta","Alta","Fuerte","Malo",4,0
"3635","Normal","Normal","Leve","Bueno",1,0
"3636","Alta","Normal","Leve","Bueno",6,0
"3637","Alta","Baja","Fuerte","Bueno",2,0
"3638","Normal","Normal","Fuerte","Malo",4,1
"3639","Alta","Baja","Fuerte","Bueno",4,1
"3640","Alta","Baja","Fuerte","Bueno",3,1
"3641","Alta","Normal","Leve","Regular",3,1
"3642","Alta","Baja","Leve","Malo",2,1
"3643","Normal","Normal","Fuerte","Bueno",4,0
"3644","Alta","Baja","Leve","Regular",5,0
"3645","Alta","Alta","Leve","Malo",4,0
"3646","Alta","Normal","Leve","Regular",3,0
"3647","Alta","Alta","Fuerte","Bueno",4,0
"3648","Alta","Baja","Leve","Bueno",5,1
"3649","Alta","Alta","Leve","Bueno",3,0
"3650","Alta","Normal","Fuerte","Bueno",4,0
"3651","Alta","Normal","Leve","Bueno",6,0
"3652","Alta","Baja","Fuerte","Regular",3,1
"3653","Normal","Normal","Leve","Bueno",7,1
"3654","Alta","Alta","Fuerte","Regular",7,1
"3655","Alta","Alta","Fuerte","Regular",3,1
"3656","Alta","Alta","Fuerte","Malo",4,0
"3657","Alta","Normal","Fuerte","Malo",3,0
"3658","Alta","Alta","Fuerte","Malo",6,1
"3659","Alta","Normal","Fuerte","Malo",3,0
"3660","Alta","Baja","Leve","Regular",2,1
"3661","Alta","Baja","Fuerte","Regular",2,1
"3662","Alta","Baja","Leve","Regular",7,0
"3663","Normal","Normal","Fuerte","Bueno",1,0
"3664","Baja","Normal","Fuerte","Bueno",5,0
"3665","Normal","Baja","Fuerte","Bueno",5,1
"3666","Alta","Baja","Fuerte","Malo",3,1
"3667","Alta","Normal","Leve","Bueno",2,0
"3668","Baja","Alta","Leve","Bueno",7,0
"3669","Baja","Alta","Leve","Bueno",4,1
"3670","Alta","Alta","Fuerte","Regular",3,1
"3671","Alta","Baja","Leve","Bueno",6,1
"3672","Alta","Alta","Leve","Malo",4,1
"3673","Normal","Normal","Fuerte","Bueno",3,1
"3674","Normal","Alta","Leve","Regular",3,1
"3675","Alta","Normal","Leve","Regular",7,0
"3676","Alta","Baja","Fuerte","Malo",7,0
"3677","Alta","Alta","Leve","Malo",5,0
"3678","Alta","Alta","Fuerte","Regular",2,0
"3679","Baja","Alta","Fuerte","Regular",8,0
"3680","Alta","Baja","Leve","Bueno",6,1
"3681","Alta","Normal","Fuerte","Bueno",10,0
"3682","Alta","Baja","Leve","Bueno",1,1
"3683","Alta","Baja","Fuerte","Malo",5,0
"3684","Baja","Alta","Leve","Malo",4,1
"3685","Normal","Normal","Leve","Malo",4,0
"3686","Alta","Normal","Leve","Regular",4,1
"3687","Alta","Alta","Leve","Bueno",6,0
"3688","Alta","Normal","Fuerte","Bueno",4,0
"3689","Baja","Alta","Fuerte","Regular",4,0
"3690","Alta","Alta","Leve","Bueno",8,1
"3691","Baja","Normal","Fuerte","Regular",3,1
"3692","Baja","Alta","Leve","Regular",2,1
"3693","Alta","Baja","Leve","Bueno",4,1
"3694","Alta","Baja","Fuerte","Bueno",1,0
"3695","Alta","Normal","Leve","Bueno",1,1
"3696","Alta","Baja","Leve","Bueno",5,1
"3697","Alta","Normal","Fuerte","Regular",4,1
"3698","Alta","Alta","Leve","Regular",3,1
"3699","Alta","Alta","Leve","Regular",2,1
"3700","Alta","Baja","Leve","Bueno",6,1
"3701","Alta","Normal","Leve","Bueno",4,0
"3702","Baja","Alta","Leve","Regular",4,0
"3703","Alta","Alta","Leve","Malo",7,0
"3704","Alta","Normal","Leve","Regular",3,1
"3705","Alta","Baja","Fuerte","Bueno",4,1
"3706","Alta","Baja","Fuerte","Regular",3,1
"3707","Alta","Baja","Fuerte","Regular",1,1
"3708","Normal","Alta","Fuerte","Bueno",5,0
"3709","Alta","Baja","Fuerte","Regular",2,1
"3710","Alta","Normal","Leve","Regular",3,1
"3711","Alta","Normal","Leve","Regular",5,1
"3712","Baja","Alta","Leve","Malo",4,1
"3713","Alta","Alta","Leve","Malo",1,0
"3714","Normal","Baja","Fuerte","Bueno",3,1
"3715","Baja","Alta","Fuerte","Bueno",4,0
"3716","Alta","Normal","Leve","Malo",2,1
"3717","Alta","Baja","Leve","Bueno",3,1
"3718","Alta","Baja","Leve","Bueno",1,0
"3719","Alta","Normal","Leve","Regular",3,1
"3720","Normal","Normal","Leve","Bueno",5,0
"3721","Normal","Alta","Fuerte","Malo",3,0
"3722","Alta","Alta","Fuerte","Regular",5,1
"3723","Alta","Normal","Leve","Bueno",4,1
"3724","Baja","Alta","Leve","Bueno",5,0
"3725","Alta","Baja","Leve","Bueno",5,0
"3726","Alta","Alta","Leve","Regular",3,0
"3727","Alta","Normal","Leve","Malo",3,1
"3728","Alta","Alta","Fuerte","Malo",2,1
"3729","Normal","Normal","Leve","Regular",1,0
"3730","Baja","Alta","Leve","Regular",4,1
"3731","Alta","Alta","Leve","Regular",5,0
"3732","Alta","Baja","Leve","Bueno",10,0
"3733","Alta","Baja","Fuerte","Bueno",5,0
"3734","Alta","Normal","Leve","Malo",5,1
"3735","Baja","Alta","Fuerte","Regular",3,1
"3736","Alta","Baja","Leve","Regular",4,0
"3737","Alta","Alta","Leve","Malo",3,1
"3738","Alta","Baja","Fuerte","Bueno",4,0
"3739","Alta","Baja","Fuerte","Regular",9,1
"3740","Alta","Baja","Leve","Bueno",1,1
"3741","Alta","Baja","Leve","Malo",4,1
"3742","Normal","Normal","Leve","Malo",1,0
"3743","Alta","Normal","Fuerte","Regular",4,1
"3744","Alta","Normal","Fuerte","Bueno",4,1
"3745","Alta","Alta","Fuerte","Malo",3,1
"3746","Alta","Normal","Leve","Bueno",5,1
"3747","Alta","Normal","Leve","Regular",4,0
"3748","Alta","Normal","Fuerte","Malo",1,0
"3749","Alta","Normal","Leve","Malo",5,1
"3750","Alta","Baja","Fuerte","Bueno",3,0
"3751","Normal","Normal","Fuerte","Malo",5,1
"3752","Normal","Normal","Leve","Bueno",3,0
"3753","Alta","Normal","Fuerte","Regular",1,1
"3754","Alta","Alta","Fuerte","Bueno",4,1
"3755","Alta","Alta","Leve","Bueno",1,1
"3756","Alta","Alta","Fuerte","Bueno",5,1
"3757","Alta","Normal","Leve","Regular",2,1
"3758","Alta","Baja","Leve","Regular",4,1
"3759","Alta","Baja","Leve","Regular",7,1
"3760","Alta","Baja","Leve","Bueno",1,1
"3761","Alta","Baja","Leve","Bueno",2,1
"3762","Alta","Baja","Leve","Regular",7,1
"3763","Normal","Normal","Fuerte","Bueno",5,1
"3764","Alta","Alta","Fuerte","Bueno",5,1
"3765","Alta","Alta","Fuerte","Malo",4,0
"3766","Baja","Alta","Fuerte","Bueno",2,1
"3767","Normal","Alta","Leve","Malo",1,1
"3768","Alta","Normal","Fuerte","Regular",4,0
"3769","Alta","Baja","Leve","Regular",5,0
"3770","Alta","Baja","Fuerte","Regular",5,1
"3771","Alta","Alta","Leve","Regular",0,1
"3772","Alta","Normal","Fuerte","Regular",7,1
"3773","Normal","Normal","Leve","Regular",6,1
"3774","Alta","Alta","Fuerte","Malo",3,1
"3775","Normal","Normal","Leve","Regular",3,0
"3776","Alta","Baja","Fuerte","Bueno",1,1
"3777","Alta","Baja","Leve","Regular",1,1
"3778","Alta","Normal","Fuerte","Malo",3,0
"3779","Baja","Normal","Leve","Regular",3,1
"3780","Alta","Alta","Leve","Malo",9,1
"3781","Alta","Normal","Fuerte","Regular",1,1
"3782","Alta","Alta","Fuerte","Bueno",3,1
"3783","Baja","Alta","Leve","Bueno",5,0
"3784","Alta","Normal","Fuerte","Regular",4,0
"3785","Alta","Alta","Fuerte","Bueno",5,1
"3786","Alta","Baja","Leve","Bueno",6,1
"3787","Alta","Normal","Leve","Bueno",3,0
"3788","Baja","Alta","Leve","Regular",1,1
"3789","Alta","Normal","Leve","Malo",3,1
"3790","Alta","Alta","Fuerte","Regular",1,1
"3791","Alta","Normal","Fuerte","Malo",1,0
"3792","Alta","Normal","Leve","Bueno",3,1
"3793","Baja","Alta","Leve","Bueno",2,1
"3794","Alta","Alta","Leve","Malo",1,0
"3795","Alta","Normal","Leve","Bueno",5,0
"3796","Normal","Normal","Leve","Bueno",5,1
"3797","Alta","Baja","Leve","Bueno",3,1
"3798","Baja","Alta","Fuerte","Malo",4,1
"3799","Alta","Alta","Fuerte","Bueno",8,0
"3800","Baja","Alta","Fuerte","Regular",10,1
"3801","Alta","Baja","Leve","Regular",4,0
"3802","Baja","Alta","Leve","Malo",2,1
"3803","Alta","Normal","Fuerte","Bueno",3,0
"3804","Alta","Alta","Leve","Malo",6,1
"3805","Alta","Normal","Fuerte","Regular",5,0
"3806","Alta","Alta","Leve","Regular",5,1
"3807","Alta","Baja","Fuerte","Malo",1,1
"3808","Alta","Normal","Leve","Malo",4,0
"3809","Alta","Baja","Fuerte","Regular",4,0
"3810","Alta","Alta","Fuerte","Bueno",5,0
"3811","Alta","Alta","Fuerte","Bueno",6,0
"3812","Alta","Normal","Leve","Bueno",4,0
"3813","Alta","Baja","Leve","Regular",4,0
"3814","Alta","Baja","Leve","Regular",3,0
"3815","Alta","Alta","Leve","Regular",5,0
"3816","Alta","Normal","Leve","Bueno",1,1
"3817","Alta","Alta","Leve","Malo",4,1
"3818","Alta","Normal","Fuerte","Malo",5,0
"3819","Normal","Alta","Leve","Bueno",4,1
"3820","Alta","Alta","Fuerte","Bueno",3,1
"3821","Alta","Alta","Fuerte","Bueno",3,1
"3822","Alta","Normal","Leve","Regular",7,0
"3823","Alta","Baja","Leve","Regular",3,0
"3824","Baja","Alta","Leve","Bueno",4,0
"3825","Alta","Normal","Fuerte","Malo",6,0
"3826","Alta","Baja","Fuerte","Regular",2,0
"3827","Alta","Alta","Fuerte","Bueno",7,0
"3828","Normal","Normal","Fuerte","Regular",6,1
"3829","Alta","Alta","Leve","Regular",4,0
"3830","Alta","Baja","Fuerte","Regular",4,1
"3831","Alta","Baja","Leve","Regular",2,1
"3832","Alta","Normal","Leve","Bueno",4,1
"3833","Normal","Baja","Leve","Regular",3,1
"3834","Alta","Alta","Leve","Malo",4,1
"3835","Alta","Normal","Fuerte","Regular",3,0
"3836","Alta","Baja","Fuerte","Bueno",3,1
"3837","Alta","Baja","Leve","Regular",6,1
"3838","Normal","Normal","Fuerte","Regular",3,0
"3839","Alta","Alta","Leve","Malo",4,1
"3840","Alta","Baja","Fuerte","Regular",6,1
"3841","Normal","Normal","Fuerte","Bueno",4,0
"3842","Alta","Alta","Fuerte","Regular",2,0
"3843","Alta","Alta","Leve","Bueno",2,1
"3844","Alta","Normal","Fuerte","Regular",5,1
"3845","Alta","Normal","Leve","Malo",7,1
"3846","Alta","Alta","Fuerte","Regular",3,0
"3847","Alta","Normal","Leve","Bueno",3,0
"3848","Alta","Baja","Leve","Regular",3,1
"3849","Baja","Alta","Leve","Regular",4,0
"3850","Alta","Alta","Leve","Malo",7,1
"3851","Alta","Alta","Fuerte","Regular",1,1
"3852","Alta","Baja","Fuerte","Bueno",1,0
"3853","Alta","Baja","Fuerte","Bueno",2,0
"3854","Alta","Baja","Fuerte","Malo",6,1
"3855","Alta","Baja","Leve","Regular",1,1
"3856","Alta","Alta","Leve","Regular",2,0
"3857","Alta","Alta","Fuerte","Bueno",1,0
"3858","Alta","Alta","Leve","Malo",10,0
"3859","Alta","Alta","Leve","Regular",4,1
"3860","Alta","Baja","Leve","Regular",4,1
"3861","Normal","Alta","Fuerte","Malo",4,0
"3862","Alta","Baja","Leve","Regular",4,0
"3863","Alta","Baja","Fuerte","Bueno",2,0
"3864","Normal","Baja","Leve","Regular",8,1
"3865","Alta","Normal","Fuerte","Bueno",2,1
"3866","Alta","Normal","Leve","Regular",2,1
"3867","Alta","Alta","Fuerte","Regular",10,1
"3868","Alta","Alta","Fuerte","Regular",1,0
"3869","Alta","Baja","Fuerte","Bueno",7,0
"3870","Alta","Alta","Fuerte","Malo",7,0
"3871","Baja","Alta","Leve","Regular",1,1
"3872","Alta","Baja","Fuerte","Regular",5,1
"3873","Alta","Alta","Fuerte","Regular",4,0
"3874","Alta","Alta","Leve","Bueno",0,1
"3875","Alta","Baja","Leve","Bueno",3,1
"3876","Alta","Normal","Fuerte","Regular",2,0
"3877","Alta","Alta","Leve","Regular",2,1
"3878","Alta","Normal","Fuerte","Malo",3,0
"3879","Alta","Normal","Leve","Regular",3,0
"3880","Alta","Normal","Leve","Regular",5,1
"3881","Alta","Alta","Leve","Malo",2,0
"3882","Alta","Baja","Leve","Bueno",3,0
"3883","Alta","Baja","Leve","Bueno",3,0
"3884","Alta","Alta","Leve","Bueno",7,1
"3885","Baja","Alta","Leve","Regular",6,0
"3886","Baja","Alta","Leve","Bueno",3,1
"3887","Alta","Baja","Leve","Regular",4,1
"3888","Baja","Alta","Fuerte","Regular",5,0
"3889","Alta","Baja","Fuerte","Malo",2,1
"3890","Baja","Alta","Fuerte","Regular",5,1
"3891","Alta","Normal","Leve","Bueno",6,1
"3892","Alta","Alta","Fuerte","Regular",4,1
"3893","Alta","Baja","Leve","Malo",4,0
"3894","Alta","Alta","Fuerte","Regular",3,0
"3895","Alta","Baja","Fuerte","Bueno",4,1
"3896","Alta","Baja","Fuerte","Bueno",4,1
"3897","Normal","Normal","Leve","Bueno",3,1
"3898","Baja","Alta","Leve","Bueno",5,0
"3899","Alta","Alta","Fuerte","Bueno",7,1
"3900","Alta","Baja","Leve","Bueno",6,0
"3901","Alta","Alta","Leve","Regular",4,0
"3902","Alta","Alta","Leve","Bueno",3,0
"3903","Alta","Baja","Leve","Bueno",5,0
"3904","Baja","Alta","Fuerte","Bueno",7,0
"3905","Alta","Normal","Leve","Regular",4,1
"3906","Baja","Alta","Fuerte","Regular",3,0
"3907","Alta","Normal","Leve","Bueno",5,0
"3908","Alta","Baja","Fuerte","Regular",8,1
"3909","Alta","Normal","Fuerte","Bueno",1,0
"3910","Alta","Baja","Leve","Malo",1,1
"3911","Alta","Baja","Leve","Regular",5,1
"3912","Alta","Baja","Leve","Malo",3,1
"3913","Alta","Normal","Leve","Bueno",1,1
"3914","Alta","Normal","Leve","Regular",1,1
"3915","Alta","Baja","Leve","Regular",7,0
"3916","Alta","Baja","Fuerte","Bueno",4,1
"3917","Baja","Alta","Leve","Bueno",5,0
"3918","Baja","Alta","Leve","Regular",4,1
"3919","Alta","Baja","Leve","Regular",2,0
"3920","Alta","Normal","Fuerte","Malo",7,1
"3921","Alta","Normal","Leve","Regular",3,1
"3922","Alta","Normal","Fuerte","Bueno",5,0
"3923","Alta","Normal","Fuerte","Regular",7,1
"3924","Alta","Normal","Leve","Malo",1,1
"3925","Baja","Alta","Fuerte","Malo",5,0
"3926","Alta","Alta","Leve","Bueno",3,0
"3927","Alta","Baja","Fuerte","Bueno",3,0
"3928","Alta","Normal","Leve","Bueno",8,1
"3929","Alta","Alta","Leve","Regular",6,1
"3930","Alta","Alta","Leve","Malo",1,0
"3931","Alta","Baja","Fuerte","Regular",6,1
"3932","Alta","Alta","Fuerte","Malo",4,1
"3933","Alta","Baja","Fuerte","Malo",6,1
"3934","Baja","Alta","Fuerte","Regular",5,0
"3935","Alta","Normal","Leve","Regular",7,1
"3936","Alta","Alta","Fuerte","Regular",3,0
"3937","Alta","Alta","Leve","Bueno",6,0
"3938","Alta","Normal","Leve","Malo",2,0
"3939","Alta","Normal","Leve","Bueno",2,0
"3940","Alta","Alta","Fuerte","Bueno",6,0
"3941","Alta","Baja","Fuerte","Regular",4,1
"3942","Alta","Baja","Fuerte","Malo",1,1
"3943","Alta","Baja","Fuerte","Regular",5,1
"3944","Alta","Alta","Leve","Regular",6,0
"3945","Alta","Alta","Leve","Bueno",3,0
"3946","Alta","Alta","Fuerte","Bueno",6,1
"3947","Normal","Alta","Fuerte","Bueno",2,1
"3948","Alta","Normal","Leve","Bueno",2,0
"3949","Alta","Normal","Fuerte","Bueno",1,1
"3950","Alta","Baja","Leve","Bueno",3,1
"3951","Alta","Baja","Leve","Bueno",3,1
"3952","Alta","Baja","Leve","Regular",5,1
"3953","Alta","Alta","Leve","Malo",1,1
"3954","Alta","Alta","Leve","Regular",6,1
"3955","Normal","Normal","Leve","Bueno",4,0
"3956","Alta","Alta","Leve","Regular",5,1
"3957","Alta","Alta","Fuerte","Regular",4,0
"3958","Alta","Normal","Fuerte","Bueno",5,0
"3959","Alta","Baja","Leve","Regular",5,0
"3960","Alta","Alta","Fuerte","Bueno",1,1
"3961","Alta","Baja","Fuerte","Malo",3,0
"3962","Normal","Baja","Fuerte","Bueno",7,0
"3963","Normal","Normal","Fuerte","Malo",1,0
"3964","Alta","Normal","Leve","Bueno",1,0
"3965","Baja","Alta","Leve","Bueno",3,0
"3966","Alta","Normal","Leve","Regular",2,1
"3967","Alta","Normal","Fuerte","Regular",4,1
"3968","Alta","Normal","Fuerte","Regular",3,1
"3969","Alta","Normal","Fuerte","Bueno",4,1
"3970","Normal","Baja","Fuerte","Malo",1,0
"3971","Alta","Normal","Leve","Regular",3,1
"3972","Baja","Alta","Leve","Regular",3,1
"3973","Alta","Baja","Fuerte","Regular",7,0
"3974","Alta","Normal","Fuerte","Malo",9,0
"3975","Alta","Alta","Fuerte","Bueno",2,0
"3976","Alta","Alta","Fuerte","Regular",5,1
"3977","Alta","Normal","Leve","Malo",3,0
"3978","Alta","Baja","Leve","Bueno",6,0
"3979","Alta","Baja","Leve","Regular",5,1
"3980","Alta","Normal","Fuerte","Bueno",8,0
"3981","Alta","Alta","Leve","Regular",5,1
"3982","Baja","Alta","Fuerte","Bueno",6,1
"3983","Alta","Alta","Leve","Regular",4,1
"3984","Alta","Alta","Fuerte","Bueno",5,1
"3985","Alta","Alta","Fuerte","Malo",0,1
"3986","Normal","Normal","Fuerte","Regular",3,1
"3987","Baja","Alta","Fuerte","Malo",3,1
"3988","Alta","Normal","Leve","Malo",2,1
"3989","Normal","Normal","Fuerte","Regular",5,1
"3990","Alta","Baja","Fuerte","Regular",1,0
"3991","Alta","Alta","Fuerte","Regular",8,1
"3992","Alta","Normal","Fuerte","Bueno",4,1
"3993","Alta","Alta","Leve","Regular",3,0
"3994","Alta","Normal","Leve","Bueno",6,0
"3995","Normal","Alta","Leve","Regular",4,1
"3996","Alta","Normal","Leve","Bueno",3,1
"3997","Alta","Alta","Fuerte","Regular",1,1
"3998","Alta","Alta","Leve","Malo",2,0
"3999","Normal","Normal","Leve","Regular",6,0
"4000","Alta","Baja","Fuerte","Bueno",8,0
"4001","Alta","Normal","Leve","Regular",1,0
"4002","Alta","Baja","Fuerte","Bueno",2,1
"4003","Alta","Normal","Fuerte","Malo",2,1
"4004","Alta","Normal","Fuerte","Bueno",1,0
"4005","Normal","Normal","Leve","Regular",5,0
"4006","Alta","Baja","Fuerte","Bueno",3,0
"4007","Alta","Alta","Leve","Bueno",1,1
"4008","Alta","Normal","Fuerte","Regular",5,0
"4009","Normal","Normal","Leve","Bueno",3,1
"4010","Alta","Normal","Leve","Bueno",3,1
"4011","Alta","Alta","Fuerte","Regular",7,0
"4012","Alta","Normal","Fuerte","Bueno",3,1
"4013","Alta","Normal","Leve","Bueno",6,1
"4014","Alta","Alta","Leve","Malo",3,1
"4015","Alta","Alta","Fuerte","Regular",4,0
"4016","Normal","Alta","Leve","Regular",5,1
"4017","Alta","Baja","Fuerte","Regular",8,0
"4018","Alta","Alta","Leve","Malo",7,0
"4019","Alta","Baja","Leve","Regular",3,0
"4020","Alta","Normal","Leve","Regular",1,0
"4021","Alta","Normal","Fuerte","Bueno",4,1
"4022","Alta","Baja","Leve","Regular",3,0
"4023","Alta","Alta","Leve","Bueno",5,0
"4024","Alta","Baja","Fuerte","Malo",3,0
"4025","Alta","Alta","Leve","Bueno",1,1
"4026","Alta","Baja","Fuerte","Malo",3,1
"4027","Alta","Normal","Leve","Malo",4,1
"4028","Baja","Alta","Leve","Malo",1,0
"4029","Alta","Baja","Fuerte","Malo",2,0
"4030","Alta","Baja","Fuerte","Regular",3,1
"4031","Alta","Alta","Leve","Regular",6,1
"4032","Alta","Baja","Leve","Malo",3,1
"4033","Alta","Alta","Fuerte","Bueno",4,1
"4034","Alta","Baja","Leve","Malo",0,1
"4035","Normal","Normal","Fuerte","Regular",4,1
"4036","Alta","Normal","Fuerte","Bueno",3,0
"4037","Baja","Normal","Leve","Malo",4,0
"4038","Alta","Normal","Leve","Regular",7,1
"4039","Baja","Alta","Fuerte","Regular",2,0
"4040","Alta","Normal","Leve","Bueno",2,0
"4041","Alta","Normal","Leve","Regular",5,0
"4042","Alta","Alta","Fuerte","Bueno",5,1
"4043","Alta","Alta","Fuerte","Bueno",5,1
"4044","Alta","Alta","Fuerte","Regular",1,1
"4045","Normal","Normal","Fuerte","Bueno",5,0
"4046","Alta","Baja","Fuerte","Regular",6,1
"4047","Alta","Alta","Fuerte","Regular",2,0
"4048","Alta","Alta","Leve","Bueno",3,0
"4049","Alta","Alta","Leve","Regular",5,0
"4050","Alta","Baja","Leve","Regular",9,0
"4051","Baja","Alta","Fuerte","Malo",4,1
"4052","Alta","Alta","Fuerte","Regular",2,0
"4053","Alta","Baja","Leve","Regular",4,0
"4054","Alta","Normal","Fuerte","Bueno",2,1
"4055","Alta","Normal","Leve","Malo",3,1
"4056","Alta","Baja","Leve","Bueno",3,0
"4057","Normal","Normal","Fuerte","Regular",3,1
"4058","Normal","Normal","Leve","Malo",4,1
"4059","Alta","Alta","Fuerte","Bueno",6,0
"4060","Alta","Normal","Leve","Bueno",2,0
"4061","Alta","Normal","Leve","Bueno",5,0
"4062","Alta","Normal","Fuerte","Bueno",3,1
"4063","Alta","Baja","Fuerte","Malo",2,1
"4064","Baja","Normal","Fuerte","Malo",5,1
"4065","Alta","Alta","Leve","Regular",2,1
"4066","Alta","Alta","Leve","Regular",4,0
"4067","Alta","Normal","Leve","Bueno",5,1
"4068","Alta","Baja","Leve","Malo",3,1
"4069","Alta","Baja","Leve","Regular",6,1
"4070","Alta","Baja","Leve","Malo",6,1
"4071","Baja","Alta","Leve","Regular",2,1
"4072","Alta","Alta","Leve","Bueno",3,1
"4073","Alta","Alta","Leve","Regular",2,0
"4074","Alta","Baja","Leve","Bueno",5,1
"4075","Alta","Baja","Fuerte","Regular",3,1
"4076","Alta","Normal","Fuerte","Bueno",1,1
"4077","Alta","Baja","Fuerte","Regular",3,0
"4078","Alta","Alta","Leve","Regular",1,1
"4079","Alta","Alta","Leve","Regular",2,1
"4080","Alta","Baja","Fuerte","Regular",7,0
"4081","Alta","Alta","Leve","Regular",2,1
"4082","Alta","Baja","Leve","Bueno",3,1
"4083","Baja","Alta","Fuerte","Bueno",8,0
"4084","Alta","Alta","Leve","Malo",3,1
"4085","Alta","Alta","Leve","Bueno",1,0
"4086","Alta","Alta","Fuerte","Malo",3,1
"4087","Baja","Alta","Leve","Bueno",3,0
"4088","Baja","Alta","Fuerte","Malo",3,1
"4089","Baja","Baja","Leve","Regular",4,1
"4090","Alta","Alta","Leve","Regular",4,0
"4091","Alta","Alta","Leve","Regular",5,0
"4092","Alta","Alta","Leve","Bueno",3,1
"4093","Alta","Normal","Leve","Bueno",4,1
"4094","Alta","Baja","Leve","Bueno",2,1
"4095","Alta","Alta","Fuerte","Bueno",3,1
"4096","Alta","Baja","Leve","Regular",2,1
"4097","Alta","Baja","Fuerte","Regular",10,0
"4098","Alta","Baja","Leve","Regular",3,0
"4099","Alta","Baja","Leve","Bueno",3,0
"4100","Alta","Normal","Fuerte","Malo",2,1
"4101","Alta","Normal","Leve","Bueno",4,0
"4102","Alta","Baja","Fuerte","Regular",3,1
"4103","Alta","Alta","Leve","Malo",5,1
"4104","Normal","Normal","Fuerte","Malo",8,1
"4105","Alta","Alta","Fuerte","Malo",2,1
"4106","Alta","Alta","Fuerte","Bueno",5,1
"4107","Normal","Baja","Leve","Bueno",8,1
"4108","Baja","Alta","Fuerte","Malo",6,1
"4109","Alta","Normal","Fuerte","Regular",4,0
"4110","Alta","Normal","Leve","Regular",3,1
"4111","Alta","Baja","Leve","Malo",3,0
"4112","Alta","Baja","Fuerte","Regular",3,0
"4113","Alta","Baja","Fuerte","Malo",2,0
"4114","Alta","Alta","Leve","Bueno",4,1
"4115","Alta","Normal","Fuerte","Bueno",1,1
"4116","Alta","Normal","Leve","Bueno",2,1
"4117","Baja","Alta","Leve","Malo",5,1
"4118","Alta","Alta","Leve","Bueno",4,0
"4119","Alta","Normal","Fuerte","Malo",4,1
"4120","Baja","Alta","Leve","Bueno",4,0
"4121","Alta","Baja","Fuerte","Malo",3,1
"4122","Normal","Normal","Leve","Regular",3,1
"4123","Alta","Alta","Leve","Bueno",2,1
"4124","Alta","Alta","Leve","Malo",6,1
"4125","Alta","Normal","Fuerte","Regular",3,1
"4126","Alta","Alta","Fuerte","Regular",4,1
"4127","Alta","Alta","Leve","Regular",5,0
"4128","Alta","Alta","Leve","Regular",2,0
"4129","Alta","Baja","Leve","Regular",3,1
"4130","Alta","Baja","Fuerte","Malo",10,0
"4131","Alta","Baja","Leve","Malo",2,1
"4132","Alta","Normal","Fuerte","Malo",6,0
"4133","Alta","Baja","Fuerte","Regular",2,1
"4134","Alta","Baja","Leve","Regular",5,0
"4135","Alta","Alta","Leve","Regular",2,1
"4136","Alta","Baja","Fuerte","Bueno",4,0
"4137","Alta","Normal","Leve","Bueno",4,0
"4138","Alta","Normal","Leve","Malo",3,1
"4139","Alta","Alta","Leve","Regular",4,1
"4140","Alta","Alta","Fuerte","Regular",2,0
"4141","Alta","Alta","Leve","Regular",2,1
"4142","Alta","Baja","Fuerte","Malo",3,1
"4143","Alta","Normal","Fuerte","Malo",4,0
"4144","Baja","Alta","Fuerte","Malo",6,1
"4145","Alta","Alta","Leve","Bueno",5,1
"4146","Alta","Baja","Fuerte","Regular",6,0
"4147","Alta","Alta","Leve","Bueno",7,1
"4148","Alta","Alta","Fuerte","Bueno",4,0
"4149","Normal","Baja","Leve","Regular",5,1
"4150","Alta","Baja","Fuerte","Bueno",4,1
"4151","Alta","Alta","Leve","Bueno",2,1
"4152","Alta","Alta","Fuerte","Regular",7,0
"4153","Normal","Normal","Fuerte","Bueno",2,1
"4154","Normal","Baja","Fuerte","Malo",8,1
"4155","Alta","Baja","Fuerte","Bueno",1,1
"4156","Alta","Baja","Fuerte","Malo",4,0
"4157","Alta","Baja","Fuerte","Regular",6,1
"4158","Alta","Alta","Leve","Regular",4,1
"4159","Alta","Alta","Fuerte","Regular",3,1
"4160","Alta","Baja","Leve","Regular",6,1
"4161","Baja","Alta","Fuerte","Bueno",2,1
"4162","Alta","Baja","Leve","Regular",3,1
"4163","Alta","Baja","Leve","Bueno",2,1
"4164","Alta","Normal","Fuerte","Regular",6,0
"4165","Alta","Baja","Fuerte","Malo",5,0
"4166","Alta","Normal","Fuerte","Bueno",4,0
"4167","Alta","Baja","Fuerte","Regular",2,0
"4168","Baja","Alta","Fuerte","Bueno",4,1
"4169","Alta","Alta","Leve","Regular",1,0
"4170","Alta","Alta","Leve","Regular",3,0
"4171","Alta","Baja","Fuerte","Bueno",2,1
"4172","Baja","Normal","Fuerte","Bueno",4,1
"4173","Alta","Normal","Leve","Malo",4,1
"4174","Alta","Baja","Leve","Regular",3,1
"4175","Alta","Baja","Leve","Malo",4,0
"4176","Alta","Alta","Fuerte","Bueno",4,1
"4177","Alta","Normal","Leve","Bueno",3,0
"4178","Alta","Normal","Fuerte","Bueno",3,1
"4179","Alta","Baja","Fuerte","Bueno",3,1
"4180","Alta","Normal","Fuerte","Regular",3,1
"4181","Baja","Alta","Leve","Malo",8,1
"4182","Alta","Alta","Fuerte","Bueno",4,0
"4183","Alta","Normal","Fuerte","Malo",5,0
"4184","Normal","Normal","Leve","Regular",5,0
"4185","Alta","Alta","Fuerte","Regular",3,1
"4186","Alta","Normal","Leve","Bueno",8,1
"4187","Alta","Alta","Fuerte","Bueno",2,0
"4188","Alta","Alta","Fuerte","Malo",5,1
"4189","Normal","Normal","Leve","Bueno",2,1
"4190","Alta","Baja","Leve","Malo",2,0
"4191","Alta","Baja","Leve","Bueno",3,0
"4192","Alta","Normal","Leve","Bueno",4,0
"4193","Alta","Alta","Fuerte","Regular",4,0
"4194","Alta","Normal","Leve","Bueno",5,1
"4195","Alta","Baja","Leve","Bueno",8,1
"4196","Alta","Alta","Leve","Regular",4,1
"4197","Baja","Alta","Fuerte","Malo",6,0
"4198","Alta","Baja","Fuerte","Malo",1,1
"4199","Baja","Alta","Leve","Bueno",1,0
"4200","Alta","Alta","Fuerte","Regular",4,0
"4201","Alta","Baja","Leve","Malo",5,1
"4202","Alta","Baja","Fuerte","Malo",5,1
"4203","Alta","Alta","Leve","Regular",4,1
"4204","Normal","Baja","Fuerte","Malo",3,0
"4205","Baja","Normal","Leve","Bueno",4,1
"4206","Alta","Alta","Fuerte","Malo",2,1
"4207","Alta","Alta","Leve","Regular",2,1
"4208","Alta","Baja","Fuerte","Bueno",7,0
"4209","Alta","Normal","Fuerte","Malo",11,0
"4210","Alta","Baja","Fuerte","Regular",5,0
"4211","Alta","Normal","Leve","Regular",7,0
"4212","Alta","Baja","Fuerte","Bueno",2,1
"4213","Baja","Alta","Fuerte","Bueno",5,0
"4214","Alta","Alta","Leve","Regular",2,0
"4215","Alta","Baja","Leve","Malo",5,0
"4216","Alta","Baja","Fuerte","Bueno",5,0
"4217","Alta","Normal","Leve","Regular",5,1
"4218","Alta","Baja","Leve","Malo",1,1
"4219","Alta","Alta","Leve","Bueno",4,1
"4220","Normal","Alta","Leve","Malo",2,1
"4221","Alta","Baja","Fuerte","Regular",2,1
"4222","Normal","Normal","Fuerte","Regular",7,1
"4223","Baja","Normal","Fuerte","Bueno",3,1
"4224","Alta","Alta","Leve","Regular",3,1
"4225","Baja","Alta","Fuerte","Regular",6,0
"4226","Alta","Baja","Fuerte","Regular",3,1
"4227","Baja","Normal","Leve","Bueno",7,0
"4228","Alta","Alta","Leve","Malo",3,1
"4229","Alta","Alta","Leve","Regular",1,0
"4230","Alta","Alta","Fuerte","Bueno",3,0
"4231","Alta","Baja","Leve","Bueno",1,1
"4232","Normal","Normal","Fuerte","Bueno",1,0
"4233","Alta","Baja","Fuerte","Regular",4,1
"4234","Alta","Alta","Leve","Regular",1,1
"4235","Alta","Alta","Fuerte","Bueno",2,1
"4236","Alta","Normal","Leve","Regular",3,0
"4237","Alta","Alta","Leve","Regular",4,1
"4238","Alta","Baja","Fuerte","Malo",1,0
"4239","Alta","Alta","Fuerte","Regular",5,0
"4240","Alta","Baja","Fuerte","Malo",4,1
"4241","Alta","Alta","Fuerte","Malo",5,1
"4242","Alta","Alta","Leve","Regular",6,1
"4243","Alta","Normal","Fuerte","Bueno",3,0
"4244","Alta","Normal","Fuerte","Regular",5,0
"4245","Baja","Baja","Fuerte","Regular",4,1
"4246","Alta","Normal","Leve","Regular",5,1
"4247","Normal","Normal","Fuerte","Regular",4,1
"4248","Alta","Normal","Fuerte","Regular",4,1
"4249","Alta","Baja","Fuerte","Regular",4,1
"4250","Alta","Normal","Leve","Bueno",8,1
"4251","Alta","Normal","Fuerte","Malo",4,1
"4252","Alta","Alta","Fuerte","Bueno",3,1
"4253","Alta","Alta","Leve","Regular",2,0
"4254","Alta","Alta","Fuerte","Regular",6,1
"4255","Alta","Normal","Leve","Regular",1,1
"4256","Alta","Alta","Leve","Regular",3,1
"4257","Normal","Normal","Leve","Malo",1,1
"4258","Alta","Normal","Fuerte","Regular",4,1
"4259","Alta","Normal","Leve","Regular",2,1
"4260","Alta","Baja","Fuerte","Regular",3,1
"4261","Normal","Normal","Fuerte","Regular",3,0
"4262","Alta","Baja","Fuerte","Bueno",8,0
"4263","Alta","Baja","Leve","Regular",4,1
"4264","Alta","Normal","Fuerte","Regular",2,1
"4265","Alta","Alta","Leve","Regular",4,0
"4266","Alta","Baja","Leve","Bueno",5,1
"4267","Normal","Normal","Fuerte","Bueno",4,1
"4268","Alta","Normal","Fuerte","Bueno",4,1
"4269","Alta","Baja","Leve","Regular",6,0
"4270","Alta","Alta","Fuerte","Regular",3,1
"4271","Alta","Alta","Fuerte","Bueno",4,0
"4272","Alta","Alta","Leve","Bueno",4,1
"4273","Normal","Normal","Leve","Bueno",6,1
"4274","Alta","Alta","Fuerte","Malo",2,1
"4275","Alta","Alta","Fuerte","Regular",3,1
"4276","Alta","Normal","Fuerte","Malo",3,0
"4277","Alta","Alta","Leve","Regular",4,0
"4278","Alta","Alta","Fuerte","Bueno",2,1
"4279","Normal","Baja","Leve","Regular",4,1
"4280","Alta","Baja","Fuerte","Bueno",10,0
"4281","Alta","Baja","Leve","Bueno",5,1
"4282","Alta","Alta","Fuerte","Regular",4,0
"4283","Alta","Alta","Leve","Bueno",5,1
"4284","Alta","Baja","Fuerte","Regular",2,1
"4285","Alta","Baja","Fuerte","Regular",4,0
"4286","Alta","Normal","Leve","Regular",4,0
"4287","Alta","Alta","Fuerte","Bueno",6,0
"4288","Baja","Alta","Fuerte","Malo",4,1
"4289","Alta","Baja","Leve","Regular",6,1
"4290","Alta","Normal","Leve","Bueno",5,0
"4291","Alta","Normal","Leve","Bueno",3,1
"4292","Alta","Normal","Fuerte","Regular",4,1
"4293","Alta","Baja","Leve","Regular",4,0
"4294","Normal","Normal","Leve","Regular",4,1
"4295","Alta","Alta","Leve","Bueno",3,0
"4296","Alta","Alta","Leve","Regular",8,0
"4297","Alta","Alta","Fuerte","Bueno",9,1
"4298","Normal","Normal","Fuerte","Regular",2,0
"4299","Alta","Normal","Fuerte","Regular",4,1
"4300","Alta","Normal","Leve","Malo",4,1
"4301","Baja","Alta","Leve","Malo",1,0
"4302","Normal","Baja","Leve","Bueno",4,0
"4303","Alta","Alta","Fuerte","Bueno",3,0
"4304","Alta","Alta","Leve","Regular",5,1
"4305","Normal","Normal","Leve","Malo",4,1
"4306","Baja","Baja","Leve","Regular",7,0
"4307","Alta","Baja","Leve","Malo",5,0
"4308","Alta","Baja","Leve","Regular",4,0
"4309","Alta","Baja","Leve","Regular",1,0
"4310","Alta","Baja","Leve","Bueno",5,1
"4311","Alta","Alta","Leve","Bueno",1,0
"4312","Alta","Normal","Fuerte","Bueno",2,0
"4313","Alta","Baja","Leve","Regular",4,0
"4314","Alta","Baja","Leve","Bueno",5,1
"4315","Alta","Normal","Fuerte","Regular",6,0
"4316","Alta","Alta","Fuerte","Regular",2,1
"4317","Alta","Baja","Fuerte","Regular",3,0
"4318","Alta","Baja","Leve","Regular",5,1
"4319","Alta","Normal","Leve","Bueno",7,1
"4320","Alta","Normal","Leve","Malo",4,1
"4321","Alta","Baja","Leve","Regular",2,1
"4322","Alta","Alta","Leve","Bueno",3,1
"4323","Alta","Alta","Fuerte","Regular",6,1
"4324","Alta","Baja","Leve","Bueno",3,0
"4325","Alta","Alta","Leve","Bueno",7,0
"4326","Normal","Alta","Leve","Malo",10,0
"4327","Alta","Baja","Leve","Bueno",3,1
"4328","Alta","Alta","Leve","Bueno",9,0
"4329","Alta","Normal","Leve","Regular",3,1
"4330","Alta","Alta","Fuerte","Bueno",5,1
"4331","Alta","Alta","Leve","Regular",1,0
"4332","Alta","Baja","Fuerte","Regular",2,0
"4333","Alta","Normal","Leve","Malo",3,0
"4334","Alta","Alta","Fuerte","Bueno",4,1
"4335","Alta","Baja","Leve","Malo",3,1
"4336","Alta","Alta","Fuerte","Regular",1,0
"4337","Alta","Normal","Leve","Malo",4,0
"4338","Alta","Baja","Leve","Bueno",4,0
"4339","Normal","Normal","Fuerte","Regular",4,1
"4340","Alta","Baja","Leve","Regular",1,1
"4341","Alta","Alta","Fuerte","Malo",5,1
"4342","Baja","Alta","Leve","Regular",5,1
"4343","Alta","Alta","Fuerte","Bueno",3,0
"4344","Alta","Alta","Fuerte","Bueno",2,1
"4345","Alta","Alta","Fuerte","Bueno",2,1
"4346","Alta","Normal","Leve","Bueno",4,0
"4347","Baja","Normal","Fuerte","Regular",4,1
"4348","Alta","Alta","Leve","Bueno",2,1
"4349","Alta","Baja","Leve","Bueno",3,1
"4350","Alta","Normal","Leve","Regular",0,1
"4351","Alta","Normal","Fuerte","Bueno",4,1
"4352","Normal","Normal","Leve","Regular",6,1
"4353","Normal","Normal","Fuerte","Bueno",4,1
"4354","Alta","Normal","Leve","Regular",0,1
"4355","Alta","Baja","Fuerte","Malo",7,0
"4356","Alta","Baja","Fuerte","Regular",3,1
"4357","Alta","Baja","Fuerte","Regular",6,1
"4358","Normal","Baja","Leve","Bueno",5,1
"4359","Alta","Baja","Leve","Regular",5,1
"4360","Normal","Normal","Fuerte","Malo",5,0
"4361","Alta","Baja","Leve","Bueno",5,1
"4362","Alta","Normal","Leve","Regular",4,0
"4363","Alta","Alta","Fuerte","Regular",4,0
"4364","Alta","Baja","Fuerte","Bueno",2,1
"4365","Alta","Baja","Leve","Bueno",4,1
"4366","Alta","Alta","Fuerte","Bueno",7,1
"4367","Baja","Alta","Leve","Regular",3,1
"4368","Alta","Normal","Fuerte","Bueno",6,0
"4369","Alta","Baja","Leve","Bueno",3,1
"4370","Alta","Normal","Fuerte","Malo",2,1
"4371","Alta","Alta","Leve","Malo",4,1
"4372","Alta","Baja","Fuerte","Bueno",7,0
"4373","Alta","Normal","Fuerte","Malo",6,1
"4374","Alta","Baja","Leve","Bueno",8,1
"4375","Alta","Normal","Fuerte","Bueno",4,1
"4376","Alta","Alta","Fuerte","Bueno",3,0
"4377","Normal","Normal","Fuerte","Regular",8,1
"4378","Normal","Normal","Leve","Regular",5,1
"4379","Alta","Baja","Fuerte","Regular",9,1
"4380","Alta","Baja","Leve","Bueno",1,0
"4381","Baja","Alta","Leve","Bueno",3,0
"4382","Alta","Normal","Leve","Malo",5,1
"4383","Alta","Baja","Fuerte","Regular",4,0
"4384","Alta","Baja","Fuerte","Malo",2,1
"4385","Alta","Baja","Fuerte","Bueno",2,1
"4386","Alta","Normal","Fuerte","Regular",4,1
"4387","Alta","Baja","Fuerte","Regular",5,1
"4388","Normal","Normal","Fuerte","Bueno",2,1
"4389","Alta","Baja","Fuerte","Bueno",3,1
"4390","Alta","Baja","Fuerte","Regular",2,1
"4391","Alta","Baja","Leve","Regular",4,0
"4392","Alta","Alta","Fuerte","Bueno",6,1
"4393","Alta","Alta","Fuerte","Regular",4,1
"4394","Alta","Normal","Fuerte","Bueno",5,0
"4395","Alta","Alta","Leve","Malo",4,1
"4396","Normal","Normal","Fuerte","Bueno",6,1
"4397","Alta","Baja","Fuerte","Bueno",4,0
"4398","Alta","Normal","Fuerte","Bueno",4,0
"4399","Alta","Normal","Leve","Bueno",4,0
"4400","Normal","Normal","Fuerte","Regular",5,0
"4401","Alta","Normal","Fuerte","Bueno",3,1
"4402","Alta","Baja","Fuerte","Bueno",4,0
"4403","Baja","Normal","Leve","Regular",5,1
"4404","Alta","Baja","Leve","Bueno",2,0
"4405","Alta","Normal","Leve","Malo",5,1
"4406","Alta","Alta","Leve","Bueno",7,1
"4407","Alta","Alta","Fuerte","Regular",3,0
"4408","Alta","Baja","Leve","Bueno",4,1
"4409","Alta","Baja","Leve","Malo",5,0
"4410","Alta","Alta","Leve","Regular",3,0
"4411","Alta","Baja","Leve","Bueno",3,1
"4412","Normal","Normal","Fuerte","Bueno",5,0
"4413","Baja","Normal","Leve","Regular",2,1
"4414","Alta","Baja","Fuerte","Malo",7,0
"4415","Alta","Baja","Leve","Regular",2,1
"4416","Alta","Baja","Leve","Bueno",3,0
"4417","Alta","Normal","Leve","Regular",2,0
"4418","Alta","Baja","Leve","Bueno",3,1
"4419","Alta","Alta","Leve","Malo",5,0
"4420","Alta","Baja","Leve","Regular",5,0
"4421","Alta","Alta","Fuerte","Bueno",11,0
"4422","Alta","Baja","Leve","Bueno",5,0
"4423","Alta","Baja","Leve","Malo",5,1
"4424","Alta","Alta","Fuerte","Bueno",5,1
"4425","Alta","Alta","Leve","Bueno",5,0
"4426","Alta","Normal","Leve","Bueno",4,1
"4427","Baja","Alta","Leve","Malo",7,0
"4428","Alta","Normal","Fuerte","Malo",4,1
"4429","Alta","Normal","Fuerte","Bueno",3,1
"4430","Alta","Baja","Leve","Bueno",1,0
"4431","Alta","Baja","Fuerte","Malo",5,0
"4432","Alta","Normal","Fuerte","Bueno",4,1
"4433","Baja","Alta","Leve","Malo",1,0
"4434","Alta","Baja","Leve","Malo",6,1
"4435","Alta","Alta","Leve","Bueno",2,1
"4436","Alta","Baja","Fuerte","Bueno",2,1
"4437","Alta","Baja","Leve","Bueno",3,1
"4438","Normal","Normal","Leve","Bueno",4,0
"4439","Alta","Normal","Fuerte","Malo",2,0
"4440","Alta","Alta","Fuerte","Regular",1,0
"4441","Alta","Normal","Fuerte","Bueno",3,1
"4442","Alta","Alta","Leve","Regular",4,1
"4443","Alta","Baja","Fuerte","Malo",1,1
"4444","Alta","Baja","Leve","Bueno",1,0
"4445","Alta","Baja","Leve","Bueno",3,0
"4446","Alta","Normal","Fuerte","Bueno",9,0
"4447","Alta","Normal","Leve","Regular",0,1
"4448","Alta","Normal","Leve","Bueno",4,0
"4449","Alta","Normal","Fuerte","Malo",5,0
"4450","Alta","Baja","Fuerte","Regular",3,1
"4451","Alta","Normal","Leve","Regular",4,0
"4452","Alta","Baja","Leve","Bueno",5,0
"4453","Normal","Baja","Leve","Malo",4,0
"4454","Alta","Alta","Fuerte","Regular",4,1
"4455","Alta","Alta","Leve","Regular",3,1
"4456","Normal","Normal","Leve","Bueno",5,0
"4457","Alta","Normal","Fuerte","Regular",2,0
"4458","Alta","Alta","Fuerte","Bueno",4,1
"4459","Alta","Normal","Leve","Bueno",4,1
"4460","Baja","Alta","Fuerte","Malo",3,1
"4461","Normal","Alta","Fuerte","Malo",5,1
"4462","Normal","Normal","Fuerte","Bueno",2,1
"4463","Alta","Alta","Leve","Regular",3,1
"4464","Alta","Alta","Leve","Bueno",5,0
"4465","Alta","Baja","Leve","Bueno",7,1
"4466","Alta","Alta","Leve","Regular",2,0
"4467","Alta","Alta","Leve","Bueno",4,0
"4468","Alta","Baja","Leve","Regular",6,1
"4469","Alta","Normal","Fuerte","Regular",4,1
"4470","Alta","Normal","Fuerte","Bueno",7,0
"4471","Alta","Baja","Fuerte","Regular",5,0
"4472","Alta","Normal","Leve","Regular",2,0
"4473","Alta","Alta","Leve","Malo",3,0
"4474","Normal","Baja","Fuerte","Malo",7,1
"4475","Alta","Baja","Fuerte","Bueno",5,0
"4476","Alta","Normal","Leve","Bueno",5,0
"4477","Baja","Alta","Fuerte","Regular",3,1
"4478","Alta","Alta","Fuerte","Regular",3,1
"4479","Alta","Alta","Fuerte","Bueno",4,0
"4480","Alta","Normal","Fuerte","Malo",5,1
"4481","Alta","Normal","Fuerte","Regular",3,1
"4482","Alta","Normal","Leve","Regular",5,1
"4483","Alta","Alta","Fuerte","Regular",4,0
"4484","Alta","Normal","Fuerte","Regular",3,0
"4485","Alta","Normal","Leve","Bueno",4,1
"4486","Alta","Alta","Leve","Regular",4,0
"4487","Alta","Normal","Fuerte","Malo",3,1
"4488","Alta","Normal","Leve","Regular",4,1
"4489","Alta","Normal","Leve","Regular",1,1
"4490","Alta","Alta","Leve","Regular",3,1
"4491","Alta","Baja","Fuerte","Bueno",4,0
"4492","Alta","Alta","Fuerte","Malo",4,1
"4493","Alta","Alta","Fuerte","Bueno",5,1
"4494","Alta","Alta","Leve","Malo",6,0
"4495","Alta","Normal","Leve","Regular",5,0
"4496","Alta","Normal","Fuerte","Bueno",6,0
"4497","Baja","Alta","Fuerte","Bueno",2,1
"4498","Alta","Alta","Leve","Regular",2,1
"4499","Alta","Baja","Leve","Malo",5,1
"4500","Alta","Baja","Leve","Malo",2,0
"4501","Normal","Alta","Leve","Bueno",1,0
"4502","Alta","Alta","Leve","Regular",5,0
"4503","Normal","Alta","Leve","Bueno",5,1
"4504","Normal","Normal","Fuerte","Bueno",1,1
"4505","Normal","Baja","Leve","Bueno",5,1
"4506","Normal","Baja","Leve","Malo",3,1
"4507","Normal","Normal","Fuerte","Regular",6,0
"4508","Normal","Normal","Fuerte","Bueno",2,1
"4509","Normal","Normal","Fuerte","Malo",2,0
"4510","Normal","Normal","Fuerte","Malo",4,1
"4511","Normal","Normal","Fuerte","Regular",1,1
"4512","Normal","Normal","Fuerte","Bueno",5,1
"4513","Normal","Alta","Leve","Regular",4,1
"4514","Normal","Alta","Leve","Regular",3,0
"4515","Normal","Normal","Fuerte","Regular",2,0
"4516","Normal","Normal","Fuerte","Regular",3,1
"4517","Normal","Alta","Leve","Malo",8,0
"4518","Normal","Baja","Leve","Regular",3,1
"4519","Normal","Normal","Leve","Regular",4,0
"4520","Alta","Baja","Fuerte","Regular",4,1
"4521","Baja","Alta","Leve","Bueno",4,1
"4522","Alta","Baja","Fuerte","Regular",5,1
"4523","Normal","Normal","Fuerte","Regular",4,1
"4524","Normal","Normal","Leve","Malo",4,0
"4525","Baja","Normal","Fuerte","Malo",5,0
"4526","Alta","Alta","Fuerte","Bueno",2,0
"4527","Normal","Normal","Fuerte","Malo",6,0
"4528","Normal","Normal","Leve","Malo",8,1
"4529","Normal","Baja","Leve","Bueno",6,1
"4530","Normal","Baja","Fuerte","Bueno",3,1
"4531","Normal","Normal","Leve","Bueno",1,1
"4532","Normal","Normal","Fuerte","Regular",6,1
"4533","Normal","Baja","Fuerte","Bueno",2,1
"4534","Normal","Baja","Fuerte","Malo",5,1
"4535","Normal","Baja","Leve","Regular",5,1
"4536","Baja","Alta","Fuerte","Regular",6,1
"4537","Normal","Normal","Leve","Regular",1,1
"4538","Baja","Alta","Fuerte","Malo",3,0
"4539","Normal","Normal","Fuerte","Malo",3,0
"4540","Baja","Alta","Fuerte","Bueno",5,0
"4541","Baja","Alta","Fuerte","Regular",5,1
"4542","Baja","Baja","Fuerte","Regular",4,1
"4543","Alta","Normal","Fuerte","Regular",1,0
"4544","Normal","Baja","Fuerte","Bueno",7,0
"4545","Normal","Normal","Fuerte","Malo",3,1
"4546","Normal","Normal","Leve","Regular",3,0
"4547","Normal","Normal","Fuerte","Malo",4,1
"4548","Normal","Normal","Leve","Malo",1,1
"4549","Normal","Normal","Leve","Regular",2,1
"4550","Normal","Normal","Leve","Bueno",6,1
"4551","Normal","Alta","Fuerte","Malo",1,1
"4552","Normal","Normal","Fuerte","Bueno",1,1
"4553","Normal","Alta","Fuerte","Malo",4,0
"4554","Baja","Alta","Leve","Bueno",4,1
"4555","Normal","Alta","Leve","Regular",2,1
"4556","Normal","Normal","Leve","Bueno",6,1
"4557","Normal","Alta","Fuerte","Malo",1,0
"4558","Normal","Baja","Fuerte","Malo",2,1
"4559","Normal","Alta","Leve","Bueno",0,1
"4560","Normal","Alta","Fuerte","Regular",4,0
"4561","Normal","Alta","Leve","Regular",6,1
"4562","Baja","Alta","Fuerte","Bueno",2,1
"4563","Normal","Normal","Fuerte","Malo",2,1
"4564","Normal","Normal","Leve","Malo",3,0
"4565","Normal","Baja","Leve","Malo",3,0
"4566","Normal","Normal","Fuerte","Bueno",5,1
"4567","Normal","Baja","Fuerte","Regular",4,1
"4568","Normal","Normal","Fuerte","Bueno",3,0
"4569","Normal","Normal","Leve","Malo",8,1
"4570","Normal","Normal","Leve","Bueno",5,0
"4571","Baja","Normal","Fuerte","Regular",4,1
"4572","Normal","Baja","Leve","Bueno",3,1
"4573","Alta","Alta","Leve","Bueno",4,1
"4574","Normal","Normal","Fuerte","Bueno",4,0
"4575","Normal","Normal","Fuerte","Bueno",7,1
"4576","Normal","Normal","Fuerte","Regular",3,1
"4577","Baja","Baja","Leve","Regular",1,0
"4578","Alta","Normal","Fuerte","Bueno",6,0
"4579","Baja","Normal","Fuerte","Regular",9,1
"4580","Alta","Baja","Fuerte","Bueno",8,0
"4581","Normal","Normal","Leve","Bueno",3,0
"4582","Baja","Normal","Leve","Regular",3,1
"4583","Baja","Alta","Leve","Bueno",6,0
"4584","Alta","Baja","Fuerte","Regular",2,1
"4585","Baja","Baja","Fuerte","Malo",2,1
"4586","Alta","Baja","Fuerte","Bueno",4,1
"4587","Baja","Alta","Leve","Malo",1,1
"4588","Baja","Alta","Leve","Regular",3,0
"4589","Normal","Baja","Leve","Malo",2,1
"4590","Baja","Baja","Fuerte","Malo",3,1
"4591","Alta","Baja","Leve","Regular",3,1
"4592","Normal","Normal","Fuerte","Bueno",9,1
"4593","Baja","Normal","Fuerte","Regular",5,0
"4594","Normal","Baja","Fuerte","Regular",7,0
"4595","Normal","Normal","Leve","Bueno",8,0
"4596","Normal","Normal","Fuerte","Regular",2,1
"4597","Normal","Alta","Leve","Regular",3,1
"4598","Normal","Normal","Leve","Bueno",5,0
"4599","Baja","Alta","Leve","Malo",2,1
"4600","Normal","Alta","Fuerte","Regular",2,1
"4601","Normal","Normal","Fuerte","Malo",4,1
"4602","Alta","Alta","Fuerte","Regular",5,1
"4603","Baja","Alta","Fuerte","Regular",2,1
"4604","Normal","Alta","Fuerte","Bueno",4,1
"4605","Normal","Normal","Fuerte","Regular",4,0
"4606","Normal","Baja","Leve","Regular",5,0
"4607","Normal","Normal","Fuerte","Regular",3,0
"4608","Normal","Baja","Leve","Malo",7,0
"4609","Baja","Alta","Leve","Regular",7,0
"4610","Normal","Normal","Leve","Regular",2,1
"4611","Normal","Baja","Fuerte","Regular",5,1
"4612","Alta","Normal","Fuerte","Regular",4,0
"4613","Normal","Normal","Fuerte","Bueno",2,1
"4614","Baja","Alta","Leve","Malo",3,0
"4615","Normal","Baja","Leve","Regular",3,1
"4616","Normal","Normal","Fuerte","Regular",3,0
"4617","Normal","Alta","Leve","Regular",3,0
"4618","Normal","Alta","Leve","Bueno",5,1
"4619","Normal","Normal","Fuerte","Bueno",2,1
"4620","Normal","Normal","Leve","Bueno",2,0
"4621","Normal","Alta","Leve","Malo",2,1
"4622","Normal","Baja","Fuerte","Regular",3,1
"4623","Normal","Normal","Fuerte","Regular",4,1
"4624","Alta","Alta","Leve","Regular",10,1
"4625","Normal","Baja","Fuerte","Malo",3,1
"4626","Baja","Alta","Fuerte","Bueno",4,1
"4627","Alta","Baja","Leve","Bueno",1,0
"4628","Baja","Alta","Fuerte","Malo",2,1
"4629","Normal","Normal","Leve","Bueno",4,1
"4630","Alta","Baja","Leve","Regular",4,0
"4631","Normal","Baja","Fuerte","Regular",7,0
"4632","Baja","Baja","Fuerte","Bueno",2,1
"4633","Baja","Normal","Fuerte","Bueno",3,0
"4634","Baja","Alta","Fuerte","Malo",5,1
"4635","Normal","Normal","Fuerte","Malo",5,1
"4636","Normal","Alta","Leve","Regular",7,1
"4637","Normal","Baja","Leve","Bueno",3,0
"4638","Normal","Alta","Fuerte","Bueno",3,0
"4639","Normal","Normal","Leve","Bueno",1,0
"4640","Normal","Alta","Fuerte","Bueno",2,1
"4641","Normal","Normal","Fuerte","Bueno",1,1
"4642","Normal","Alta","Fuerte","Bueno",2,0
"4643","Baja","Alta","Fuerte","Regular",5,0
"4644","Normal","Baja","Leve","Bueno",5,0
"4645","Normal","Baja","Fuerte","Malo",3,1
"4646","Baja","Baja","Leve","Bueno",3,1
"4647","Normal","Alta","Fuerte","Bueno",3,0
"4648","Normal","Alta","Leve","Bueno",9,0
"4649","Normal","Alta","Fuerte","Malo",2,1
"4650","Normal","Normal","Fuerte","Regular",6,1
"4651","Normal","Normal","Fuerte","Regular",5,0
"4652","Normal","Alta","Fuerte","Bueno",5,1
"4653","Normal","Normal","Fuerte","Malo",3,0
"4654","Normal","Normal","Leve","Malo",4,0
"4655","Normal","Normal","Leve","Bueno",4,1
"4656","Normal","Alta","Fuerte","Malo",2,1
"4657","Baja","Alta","Leve","Regular",6,1
"4658","Normal","Alta","Leve","Regular",5,1
"4659","Baja","Alta","Leve","Regular",4,1
"4660","Normal","Normal","Leve","Bueno",5,1
"4661","Normal","Normal","Fuerte","Bueno",3,1
"4662","Normal","Normal","Leve","Bueno",2,0
"4663","Normal","Baja","Fuerte","Bueno",5,1
"4664","Normal","Alta","Leve","Bueno",3,0
"4665","Normal","Normal","Fuerte","Bueno",1,1
"4666","Normal","Normal","Leve","Bueno",7,0
"4667","Normal","Baja","Fuerte","Malo",5,0
"4668","Normal","Alta","Fuerte","Malo",5,1
"4669","Baja","Normal","Fuerte","Malo",7,1
"4670","Normal","Normal","Leve","Regular",0,1
"4671","Normal","Normal","Fuerte","Bueno",7,1
"4672","Normal","Alta","Fuerte","Regular",4,1
"4673","Normal","Normal","Fuerte","Malo",3,1
"4674","Normal","Normal","Leve","Bueno",5,1
"4675","Normal","Alta","Fuerte","Malo",3,0
"4676","Alta","Normal","Fuerte","Regular",3,0
"4677","Alta","Baja","Fuerte","Bueno",2,1
"4678","Normal","Normal","Leve","Bueno",2,1
"4679","Normal","Normal","Fuerte","Bueno",2,0
"4680","Normal","Normal","Fuerte","Malo",4,0
"4681","Alta","Baja","Leve","Regular",2,1
"4682","Normal","Normal","Fuerte","Bueno",1,0
"4683","Alta","Alta","Fuerte","Regular",7,1
"4684","Baja","Alta","Fuerte","Regular",1,1
"4685","Normal","Baja","Leve","Regular",5,1
"4686","Normal","Normal","Leve","Regular",2,1
"4687","Normal","Normal","Fuerte","Regular",4,0
"4688","Normal","Normal","Fuerte","Regular",4,1
"4689","Normal","Normal","Leve","Bueno",4,1
"4690","Normal","Normal","Fuerte","Regular",4,1
"4691","Normal","Normal","Fuerte","Regular",2,1
"4692","Normal","Normal","Fuerte","Regular",3,0
"4693","Normal","Alta","Fuerte","Bueno",8,0
"4694","Normal","Baja","Leve","Regular",7,1
"4695","Normal","Baja","Leve","Regular",6,1
"4696","Normal","Baja","Leve","Malo",3,1
"4697","Normal","Normal","Leve","Malo",2,1
"4698","Normal","Baja","Leve","Regular",5,0
"4699","Baja","Alta","Leve","Bueno",9,0
"4700","Normal","Normal","Fuerte","Malo",6,0
"4701","Normal","Normal","Fuerte","Regular",2,0
"4702","Normal","Normal","Leve","Regular",9,1
"4703","Normal","Normal","Leve","Regular",2,1
"4704","Normal","Alta","Leve","Malo",3,1
"4705","Normal","Normal","Leve","Regular",7,0
"4706","Normal","Baja","Fuerte","Bueno",4,1
"4707","Alta","Baja","Leve","Bueno",7,1
"4708","Baja","Alta","Fuerte","Regular",3,0
"4709","Baja","Alta","Fuerte","Bueno",5,1
"4710","Normal","Normal","Fuerte","Regular",5,1
"4711","Normal","Baja","Fuerte","Bueno",4,1
"4712","Normal","Normal","Fuerte","Bueno",2,1
"4713","Normal","Normal","Leve","Regular",9,0
"4714","Baja","Alta","Leve","Regular",4,0
"4715","Normal","Normal","Fuerte","Regular",5,0
"4716","Baja","Alta","Fuerte","Regular",3,1
"4717","Normal","Normal","Fuerte","Bueno",4,0
"4718","Baja","Alta","Leve","Regular",2,1
"4719","Normal","Normal","Fuerte","Malo",6,0
"4720","Normal","Alta","Leve","Bueno",4,0
"4721","Normal","Baja","Leve","Regular",5,1
"4722","Baja","Alta","Leve","Malo",4,1
"4723","Alta","Normal","Leve","Bueno",2,1
"4724","Normal","Normal","Fuerte","Bueno",5,0
"4725","Baja","Normal","Fuerte","Regular",1,0
"4726","Baja","Alta","Fuerte","Bueno",2,1
"4727","Normal","Normal","Fuerte","Malo",4,0
"4728","Alta","Baja","Fuerte","Regular",3,0
"4729","Baja","Alta","Leve","Malo",3,0
"4730","Baja","Normal","Fuerte","Bueno",2,1
"4731","Normal","Alta","Fuerte","Malo",3,1
"4732","Baja","Alta","Leve","Malo",3,1
"4733","Normal","Alta","Fuerte","Regular",3,1
"4734","Normal","Alta","Leve","Bueno",3,1
"4735","Normal","Normal","Fuerte","Malo",4,1
"4736","Normal","Normal","Fuerte","Regular",4,0
"4737","Alta","Alta","Fuerte","Regular",6,1
"4738","Normal","Alta","Fuerte","Bueno",3,1
"4739","Alta","Alta","Leve","Malo",4,1
"4740","Normal","Normal","Fuerte","Regular",5,1
"4741","Normal","Alta","Leve","Regular",4,1
"4742","Alta","Normal","Fuerte","Regular",7,1
"4743","Normal","Alta","Leve","Malo",1,1
"4744","Normal","Normal","Fuerte","Bueno",2,0
"4745","Baja","Alta","Leve","Bueno",4,1
"4746","Normal","Baja","Leve","Regular",7,0
"4747","Normal","Baja","Fuerte","Regular",3,0
"4748","Normal","Baja","Leve","Regular",3,0
"4749","Normal","Normal","Leve","Regular",0,1
"4750","Alta","Normal","Fuerte","Bueno",0,1
"4751","Normal","Normal","Fuerte","Bueno",2,1
"4752","Normal","Baja","Fuerte","Malo",1,1
"4753","Baja","Alta","Fuerte","Regular",5,1
"4754","Baja","Alta","Leve","Malo",4,1
"4755","Normal","Baja","Fuerte","Regular",3,0
"4756","Normal","Normal","Leve","Malo",1,1
"4757","Normal","Baja","Leve","Bueno",5,1
"4758","Normal","Normal","Leve","Regular",1,1
"4759","Baja","Alta","Fuerte","Regular",4,0
"4760","Normal","Baja","Fuerte","Bueno",2,1
"4761","Normal","Normal","Fuerte","Bueno",3,1
"4762","Normal","Baja","Fuerte","Bueno",4,1
"4763","Normal","Normal","Fuerte","Malo",3,1
"4764","Baja","Alta","Leve","Regular",5,0
"4765","Normal","Normal","Leve","Bueno",3,1
"4766","Normal","Normal","Leve","Bueno",5,1
"4767","Baja","Alta","Fuerte","Bueno",5,1
"4768","Normal","Alta","Fuerte","Bueno",4,1
"4769","Normal","Alta","Fuerte","Bueno",7,1
"4770","Alta","Normal","Leve","Bueno",4,1
"4771","Baja","Alta","Fuerte","Bueno",5,0
"4772","Normal","Alta","Fuerte","Regular",7,0
"4773","Normal","Normal","Fuerte","Regular",5,1
"4774","Baja","Alta","Fuerte","Bueno",4,1
"4775","Alta","Alta","Fuerte","Malo",6,0
"4776","Normal","Alta","Fuerte","Bueno",4,0
"4777","Normal","Normal","Leve","Malo",4,0
"4778","Normal","Normal","Fuerte","Regular",5,0
"4779","Alta","Normal","Fuerte","Malo",6,1
"4780","Normal","Alta","Leve","Regular",3,1
"4781","Baja","Alta","Fuerte","Malo",4,0
"4782","Normal","Normal","Fuerte","Bueno",2,1
"4783","Normal","Alta","Leve","Regular",6,0
"4784","Alta","Baja","Fuerte","Bueno",6,0
"4785","Baja","Alta","Fuerte","Regular",2,1
"4786","Normal","Normal","Fuerte","Malo",2,0
"4787","Normal","Alta","Leve","Bueno",5,1
"4788","Normal","Normal","Leve","Regular",6,1
"4789","Alta","Baja","Fuerte","Malo",3,0
"4790","Normal","Normal","Fuerte","Regular",5,1
"4791","Normal","Normal","Leve","Malo",6,0
"4792","Normal","Normal","Fuerte","Malo",1,0
"4793","Baja","Normal","Leve","Regular",6,0
"4794","Baja","Alta","Leve","Regular",5,0
"4795","Baja","Alta","Leve","Bueno",4,1
"4796","Normal","Baja","Fuerte","Bueno",2,1
"4797","Normal","Normal","Fuerte","Malo",3,1
"4798","Baja","Alta","Fuerte","Regular",2,1
"4799","Normal","Alta","Fuerte","Bueno",3,1
"4800","Normal","Normal","Fuerte","Bueno",4,1
"4801","Baja","Alta","Fuerte","Malo",5,1
"4802","Normal","Normal","Leve","Regular",5,1
"4803","Normal","Alta","Leve","Regular",4,1
"4804","Baja","Alta","Fuerte","Bueno",6,0
"4805","Normal","Normal","Fuerte","Regular",7,0
"4806","Normal","Normal","Fuerte","Bueno",3,0
"4807","Normal","Normal","Fuerte","Regular",3,0
"4808","Normal","Normal","Fuerte","Malo",5,1
"4809","Baja","Alta","Leve","Bueno",6,0
"4810","Baja","Alta","Leve","Malo",1,0
"4811","Baja","Alta","Fuerte","Bueno",2,1
"4812","Baja","Alta","Leve","Regular",3,0
"4813","Normal","Normal","Leve","Bueno",6,1
"4814","Baja","Alta","Fuerte","Bueno",3,1
"4815","Normal","Normal","Fuerte","Regular",3,0
"4816","Normal","Baja","Fuerte","Bueno",7,1
"4817","Normal","Baja","Leve","Bueno",2,1
"4818","Normal","Alta","Fuerte","Bueno",3,0
"4819","Alta","Baja","Fuerte","Malo",5,0
"4820","Normal","Normal","Leve","Bueno",6,1
"4821","Normal","Normal","Leve","Bueno",3,1
"4822","Normal","Baja","Leve","Bueno",1,1
"4823","Baja","Alta","Fuerte","Malo",2,1
"4824","Normal","Normal","Leve","Regular",5,1
"4825","Normal","Normal","Fuerte","Bueno",3,0
"4826","Baja","Alta","Fuerte","Bueno",4,1
"4827","Normal","Alta","Fuerte","Bueno",0,1
"4828","Normal","Baja","Fuerte","Bueno",2,1
"4829","Alta","Normal","Leve","Regular",6,0
"4830","Normal","Normal","Fuerte","Regular",6,1
"4831","Normal","Alta","Fuerte","Bueno",3,0
"4832","Baja","Alta","Fuerte","Regular",8,1
"4833","Normal","Normal","Fuerte","Malo",3,1
"4834","Baja","Alta","Fuerte","Bueno",4,0
"4835","Normal","Baja","Fuerte","Regular",3,0
"4836","Normal","Baja","Fuerte","Regular",5,1
"4837","Normal","Alta","Leve","Malo",4,0
"4838","Baja","Alta","Fuerte","Bueno",4,1
"4839","Baja","Alta","Leve","Regular",2,0
"4840","Normal","Baja","Fuerte","Bueno",5,0
"4841","Normal","Normal","Fuerte","Bueno",5,0
"4842","Normal","Baja","Leve","Regular",5,0
"4843","Baja","Alta","Leve","Bueno",4,0
"4844","Normal","Baja","Leve","Bueno",5,1
"4845","Baja","Alta","Fuerte","Regular",4,1
"4846","Normal","Normal","Fuerte","Bueno",2,1
"4847","Alta","Baja","Leve","Regular",2,0
"4848","Alta","Normal","Leve","Bueno",8,1
"4849","Normal","Alta","Fuerte","Regular",3,1
"4850","Normal","Normal","Fuerte","Regular",6,1
"4851","Normal","Alta","Leve","Bueno",4,1
"4852","Normal","Normal","Fuerte","Regular",6,0
"4853","Baja","Alta","Leve","Regular",3,0
"4854","Normal","Normal","Fuerte","Regular",7,0
"4855","Normal","Alta","Leve","Malo",6,1
"4856","Normal","Normal","Fuerte","Bueno",4,0
"4857","Normal","Alta","Leve","Bueno",4,0
"4858","Normal","Baja","Leve","Bueno",4,0
"4859","Baja","Alta","Leve","Regular",5,1
"4860","Normal","Baja","Fuerte","Bueno",4,1
"4861","Normal","Normal","Fuerte","Bueno",0,1
"4862","Normal","Normal","Fuerte","Bueno",7,0
"4863","Baja","Alta","Leve","Regular",5,0
"4864","Normal","Normal","Leve","Bueno",3,1
"4865","Normal","Baja","Leve","Regular",11,1
"4866","Normal","Normal","Fuerte","Bueno",5,0
"4867","Baja","Alta","Fuerte","Regular",2,0
"4868","Baja","Alta","Fuerte","Bueno",8,1
"4869","Normal","Normal","Fuerte","Regular",7,0
"4870","Normal","Baja","Fuerte","Malo",4,1
"4871","Normal","Normal","Leve","Regular",8,0
"4872","Normal","Normal","Leve","Bueno",2,1
"4873","Normal","Baja","Fuerte","Malo",5,1
"4874","Baja","Alta","Fuerte","Bueno",4,1
"4875","Normal","Normal","Fuerte","Malo",6,1
"4876","Baja","Alta","Leve","Regular",2,0
"4877","Baja","Alta","Fuerte","Bueno",5,0
"4878","Alta","Normal","Fuerte","Bueno",3,1
"4879","Normal","Baja","Leve","Bueno",7,1
"4880","Normal","Normal","Leve","Malo",7,0
"4881","Normal","Normal","Leve","Malo",4,0
"4882","Normal","Normal","Leve","Bueno",6,1
"4883","Normal","Normal","Leve","Malo",4,0
"4884","Normal","Alta","Fuerte","Regular",5,1
"4885","Normal","Baja","Fuerte","Regular",3,1
"4886","Alta","Baja","Fuerte","Bueno",0,1
"4887","Alta","Normal","Leve","Regular",6,1
"4888","Normal","Baja","Fuerte","Regular",3,0
"4889","Normal","Normal","Leve","Regular",4,0
"4890","Normal","Baja","Leve","Malo",2,0
"4891","Baja","Alta","Leve","Regular",4,0
"4892","Normal","Alta","Leve","Malo",3,1
"4893","Baja","Alta","Leve","Bueno",9,0
"4894","Normal","Normal","Leve","Bueno",2,1
"4895","Baja","Alta","Leve","Bueno",0,1
"4896","Normal","Baja","Leve","Malo",6,0
"4897","Normal","Normal","Fuerte","Regular",3,0
"4898","Normal","Baja","Fuerte","Regular",6,0
"4899","Normal","Normal","Leve","Regular",5,1
"4900","Normal","Normal","Leve","Regular",3,1
"4901","Baja","Alta","Leve","Bueno",4,0
"4902","Alta","Alta","Fuerte","Malo",0,1
"4903","Baja","Alta","Fuerte","Malo",6,0
"4904","Normal","Normal","Fuerte","Regular",4,0
"4905","Normal","Alta","Leve","Malo",2,1
"4906","Normal","Baja","Fuerte","Bueno",4,1
"4907","Normal","Normal","Leve","Bueno",5,0
"4908","Baja","Alta","Leve","Regular",6,0
"4909","Baja","Alta","Leve","Regular",5,0
"4910","Normal","Alta","Leve","Regular",5,0
"4911","Normal","Normal","Leve","Regular",3,1
"4912","Normal","Baja","Fuerte","Regular",3,0
"4913","Normal","Normal","Fuerte","Bueno",6,1
"4914","Normal","Normal","Fuerte","Regular",5,1
"4915","Normal","Normal","Fuerte","Malo",4,1
"4916","Normal","Normal","Leve","Regular",0,1
"4917","Baja","Alta","Leve","Bueno",4,1
"4918","Normal","Normal","Fuerte","Regular",4,1
"4919","Baja","Alta","Leve","Malo",3,0
"4920","Baja","Normal","Fuerte","Regular",5,0
"4921","Normal","Normal","Fuerte","Regular",4,1
"4922","Normal","Normal","Leve","Bueno",2,1
"4923","Alta","Alta","Leve","Regular",5,1
"4924","Normal","Baja","Fuerte","Regular",2,1
"4925","Baja","Normal","Leve","Bueno",5,0
"4926","Alta","Normal","Fuerte","Regular",7,0
"4927","Normal","Normal","Fuerte","Bueno",7,0
"4928","Alta","Baja","Leve","Regular",3,1
"4929","Alta","Baja","Leve","Regular",3,0
"4930","Normal","Normal","Leve","Bueno",2,0
"4931","Baja","Alta","Leve","Malo",2,1
"4932","Normal","Normal","Leve","Regular",3,1
"4933","Normal","Normal","Leve","Regular",2,0
"4934","Normal","Normal","Leve","Regular",4,1
"4935","Normal","Normal","Fuerte","Regular",4,1
"4936","Normal","Normal","Leve","Bueno",3,0
"4937","Baja","Alta","Leve","Regular",8,0
"4938","Alta","Baja","Leve","Malo",7,1
"4939","Baja","Alta","Fuerte","Bueno",4,1
"4940","Baja","Alta","Fuerte","Bueno",4,1
"4941","Normal","Normal","Fuerte","Regular",1,1
"4942","Normal","Normal","Fuerte","Malo",8,0
"4943","Normal","Baja","Fuerte","Bueno",3,0
"4944","Alta","Normal","Fuerte","Malo",3,1
"4945","Baja","Alta","Leve","Regular",3,0
"4946","Normal","Normal","Leve","Bueno",5,0
"4947","Baja","Alta","Leve","Regular",3,0
"4948","Normal","Normal","Fuerte","Bueno",0,1
"4949","Normal","Normal","Leve","Bueno",4,0
"4950","Normal","Baja","Fuerte","Bueno",6,0
"4951","Normal","Normal","Leve","Regular",3,0
"4952","Normal","Baja","Fuerte","Bueno",7,1
"4953","Normal","Alta","Fuerte","Bueno",2,1
"4954","Normal","Normal","Fuerte","Malo",3,0
"4955","Normal","Baja","Fuerte","Bueno",8,1
"4956","Baja","Alta","Fuerte","Regular",5,0
"4957","Normal","Normal","Fuerte","Regular",2,0
"4958","Normal","Baja","Fuerte","Malo",9,1
"4959","Alta","Normal","Fuerte","Bueno",3,0
"4960","Normal","Alta","Fuerte","Regular",3,0
"4961","Normal","Normal","Leve","Malo",4,1
"4962","Normal","Normal","Fuerte","Regular",6,0
"4963","Normal","Normal","Fuerte","Regular",2,0
"4964","Normal","Normal","Leve","Regular",3,0
"4965","Alta","Normal","Leve","Malo",6,0
"4966","Baja","Alta","Leve","Malo",7,0
"4967","Normal","Normal","Fuerte","Regular",2,1
"4968","Normal","Baja","Fuerte","Malo",6,1
"4969","Normal","Alta","Fuerte","Regular",2,0
"4970","Alta","Baja","Fuerte","Bueno",3,1
"4971","Normal","Normal","Fuerte","Regular",9,1
"4972","Normal","Alta","Leve","Regular",3,1
"4973","Normal","Alta","Fuerte","Regular",3,1
"4974","Normal","Normal","Leve","Bueno",3,1
"4975","Normal","Normal","Fuerte","Regular",5,0
"4976","Normal","Baja","Fuerte","Bueno",2,1
"4977","Normal","Normal","Leve","Regular",6,1
"4978","Normal","Normal","Fuerte","Regular",4,1
"4979","Normal","Normal","Leve","Regular",8,0
"4980","Normal","Normal","Leve","Bueno",1,0
"4981","Normal","Normal","Leve","Regular",3,0
"4982","Alta","Baja","Leve","Bueno",2,1
"4983","Normal","Baja","Fuerte","Regular",3,0
"4984","Alta","Alta","Leve","Bueno",6,1
"4985","Alta","Baja","Leve","Bueno",6,1
"4986","Normal","Normal","Leve","Bueno",6,1
"4987","Normal","Normal","Leve","Regular",3,1
"4988","Normal","Normal","Fuerte","Regular",4,1
"4989","Baja","Alta","Fuerte","Malo",7,1
"4990","Normal","Normal","Leve","Regular",4,1
"4991","Normal","Normal","Fuerte","Regular",5,0
"4992","Baja","Alta","Fuerte","Bueno",4,1
"4993","Normal","Normal","Fuerte","Malo",5,1
"4994","Normal","Baja","Leve","Regular",6,1
"4995","Normal","Baja","Leve","Malo",5,0
"4996","Normal","Normal","Fuerte","Malo",4,1
"4997","Normal","Normal","Fuerte","Bueno",4,1
"4998","Normal","Normal","Fuerte","Bueno",2,0
"4999","Normal","Baja","Leve","Bueno",3,0
"5000","Normal","Normal","Fuerte","Regular",3,1
"5001","Normal","Normal","Fuerte","Bueno",3,1
"5002","Normal","Normal","Fuerte","Malo",6,0
"5003","Alta","Baja","Leve","Malo",3,1
"5004","Baja","Alta","Leve","Regular",4,1
"5005","Normal","Normal","Fuerte","Regular",4,0
"5006","Normal","Alta","Fuerte","Malo",1,0
"5007","Normal","Normal","Leve","Regular",4,1
"5008","Baja","Alta","Leve","Regular",4,1
"5009","Baja","Alta","Leve","Bueno",1,0
"5010","Normal","Normal","Leve","Regular",4,1
"5011","Normal","Normal","Fuerte","Bueno",2,0
"5012","Normal","Normal","Leve","Regular",2,0
"5013","Normal","Baja","Fuerte","Regular",4,0
"5014","Normal","Normal","Leve","Regular",5,0
"5015","Baja","Alta","Leve","Bueno",7,0
"5016","Alta","Baja","Leve","Regular",6,1
"5017","Normal","Baja","Fuerte","Regular",2,1
"5018","Normal","Normal","Leve","Regular",9,0
"5019","Baja","Alta","Fuerte","Regular",6,1
"5020","Normal","Alta","Leve","Regular",4,1
"5021","Normal","Normal","Fuerte","Regular",6,0
"5022","Normal","Normal","Fuerte","Bueno",1,1
"5023","Normal","Normal","Leve","Bueno",2,0
"5024","Baja","Alta","Leve","Regular",5,0
"5025","Normal","Normal","Leve","Bueno",6,1
"5026","Alta","Normal","Fuerte","Regular",5,0
"5027","Normal","Normal","Leve","Bueno",4,1
"5028","Normal","Normal","Leve","Bueno",4,1
"5029","Normal","Baja","Fuerte","Regular",5,1
"5030","Alta","Normal","Leve","Regular",7,0
"5031","Normal","Alta","Fuerte","Malo",11,1
"5032","Normal","Normal","Fuerte","Bueno",1,1
"5033","Normal","Alta","Fuerte","Regular",4,0
"5034","Normal","Baja","Fuerte","Bueno",3,1
"5035","Baja","Alta","Fuerte","Malo",6,0
"5036","Baja","Alta","Leve","Bueno",6,0
"5037","Normal","Baja","Leve","Regular",2,0
"5038","Normal","Alta","Fuerte","Bueno",1,1
"5039","Normal","Alta","Leve","Regular",2,0
"5040","Normal","Alta","Fuerte","Malo",1,1
"5041","Baja","Alta","Fuerte","Regular",2,0
"5042","Normal","Alta","Fuerte","Bueno",1,0
"5043","Normal","Normal","Leve","Malo",5,1
"5044","Baja","Alta","Leve","Regular",6,1
"5045","Normal","Alta","Fuerte","Malo",4,0
"5046","Normal","Alta","Fuerte","Bueno",4,0
"5047","Normal","Normal","Leve","Bueno",8,1
"5048","Normal","Alta","Fuerte","Bueno",1,1
"5049","Normal","Normal","Fuerte","Malo",2,1
"5050","Baja","Alta","Leve","Malo",8,0
"5051","Normal","Normal","Fuerte","Regular",4,1
"5052","Baja","Alta","Leve","Malo",5,1
"5053","Normal","Normal","Fuerte","Bueno",2,1
"5054","Baja","Alta","Leve","Bueno",6,0
"5055","Normal","Normal","Fuerte","Malo",3,1
"5056","Normal","Baja","Fuerte","Bueno",8,0
"5057","Normal","Normal","Leve","Bueno",1,1
"5058","Baja","Alta","Leve","Regular",1,1
"5059","Baja","Baja","Leve","Regular",7,1
"5060","Normal","Baja","Fuerte","Bueno",3,0
"5061","Baja","Alta","Fuerte","Malo",4,0
"5062","Baja","Alta","Leve","Malo",3,0
"5063","Baja","Alta","Leve","Regular",4,0
"5064","Normal","Alta","Leve","Regular",2,0
"5065","Normal","Alta","Fuerte","Bueno",2,1
"5066","Normal","Alta","Fuerte","Regular",3,1
"5067","Baja","Alta","Leve","Regular",4,0
"5068","Normal","Normal","Leve","Regular",5,1
"5069","Normal","Normal","Fuerte","Bueno",7,1
"5070","Normal","Alta","Fuerte","Regular",3,0
"5071","Baja","Alta","Fuerte","Regular",2,1
"5072","Normal","Baja","Fuerte","Bueno",2,0
"5073","Normal","Baja","Leve","Regular",0,1
"5074","Normal","Normal","Fuerte","Bueno",4,1
"5075","Alta","Baja","Leve","Regular",7,0
"5076","Normal","Alta","Leve","Regular",5,1
"5077","Baja","Alta","Leve","Regular",4,1
"5078","Baja","Alta","Fuerte","Bueno",7,1
"5079","Baja","Alta","Fuerte","Regular",6,0
"5080","Normal","Normal","Leve","Regular",3,1
"5081","Normal","Normal","Leve","Regular",8,0
"5082","Alta","Baja","Fuerte","Bueno",5,0
"5083","Normal","Baja","Leve","Regular",10,0
"5084","Alta","Normal","Fuerte","Bueno",5,0
"5085","Alta","Alta","Fuerte","Regular",5,1
"5086","Baja","Alta","Leve","Bueno",3,1
"5087","Baja","Alta","Leve","Malo",4,1
"5088","Alta","Normal","Fuerte","Bueno",5,0
"5089","Normal","Normal","Leve","Regular",0,1
"5090","Baja","Alta","Fuerte","Regular",3,0
"5091","Baja","Alta","Fuerte","Malo",1,0
"5092","Normal","Alta","Fuerte","Regular",4,1
"5093","Normal","Normal","Leve","Bueno",1,0
"5094","Baja","Alta","Fuerte","Bueno",2,1
"5095","Baja","Normal","Fuerte","Malo",6,0
"5096","Normal","Normal","Leve","Bueno",2,0
"5097","Baja","Alta","Fuerte","Regular",2,1
"5098","Normal","Alta","Fuerte","Malo",3,1
"5099","Normal","Alta","Fuerte","Bueno",4,1
"5100","Baja","Alta","Fuerte","Regular",4,1
"5101","Baja","Alta","Fuerte","Malo",1,1
"5102","Normal","Baja","Fuerte","Bueno",5,0
"5103","Normal","Baja","Fuerte","Bueno",3,0
"5104","Normal","Baja","Leve","Regular",4,1
"5105","Normal","Baja","Fuerte","Malo",7,1
"5106","Baja","Alta","Leve","Malo",2,0
"5107","Normal","Normal","Fuerte","Regular",1,1
"5108","Normal","Normal","Fuerte","Regular",1,1
"5109","Normal","Normal","Leve","Regular",9,1
"5110","Alta","Baja","Fuerte","Bueno",1,1
"5111","Baja","Alta","Fuerte","Regular",1,0
"5112","Normal","Normal","Fuerte","Bueno",0,1
"5113","Baja","Alta","Fuerte","Malo",2,1
"5114","Alta","Baja","Leve","Malo",4,0
"5115","Baja","Alta","Fuerte","Regular",6,1
"5116","Alta","Normal","Fuerte","Bueno",4,0
"5117","Normal","Baja","Leve","Bueno",4,0
"5118","Normal","Alta","Leve","Malo",7,1
"5119","Normal","Normal","Leve","Bueno",6,1
"5120","Normal","Normal","Leve","Bueno",8,1
"5121","Normal","Alta","Leve","Regular",3,0
"5122","Normal","Alta","Fuerte","Regular",0,1
"5123","Baja","Alta","Fuerte","Bueno",4,1
"5124","Normal","Alta","Leve","Malo",0,1
"5125","Normal","Normal","Leve","Regular",4,0
"5126","Normal","Alta","Fuerte","Bueno",5,0
"5127","Baja","Alta","Fuerte","Malo",5,1
"5128","Normal","Normal","Leve","Regular",1,0
"5129","Normal","Normal","Fuerte","Regular",4,1
"5130","Normal","Alta","Fuerte","Bueno",1,0
"5131","Normal","Normal","Fuerte","Bueno",3,1
"5132","Baja","Alta","Fuerte","Regular",4,0
"5133","Normal","Normal","Leve","Malo",5,1
"5134","Normal","Normal","Leve","Regular",2,0
"5135","Alta","Alta","Fuerte","Regular",1,1
"5136","Alta","Baja","Leve","Regular",6,1
"5137","Normal","Normal","Leve","Bueno",2,1
"5138","Baja","Alta","Fuerte","Regular",6,1
"5139","Baja","Baja","Leve","Malo",4,1
"5140","Normal","Baja","Leve","Regular",4,1
"5141","Normal","Normal","Leve","Bueno",3,0
"5142","Normal","Baja","Leve","Regular",5,0
"5143","Normal","Baja","Fuerte","Bueno",1,1
"5144","Normal","Alta","Fuerte","Bueno",3,0
"5145","Normal","Normal","Leve","Regular",4,0
"5146","Normal","Normal","Fuerte","Bueno",5,1
"5147","Normal","Alta","Fuerte","Bueno",4,0
"5148","Normal","Normal","Fuerte","Bueno",3,1
"5149","Normal","Normal","Leve","Bueno",1,1
"5150","Normal","Normal","Fuerte","Regular",3,1
"5151","Normal","Normal","Leve","Bueno",6,1
"5152","Baja","Alta","Leve","Regular",6,1
"5153","Normal","Alta","Leve","Regular",1,1
"5154","Baja","Alta","Fuerte","Malo",7,1
"5155","Normal","Baja","Leve","Regular",4,1
"5156","Normal","Baja","Leve","Bueno",4,1
"5157","Baja","Alta","Leve","Regular",1,0
"5158","Baja","Alta","Fuerte","Regular",4,0
"5159","Normal","Normal","Leve","Bueno",3,1
"5160","Normal","Alta","Fuerte","Regular",2,1
"5161","Normal","Normal","Leve","Regular",3,1
"5162","Alta","Baja","Fuerte","Regular",3,0
"5163","Normal","Normal","Fuerte","Regular",7,1
"5164","Normal","Normal","Leve","Regular",3,1
"5165","Normal","Normal","Leve","Bueno",2,1
"5166","Normal","Normal","Fuerte","Malo",5,1
"5167","Normal","Normal","Fuerte","Regular",7,1
"5168","Normal","Baja","Fuerte","Bueno",2,1
"5169","Normal","Normal","Fuerte","Regular",3,1
"5170","Baja","Alta","Fuerte","Bueno",5,1
"5171","Normal","Normal","Leve","Bueno",3,1
"5172","Baja","Alta","Leve","Malo",4,1
"5173","Normal","Normal","Leve","Regular",2,1
"5174","Baja","Alta","Fuerte","Bueno",3,0
"5175","Baja","Alta","Leve","Bueno",2,1
"5176","Normal","Baja","Leve","Bueno",4,0
"5177","Normal","Alta","Fuerte","Malo",5,0
"5178","Normal","Normal","Fuerte","Bueno",5,1
"5179","Normal","Baja","Fuerte","Bueno",5,0
"5180","Normal","Normal","Fuerte","Malo",2,0
"5181","Normal","Baja","Leve","Regular",6,1
"5182","Normal","Normal","Fuerte","Bueno",3,1
"5183","Baja","Alta","Leve","Regular",8,1
"5184","Normal","Alta","Leve","Regular",5,1
"5185","Normal","Alta","Fuerte","Bueno",3,1
"5186","Normal","Normal","Leve","Bueno",7,1
"5187","Normal","Normal","Leve","Malo",6,1
"5188","Normal","Alta","Fuerte","Regular",3,1
"5189","Baja","Alta","Fuerte","Regular",7,1
"5190","Alta","Baja","Fuerte","Bueno",4,1
"5191","Baja","Alta","Leve","Bueno",4,0
"5192","Baja","Alta","Fuerte","Bueno",4,1
"5193","Normal","Normal","Leve","Regular",3,1
"5194","Normal","Normal","Leve","Regular",1,0
"5195","Normal","Baja","Leve","Malo",1,1
"5196","Normal","Baja","Leve","Regular",2,1
"5197","Normal","Normal","Leve","Malo",3,1
"5198","Normal","Normal","Leve","Malo",2,1
"5199","Baja","Alta","Fuerte","Regular",3,1
"5200","Normal","Normal","Leve","Regular",6,0
"5201","Normal","Alta","Fuerte","Regular",4,1
"5202","Baja","Alta","Leve","Regular",5,1
"5203","Normal","Baja","Leve","Bueno",6,0
"5204","Alta","Baja","Fuerte","Regular",5,1
"5205","Normal","Normal","Fuerte","Bueno",5,1
"5206","Normal","Alta","Fuerte","Bueno",5,0
"5207","Normal","Normal","Leve","Malo",6,0
"5208","Alta","Normal","Leve","Regular",5,0
"5209","Baja","Alta","Leve","Malo",4,1
"5210","Normal","Normal","Leve","Bueno",3,1
"5211","Normal","Normal","Leve","Bueno",1,0
"5212","Normal","Baja","Fuerte","Bueno",5,0
"5213","Normal","Normal","Leve","Bueno",4,0
"5214","Baja","Alta","Fuerte","Regular",6,1
"5215","Normal","Normal","Fuerte","Regular",5,0
"5216","Normal","Normal","Fuerte","Regular",4,1
"5217","Normal","Normal","Leve","Bueno",5,1
"5218","Normal","Normal","Fuerte","Malo",5,1
"5219","Normal","Normal","Fuerte","Regular",5,1
"5220","Baja","Alta","Leve","Regular",5,1
"5221","Baja","Alta","Fuerte","Bueno",3,1
"5222","Baja","Alta","Fuerte","Bueno",5,1
"5223","Alta","Alta","Leve","Regular",5,0
"5224","Baja","Alta","Fuerte","Regular",5,1
"5225","Baja","Alta","Fuerte","Regular",4,1
"5226","Normal","Baja","Fuerte","Bueno",4,0
"5227","Alta","Normal","Leve","Regular",3,0
"5228","Baja","Alta","Fuerte","Bueno",3,1
"5229","Normal","Normal","Fuerte","Malo",8,0
"5230","Normal","Normal","Leve","Regular",4,0
"5231","Alta","Normal","Fuerte","Bueno",1,1
"5232","Normal","Baja","Leve","Bueno",6,1
"5233","Baja","Alta","Fuerte","Regular",0,1
"5234","Normal","Normal","Fuerte","Regular",5,1
"5235","Baja","Alta","Leve","Regular",4,1
"5236","Normal","Alta","Fuerte","Malo",1,0
"5237","Baja","Alta","Fuerte","Regular",4,1
"5238","Normal","Normal","Fuerte","Regular",4,0
"5239","Normal","Baja","Leve","Bueno",5,1
"5240","Baja","Alta","Fuerte","Bueno",5,1
"5241","Normal","Baja","Leve","Bueno",5,0
"5242","Alta","Normal","Fuerte","Regular",2,0
"5243","Normal","Alta","Fuerte","Regular",4,0
"5244","Normal","Alta","Fuerte","Bueno",3,1
"5245","Normal","Normal","Leve","Malo",3,0
"5246","Normal","Baja","Leve","Bueno",5,1
"5247","Normal","Alta","Fuerte","Malo",4,1
"5248","Normal","Alta","Fuerte","Regular",3,1
"5249","Alta","Baja","Leve","Regular",3,1
"5250","Normal","Normal","Fuerte","Bueno",2,1
"5251","Normal","Normal","Leve","Regular",5,1
"5252","Normal","Normal","Leve","Bueno",5,1
"5253","Normal","Alta","Leve","Regular",3,1
"5254","Normal","Normal","Fuerte","Regular",4,0
"5255","Baja","Alta","Fuerte","Regular",2,1
"5256","Normal","Normal","Leve","Malo",3,0
"5257","Normal","Alta","Leve","Regular",3,1
"5258","Normal","Normal","Leve","Regular",5,1
"5259","Normal","Normal","Fuerte","Regular",4,0
"5260","Normal","Normal","Fuerte","Bueno",5,1
"5261","Normal","Normal","Leve","Malo",3,0
"5262","Normal","Normal","Leve","Bueno",5,0
"5263","Baja","Alta","Leve","Regular",3,0
"5264","Alta","Alta","Fuerte","Bueno",6,0
"5265","Normal","Normal","Leve","Regular",3,1
"5266","Normal","Normal","Fuerte","Regular",8,1
"5267","Baja","Alta","Leve","Malo",4,1
"5268","Normal","Normal","Fuerte","Regular",4,1
"5269","Baja","Alta","Fuerte","Malo",5,1
"5270","Alta","Baja","Leve","Bueno",6,1
"5271","Baja","Alta","Fuerte","Bueno",3,1
"5272","Normal","Normal","Fuerte","Malo",5,0
"5273","Normal","Normal","Leve","Regular",4,1
"5274","Baja","Alta","Leve","Malo",3,1
"5275","Normal","Normal","Leve","Bueno",3,0
"5276","Normal","Normal","Leve","Bueno",3,1
"5277","Alta","Baja","Leve","Regular",4,0
"5278","Normal","Normal","Leve","Bueno",2,0
"5279","Normal","Normal","Fuerte","Bueno",5,1
"5280","Normal","Normal","Leve","Regular",1,1
"5281","Normal","Alta","Leve","Regular",2,1
"5282","Normal","Normal","Leve","Regular",4,1
"5283","Alta","Alta","Fuerte","Bueno",3,0
"5284","Alta","Baja","Leve","Bueno",4,1
"5285","Normal","Baja","Leve","Regular",5,0
"5286","Baja","Alta","Leve","Regular",3,0
"5287","Normal","Normal","Fuerte","Regular",3,1
"5288","Normal","Normal","Leve","Regular",2,1
"5289","Normal","Normal","Leve","Regular",2,1
"5290","Normal","Alta","Leve","Regular",7,0
"5291","Normal","Normal","Leve","Regular",7,0
"5292","Normal","Normal","Fuerte","Regular",5,1
"5293","Normal","Normal","Fuerte","Bueno",8,0
"5294","Normal","Baja","Fuerte","Bueno",6,1
"5295","Normal","Normal","Leve","Bueno",3,1
"5296","Normal","Alta","Fuerte","Bueno",6,0
"5297","Normal","Baja","Fuerte","Malo",5,0
"5298","Normal","Normal","Fuerte","Bueno",5,0
"5299","Normal","Baja","Fuerte","Malo",8,0
"5300","Baja","Alta","Fuerte","Bueno",3,1
"5301","Normal","Normal","Leve","Regular",1,0
"5302","Normal","Baja","Leve","Bueno",5,1
"5303","Baja","Alta","Leve","Malo",7,0
"5304","Normal","Normal","Fuerte","Malo",5,0
"5305","Baja","Alta","Leve","Bueno",3,1
"5306","Normal","Normal","Fuerte","Regular",4,0
"5307","Normal","Normal","Fuerte","Malo",2,0
"5308","Normal","Baja","Leve","Bueno",3,1
"5309","Normal","Normal","Leve","Bueno",4,1
"5310","Alta","Normal","Leve","Regular",5,1
"5311","Normal","Alta","Fuerte","Bueno",5,1
"5312","Normal","Normal","Fuerte","Regular",5,0
"5313","Baja","Alta","Leve","Regular",8,1
"5314","Baja","Alta","Leve","Regular",4,1
"5315","Normal","Alta","Leve","Regular",5,1
"5316","Baja","Baja","Leve","Malo",5,1
"5317","Normal","Normal","Leve","Regular",6,0
"5318","Normal","Normal","Fuerte","Malo",6,1
"5319","Normal","Normal","Fuerte","Regular",2,0
"5320","Alta","Normal","Leve","Bueno",2,0
"5321","Normal","Baja","Leve","Bueno",4,1
"5322","Normal","Baja","Fuerte","Regular",4,0
"5323","Baja","Alta","Leve","Bueno",3,1
"5324","Alta","Normal","Leve","Malo",5,1
"5325","Baja","Normal","Fuerte","Regular",2,1
"5326","Baja","Alta","Leve","Regular",7,1
"5327","Normal","Normal","Leve","Regular",3,0
"5328","Normal","Normal","Leve","Regular",2,0
"5329","Baja","Alta","Fuerte","Regular",3,1
"5330","Normal","Normal","Leve","Regular",4,1
"5331","Normal","Normal","Leve","Regular",10,1
"5332","Normal","Baja","Leve","Bueno",5,0
"5333","Normal","Normal","Leve","Regular",8,1
"5334","Alta","Normal","Leve","Bueno",5,0
"5335","Baja","Alta","Fuerte","Regular",1,0
"5336","Normal","Normal","Fuerte","Regular",5,1
"5337","Normal","Normal","Fuerte","Malo",3,1
"5338","Normal","Normal","Fuerte","Malo",3,0
"5339","Normal","Alta","Leve","Bueno",4,1
"5340","Normal","Normal","Fuerte","Bueno",4,0
"5341","Normal","Alta","Fuerte","Regular",4,1
"5342","Normal","Normal","Leve","Regular",7,0
"5343","Alta","Baja","Fuerte","Regular",3,1
"5344","Baja","Normal","Fuerte","Bueno",7,1
"5345","Baja","Alta","Leve","Bueno",4,1
"5346","Normal","Baja","Leve","Malo",3,1
"5347","Baja","Alta","Leve","Bueno",5,0
"5348","Baja","Alta","Leve","Bueno",2,1
"5349","Baja","Normal","Fuerte","Malo",3,0
"5350","Normal","Normal","Leve","Bueno",5,0
"5351","Alta","Alta","Fuerte","Bueno",7,1
"5352","Normal","Normal","Fuerte","Bueno",7,1
"5353","Normal","Alta","Leve","Bueno",5,1
"5354","Baja","Alta","Fuerte","Bueno",3,1
"5355","Normal","Normal","Leve","Malo",3,1
"5356","Normal","Normal","Leve","Bueno",7,1
"5357","Normal","Normal","Leve","Regular",2,0
"5358","Normal","Normal","Fuerte","Malo",8,1
"5359","Normal","Normal","Leve","Regular",5,0
"5360","Normal","Normal","Fuerte","Bueno",9,1
"5361","Normal","Normal","Leve","Malo",3,1
"5362","Normal","Normal","Leve","Bueno",7,1
"5363","Normal","Normal","Fuerte","Regular",2,0
"5364","Normal","Baja","Fuerte","Regular",7,0
"5365","Alta","Alta","Leve","Bueno",5,0
"5366","Baja","Alta","Fuerte","Bueno",3,0
"5367","Normal","Normal","Fuerte","Malo",5,0
"5368","Normal","Normal","Fuerte","Bueno",3,1
"5369","Normal","Normal","Leve","Malo",3,1
"5370","Baja","Normal","Leve","Bueno",6,0
"5371","Normal","Normal","Fuerte","Regular",6,1
"5372","Alta","Baja","Leve","Bueno",2,1
"5373","Normal","Normal","Leve","Bueno",3,1
"5374","Baja","Alta","Fuerte","Bueno",4,0
"5375","Alta","Normal","Fuerte","Bueno",4,1
"5376","Normal","Normal","Fuerte","Regular",3,1
"5377","Alta","Normal","Fuerte","Bueno",2,1
"5378","Normal","Normal","Fuerte","Regular",6,1
"5379","Normal","Alta","Leve","Bueno",4,0
"5380","Baja","Baja","Leve","Bueno",3,1
"5381","Normal","Alta","Leve","Regular",3,0
"5382","Normal","Alta","Leve","Regular",5,0
"5383","Normal","Alta","Fuerte","Regular",3,1
"5384","Normal","Normal","Fuerte","Bueno",3,1
"5385","Baja","Alta","Leve","Malo",3,0
"5386","Baja","Baja","Fuerte","Malo",1,1
"5387","Baja","Alta","Fuerte","Bueno",5,1
"5388","Normal","Baja","Fuerte","Malo",1,1
"5389","Normal","Normal","Fuerte","Regular",7,0
"5390","Baja","Alta","Leve","Bueno",7,0
"5391","Normal","Baja","Fuerte","Bueno",5,1
"5392","Normal","Normal","Fuerte","Bueno",5,1
"5393","Normal","Normal","Leve","Malo",1,1
"5394","Baja","Alta","Fuerte","Regular",4,1
"5395","Baja","Alta","Fuerte","Malo",4,1
"5396","Normal","Baja","Leve","Malo",5,1
"5397","Normal","Normal","Leve","Bueno",4,0
"5398","Baja","Alta","Fuerte","Regular",1,0
"5399","Normal","Normal","Fuerte","Regular",5,1
"5400","Alta","Baja","Fuerte","Bueno",6,0
"5401","Normal","Alta","Leve","Bueno",1,0
"5402","Normal","Alta","Leve","Regular",4,0
"5403","Alta","Baja","Leve","Malo",7,1
"5404","Normal","Normal","Leve","Bueno",3,1
"5405","Alta","Normal","Leve","Malo",4,0
"5406","Normal","Baja","Leve","Bueno",4,1
"5407","Normal","Alta","Leve","Malo",2,1
"5408","Normal","Baja","Fuerte","Regular",4,1
"5409","Normal","Normal","Fuerte","Bueno",1,1
"5410","Normal","Normal","Fuerte","Bueno",2,1
"5411","Normal","Normal","Leve","Regular",7,0
"5412","Normal","Alta","Leve","Regular",3,1
"5413","Normal","Baja","Fuerte","Bueno",2,1
"5414","Normal","Normal","Leve","Malo",8,0
"5415","Normal","Normal","Leve","Bueno",4,1
"5416","Normal","Baja","Fuerte","Regular",3,0
"5417","Normal","Normal","Fuerte","Bueno",6,1
"5418","Normal","Alta","Fuerte","Regular",0,1
"5419","Normal","Alta","Fuerte","Regular",4,0
"5420","Normal","Normal","Fuerte","Regular",5,0
"5421","Normal","Alta","Fuerte","Bueno",5,0
"5422","Normal","Alta","Leve","Bueno",6,1
"5423","Normal","Normal","Fuerte","Regular",5,0
"5424","Baja","Alta","Fuerte","Regular",4,1
"5425","Normal","Alta","Leve","Malo",2,1
"5426","Normal","Normal","Leve","Malo",4,1
"5427","Normal","Normal","Fuerte","Bueno",5,1
"5428","Baja","Alta","Fuerte","Malo",4,0
"5429","Normal","Normal","Fuerte","Bueno",4,0
"5430","Normal","Normal","Leve","Bueno",4,1
"5431","Normal","Normal","Fuerte","Bueno",3,0
"5432","Baja","Alta","Leve","Regular",6,1
"5433","Baja","Alta","Fuerte","Malo",4,1
"5434","Baja","Alta","Leve","Regular",6,1
"5435","Normal","Normal","Fuerte","Bueno",3,1
"5436","Baja","Alta","Fuerte","Regular",5,1
"5437","Normal","Alta","Fuerte","Regular",5,0
"5438","Normal","Normal","Leve","Malo",4,1
"5439","Normal","Normal","Leve","Bueno",2,0
"5440","Normal","Normal","Fuerte","Malo",2,1
"5441","Normal","Normal","Leve","Regular",7,1
"5442","Normal","Baja","Leve","Regular",5,1
"5443","Alta","Baja","Leve","Regular",2,1
"5444","Normal","Alta","Leve","Malo",3,1
"5445","Normal","Normal","Fuerte","Bueno",3,1
"5446","Baja","Alta","Leve","Bueno",3,1
"5447","Normal","Normal","Leve","Malo",1,1
"5448","Normal","Alta","Leve","Bueno",2,1
"5449","Normal","Normal","Fuerte","Bueno",5,0
"5450","Alta","Normal","Fuerte","Regular",6,0
"5451","Baja","Alta","Fuerte","Malo",2,1
"5452","Baja","Alta","Leve","Regular",6,1
"5453","Normal","Baja","Fuerte","Malo",8,0
"5454","Baja","Alta","Leve","Bueno",5,0
"5455","Normal","Baja","Fuerte","Bueno",4,1
"5456","Normal","Normal","Fuerte","Bueno",2,1
"5457","Normal","Normal","Fuerte","Bueno",4,1
"5458","Normal","Normal","Leve","Regular",7,1
"5459","Normal","Baja","Fuerte","Regular",3,1
"5460","Normal","Baja","Fuerte","Malo",2,0
"5461","Normal","Alta","Fuerte","Bueno",4,1
"5462","Normal","Normal","Fuerte","Bueno",4,1
"5463","Normal","Alta","Fuerte","Regular",9,1
"5464","Normal","Alta","Leve","Bueno",5,0
"5465","Normal","Normal","Fuerte","Malo",5,0
"5466","Alta","Normal","Leve","Malo",5,0
"5467","Baja","Alta","Fuerte","Malo",4,1
"5468","Baja","Alta","Leve","Regular",6,1
"5469","Alta","Alta","Leve","Bueno",3,0
"5470","Normal","Normal","Leve","Regular",6,1
"5471","Normal","Normal","Leve","Regular",3,1
"5472","Normal","Normal","Fuerte","Regular",6,0
"5473","Normal","Baja","Leve","Regular",2,0
"5474","Normal","Baja","Leve","Bueno",6,1
"5475","Normal","Normal","Fuerte","Bueno",8,0
"5476","Normal","Normal","Fuerte","Regular",3,0
"5477","Normal","Alta","Leve","Regular",3,1
"5478","Normal","Normal","Fuerte","Bueno",3,0
"5479","Baja","Alta","Leve","Regular",4,0
"5480","Normal","Normal","Fuerte","Regular",4,0
"5481","Normal","Baja","Fuerte","Regular",3,0
"5482","Normal","Baja","Leve","Regular",6,1
"5483","Normal","Alta","Fuerte","Bueno",0,1
"5484","Normal","Normal","Fuerte","Regular",6,0
"5485","Baja","Baja","Fuerte","Regular",3,1
"5486","Normal","Normal","Fuerte","Regular",1,0
"5487","Normal","Normal","Leve","Regular",2,1
"5488","Normal","Normal","Fuerte","Malo",2,0
"5489","Baja","Alta","Leve","Bueno",5,0
"5490","Normal","Normal","Fuerte","Bueno",3,0
"5491","Normal","Alta","Fuerte","Malo",6,0
"5492","Normal","Alta","Leve","Regular",2,0
"5493","Normal","Normal","Leve","Bueno",3,1
"5494","Normal","Baja","Fuerte","Bueno",1,1
"5495","Normal","Alta","Leve","Regular",5,0
"5496","Baja","Alta","Fuerte","Bueno",4,0
"5497","Normal","Alta","Fuerte","Bueno",5,1
"5498","Normal","Normal","Fuerte","Malo",5,0
"5499","Normal","Normal","Fuerte","Bueno",6,0
"5500","Baja","Alta","Leve","Regular",1,0
"5501","Normal","Baja","Fuerte","Bueno",4,1
"5502","Normal","Alta","Leve","Regular",2,1
"5503","Alta","Alta","Leve","Regular",4,0
"5504","Normal","Baja","Leve","Bueno",3,1
"5505","Alta","Baja","Leve","Malo",3,1
"5506","Normal","Normal","Fuerte","Malo",6,1
"5507","Normal","Baja","Fuerte","Malo",5,1
"5508","Normal","Normal","Fuerte","Malo",2,1
"5509","Baja","Normal","Leve","Regular",3,1
"5510","Normal","Normal","Leve","Regular",4,0
"5511","Normal","Normal","Fuerte","Regular",5,1
"5512","Normal","Normal","Fuerte","Bueno",4,1
"5513","Baja","Alta","Leve","Bueno",2,0
"5514","Baja","Alta","Leve","Regular",8,0
"5515","Baja","Normal","Fuerte","Bueno",3,1
"5516","Normal","Normal","Fuerte","Bueno",5,0
"5517","Normal","Normal","Fuerte","Bueno",3,1
"5518","Normal","Normal","Fuerte","Bueno",4,0
"5519","Baja","Alta","Fuerte","Regular",2,0
"5520","Normal","Normal","Leve","Malo",5,0
"5521","Baja","Alta","Leve","Regular",1,0
"5522","Normal","Normal","Fuerte","Malo",5,0
"5523","Normal","Baja","Fuerte","Regular",3,1
"5524","Normal","Normal","Leve","Bueno",5,0
"5525","Normal","Normal","Fuerte","Bueno",4,0
"5526","Normal","Normal","Leve","Regular",5,0
"5527","Normal","Normal","Fuerte","Regular",2,1
"5528","Baja","Alta","Fuerte","Malo",3,1
"5529","Alta","Alta","Leve","Regular",5,0
"5530","Normal","Normal","Fuerte","Bueno",6,1
"5531","Normal","Alta","Fuerte","Malo",2,0
"5532","Baja","Alta","Fuerte","Regular",4,1
"5533","Normal","Baja","Leve","Malo",3,1
"5534","Normal","Normal","Fuerte","Malo",3,0
"5535","Normal","Baja","Leve","Regular",2,1
"5536","Baja","Alta","Leve","Malo",3,0
"5537","Baja","Alta","Fuerte","Malo",4,0
"5538","Normal","Normal","Fuerte","Bueno",6,0
"5539","Normal","Baja","Fuerte","Malo",3,1
"5540","Normal","Normal","Leve","Bueno",2,1
"5541","Baja","Alta","Fuerte","Regular",5,1
"5542","Normal","Normal","Leve","Regular",1,0
"5543","Baja","Alta","Leve","Regular",1,1
"5544","Normal","Normal","Fuerte","Bueno",2,1
"5545","Baja","Alta","Leve","Bueno",1,0
"5546","Normal","Baja","Leve","Bueno",4,1
"5547","Normal","Baja","Fuerte","Regular",3,1
"5548","Normal","Baja","Fuerte","Malo",2,1
"5549","Normal","Normal","Fuerte","Bueno",2,1
"5550","Normal","Baja","Fuerte","Bueno",7,1
"5551","Normal","Normal","Fuerte","Bueno",4,0
"5552","Alta","Baja","Fuerte","Malo",2,1
"5553","Normal","Alta","Leve","Regular",7,1
"5554","Alta","Normal","Fuerte","Bueno",1,0
"5555","Baja","Alta","Fuerte","Regular",3,1
"5556","Normal","Alta","Leve","Bueno",3,1
"5557","Normal","Alta","Fuerte","Malo",4,1
"5558","Baja","Alta","Leve","Regular",6,0
"5559","Normal","Normal","Fuerte","Bueno",3,1
"5560","Baja","Normal","Leve","Malo",5,1
"5561","Alta","Alta","Fuerte","Bueno",7,0
"5562","Normal","Baja","Leve","Bueno",4,1
"5563","Baja","Alta","Fuerte","Malo",5,1
"5564","Normal","Normal","Leve","Regular",4,0
"5565","Normal","Normal","Leve","Bueno",3,1
"5566","Normal","Normal","Fuerte","Bueno",5,1
"5567","Normal","Normal","Fuerte","Regular",3,1
"5568","Normal","Normal","Fuerte","Malo",2,1
"5569","Normal","Normal","Fuerte","Regular",8,1
"5570","Normal","Baja","Leve","Regular",4,1
"5571","Normal","Normal","Fuerte","Bueno",4,0
"5572","Normal","Normal","Leve","Bueno",7,0
"5573","Baja","Alta","Leve","Bueno",3,1
"5574","Normal","Alta","Fuerte","Malo",4,0
"5575","Normal","Baja","Leve","Malo",5,0
"5576","Baja","Normal","Fuerte","Regular",6,0
"5577","Normal","Normal","Leve","Regular",8,0
"5578","Normal","Normal","Fuerte","Bueno",5,0
"5579","Baja","Alta","Leve","Regular",4,1
"5580","Normal","Alta","Leve","Bueno",3,1
"5581","Alta","Baja","Leve","Bueno",6,1
"5582","Normal","Normal","Leve","Bueno",5,0
"5583","Normal","Normal","Fuerte","Regular",3,1
"5584","Normal","Alta","Leve","Bueno",5,1
"5585","Normal","Normal","Leve","Malo",4,0
"5586","Alta","Alta","Fuerte","Malo",6,0
"5587","Normal","Alta","Leve","Malo",2,1
"5588","Normal","Alta","Leve","Bueno",4,1
"5589","Normal","Alta","Leve","Bueno",4,1
"5590","Normal","Normal","Leve","Regular",8,0
"5591","Normal","Baja","Fuerte","Bueno",7,0
"5592","Alta","Alta","Leve","Bueno",2,1
"5593","Baja","Alta","Fuerte","Regular",4,1
"5594","Normal","Alta","Fuerte","Malo",8,0
"5595","Alta","Baja","Leve","Regular",5,1
"5596","Baja","Alta","Leve","Bueno",5,0
"5597","Normal","Normal","Leve","Regular",7,1
"5598","Normal","Baja","Fuerte","Regular",4,0
"5599","Normal","Baja","Fuerte","Regular",4,0
"5600","Normal","Baja","Leve","Bueno",4,0
"5601","Normal","Normal","Leve","Bueno",3,1
"5602","Normal","Alta","Fuerte","Malo",7,1
"5603","Baja","Alta","Fuerte","Bueno",4,0
"5604","Normal","Alta","Fuerte","Bueno",0,1
"5605","Baja","Alta","Fuerte","Regular",7,0
"5606","Normal","Alta","Fuerte","Regular",8,0
"5607","Normal","Alta","Leve","Bueno",5,1
"5608","Normal","Baja","Leve","Bueno",6,1
"5609","Normal","Alta","Leve","Bueno",2,1
"5610","Normal","Normal","Fuerte","Bueno",7,1
"5611","Normal","Baja","Leve","Bueno",8,0
"5612","Alta","Normal","Leve","Bueno",4,0
"5613","Baja","Alta","Fuerte","Bueno",5,1
"5614","Normal","Normal","Leve","Bueno",4,1
"5615","Normal","Normal","Fuerte","Bueno",4,0
"5616","Normal","Baja","Leve","Bueno",2,0
"5617","Alta","Normal","Leve","Malo",1,1
"5618","Normal","Alta","Leve","Regular",2,1
"5619","Normal","Baja","Fuerte","Bueno",3,0
"5620","Normal","Normal","Fuerte","Malo",4,0
"5621","Normal","Normal","Leve","Regular",2,0
"5622","Alta","Normal","Fuerte","Bueno",2,1
"5623","Normal","Baja","Leve","Bueno",1,0
"5624","Normal","Normal","Leve","Bueno",6,0
"5625","Normal","Normal","Fuerte","Bueno",5,0
"5626","Normal","Baja","Leve","Malo",6,0
"5627","Baja","Alta","Fuerte","Bueno",3,1
"5628","Normal","Normal","Leve","Malo",5,1
"5629","Baja","Alta","Fuerte","Bueno",3,1
"5630","Alta","Baja","Leve","Regular",4,0
"5631","Baja","Alta","Fuerte","Regular",3,1
"5632","Normal","Normal","Leve","Regular",6,0
"5633","Alta","Alta","Leve","Regular",5,1
"5634","Normal","Normal","Fuerte","Bueno",4,0
"5635","Alta","Alta","Leve","Regular",5,0
"5636","Normal","Alta","Leve","Bueno",6,1
"5637","Normal","Normal","Fuerte","Regular",6,1
"5638","Normal","Baja","Leve","Bueno",2,1
"5639","Normal","Normal","Leve","Bueno",6,1
"5640","Alta","Baja","Fuerte","Bueno",8,0
"5641","Normal","Normal","Fuerte","Bueno",4,1
"5642","Normal","Baja","Fuerte","Bueno",5,1
"5643","Normal","Alta","Leve","Bueno",3,1
"5644","Normal","Alta","Leve","Regular",3,1
"5645","Normal","Normal","Leve","Regular",2,1
"5646","Baja","Alta","Leve","Regular",6,0
"5647","Normal","Normal","Leve","Bueno",2,0
"5648","Normal","Normal","Leve","Regular",7,1
"5649","Normal","Alta","Leve","Bueno",3,0
"5650","Baja","Normal","Leve","Regular",3,1
"5651","Normal","Baja","Leve","Malo",7,0
"5652","Normal","Normal","Fuerte","Malo",7,1
"5653","Normal","Normal","Leve","Malo",2,0
"5654","Baja","Alta","Leve","Regular",3,1
"5655","Alta","Baja","Leve","Regular",5,1
"5656","Normal","Normal","Fuerte","Bueno",3,1
"5657","Normal","Baja","Fuerte","Malo",1,0
"5658","Normal","Baja","Fuerte","Malo",2,1
"5659","Normal","Normal","Leve","Bueno",4,1
"5660","Alta","Baja","Leve","Bueno",6,1
"5661","Normal","Normal","Leve","Bueno",6,1
"5662","Alta","Baja","Leve","Regular",4,1
"5663","Normal","Baja","Leve","Malo",2,1
"5664","Normal","Normal","Leve","Regular",4,0
"5665","Baja","Alta","Leve","Regular",7,0
"5666","Normal","Normal","Fuerte","Regular",3,1
"5667","Alta","Normal","Leve","Bueno",5,0
"5668","Normal","Normal","Fuerte","Bueno",7,1
"5669","Normal","Normal","Leve","Bueno",5,1
"5670","Normal","Normal","Fuerte","Regular",5,1
"5671","Normal","Normal","Leve","Bueno",1,0
"5672","Normal","Baja","Leve","Malo",7,1
"5673","Baja","Alta","Leve","Bueno",3,0
"5674","Baja","Alta","Leve","Regular",3,0
"5675","Normal","Normal","Leve","Malo",4,1
"5676","Alta","Normal","Fuerte","Malo",1,1
"5677","Normal","Normal","Leve","Regular",4,1
"5678","Normal","Baja","Fuerte","Malo",5,1
"5679","Normal","Baja","Leve","Bueno",4,0
"5680","Normal","Normal","Fuerte","Regular",2,0
"5681","Normal","Normal","Fuerte","Bueno",3,1
"5682","Normal","Alta","Fuerte","Malo",5,1
"5683","Baja","Alta","Fuerte","Bueno",11,0
"5684","Normal","Normal","Leve","Regular",2,1
"5685","Normal","Normal","Leve","Malo",4,1
"5686","Baja","Alta","Leve","Malo",3,0
"5687","Normal","Alta","Fuerte","Bueno",3,1
"5688","Normal","Alta","Leve","Bueno",2,1
"5689","Normal","Alta","Fuerte","Bueno",1,1
"5690","Normal","Baja","Fuerte","Bueno",5,1
"5691","Normal","Baja","Fuerte","Bueno",6,0
"5692","Baja","Alta","Fuerte","Malo",0,1
"5693","Baja","Alta","Leve","Regular",3,1
"5694","Normal","Alta","Leve","Bueno",4,0
"5695","Normal","Baja","Fuerte","Regular",2,1
"5696","Normal","Baja","Leve","Regular",4,0
"5697","Baja","Alta","Leve","Regular",1,0
"5698","Normal","Normal","Fuerte","Bueno",3,1
"5699","Normal","Alta","Fuerte","Regular",3,0
"5700","Normal","Alta","Leve","Regular",4,0
"5701","Baja","Alta","Leve","Bueno",0,1
"5702","Normal","Alta","Leve","Bueno",4,0
"5703","Normal","Normal","Fuerte","Regular",4,0
"5704","Baja","Alta","Fuerte","Malo",6,1
"5705","Normal","Normal","Fuerte","Regular",2,0
"5706","Normal","Alta","Leve","Regular",2,1
"5707","Baja","Alta","Leve","Malo",2,1
"5708","Normal","Normal","Fuerte","Bueno",6,0
"5709","Normal","Normal","Leve","Bueno",5,0
"5710","Baja","Alta","Leve","Malo",5,1
"5711","Baja","Alta","Fuerte","Bueno",6,1
"5712","Normal","Normal","Fuerte","Bueno",7,1
"5713","Normal","Normal","Leve","Bueno",11,1
"5714","Normal","Normal","Leve","Bueno",1,0
"5715","Normal","Baja","Leve","Malo",2,0
"5716","Normal","Normal","Fuerte","Malo",7,0
"5717","Normal","Normal","Leve","Bueno",5,1
"5718","Normal","Normal","Leve","Regular",3,0
"5719","Normal","Normal","Fuerte","Malo",0,1
"5720","Baja","Alta","Fuerte","Regular",2,1
"5721","Baja","Alta","Fuerte","Bueno",4,1
"5722","Normal","Normal","Fuerte","Malo",3,1
"5723","Normal","Normal","Leve","Regular",4,1
"5724","Normal","Alta","Leve","Bueno",2,1
"5725","Normal","Normal","Fuerte","Bueno",1,1
"5726","Normal","Normal","Leve","Regular",8,1
"5727","Baja","Alta","Leve","Regular",4,1
"5728","Normal","Baja","Fuerte","Regular",3,1
"5729","Normal","Normal","Fuerte","Bueno",4,1
"5730","Normal","Normal","Leve","Regular",3,0
"5731","Baja","Alta","Leve","Bueno",5,0
"5732","Normal","Normal","Fuerte","Bueno",5,0
"5733","Normal","Baja","Leve","Regular",3,1
"5734","Baja","Alta","Leve","Regular",4,1
"5735","Normal","Normal","Leve","Malo",5,1
"5736","Normal","Normal","Fuerte","Regular",4,0
"5737","Normal","Alta","Fuerte","Malo",2,1
"5738","Baja","Alta","Fuerte","Regular",3,1
"5739","Normal","Normal","Fuerte","Bueno",8,1
"5740","Normal","Normal","Fuerte","Regular",7,1
"5741","Normal","Normal","Fuerte","Bueno",3,0
"5742","Normal","Normal","Fuerte","Regular",5,1
"5743","Normal","Normal","Fuerte","Bueno",3,1
"5744","Normal","Normal","Fuerte","Regular",1,1
"5745","Normal","Baja","Fuerte","Bueno",4,0
"5746","Normal","Normal","Leve","Malo",6,1
"5747","Normal","Alta","Fuerte","Malo",3,1
"5748","Alta","Baja","Fuerte","Regular",5,1
"5749","Normal","Normal","Leve","Regular",4,1
"5750","Normal","Normal","Fuerte","Regular",4,0
"5751","Baja","Alta","Leve","Bueno",2,1
"5752","Normal","Baja","Leve","Regular",5,0
"5753","Normal","Alta","Fuerte","Malo",3,0
"5754","Alta","Baja","Leve","Malo",7,1
"5755","Normal","Normal","Leve","Bueno",8,1
"5756","Baja","Alta","Fuerte","Regular",5,0
"5757","Normal","Normal","Leve","Bueno",5,1
"5758","Alta","Normal","Leve","Regular",5,0
"5759","Normal","Alta","Leve","Regular",5,0
"5760","Normal","Normal","Leve","Bueno",8,1
"5761","Normal","Normal","Fuerte","Regular",3,0
"5762","Normal","Baja","Leve","Regular",2,0
"5763","Baja","Alta","Leve","Bueno",3,0
"5764","Normal","Alta","Leve","Regular",3,1
"5765","Baja","Alta","Fuerte","Malo",4,1
"5766","Normal","Normal","Fuerte","Regular",3,1
"5767","Normal","Alta","Fuerte","Regular",2,0
"5768","Normal","Alta","Leve","Malo",2,0
"5769","Normal","Normal","Leve","Bueno",0,1
"5770","Normal","Normal","Leve","Regular",5,1
"5771","Normal","Baja","Fuerte","Regular",9,0
"5772","Baja","Alta","Leve","Bueno",2,1
"5773","Alta","Baja","Fuerte","Bueno",7,0
"5774","Normal","Normal","Fuerte","Malo",1,0
"5775","Normal","Normal","Leve","Regular",2,0
"5776","Alta","Normal","Fuerte","Regular",2,1
"5777","Normal","Alta","Leve","Regular",5,0
"5778","Normal","Alta","Fuerte","Bueno",4,0
"5779","Normal","Normal","Leve","Bueno",4,1
"5780","Normal","Normal","Leve","Regular",3,1
"5781","Alta","Baja","Fuerte","Malo",4,1
"5782","Normal","Normal","Fuerte","Malo",4,1
"5783","Normal","Alta","Leve","Bueno",3,0
"5784","Normal","Baja","Fuerte","Bueno",3,0
"5785","Normal","Alta","Leve","Regular",6,0
"5786","Normal","Baja","Leve","Bueno",4,0
"5787","Alta","Baja","Fuerte","Regular",1,0
"5788","Alta","Normal","Fuerte","Malo",7,1
"5789","Normal","Baja","Fuerte","Bueno",5,1
"5790","Normal","Alta","Fuerte","Bueno",5,1
"5791","Baja","Alta","Fuerte","Bueno",4,0
"5792","Alta","Normal","Leve","Regular",8,1
"5793","Normal","Alta","Fuerte","Bueno",1,0
"5794","Normal","Normal","Fuerte","Bueno",1,0
"5795","Baja","Alta","Fuerte","Regular",2,1
"5796","Baja","Alta","Leve","Bueno",8,0
"5797","Normal","Alta","Fuerte","Bueno",2,0
"5798","Alta","Baja","Fuerte","Bueno",6,0
"5799","Normal","Alta","Leve","Regular",3,1
"5800","Normal","Normal","Fuerte","Bueno",7,0
"5801","Baja","Alta","Fuerte","Bueno",4,1
"5802","Baja","Alta","Fuerte","Bueno",4,0
"5803","Alta","Baja","Fuerte","Regular",6,1
"5804","Normal","Baja","Fuerte","Regular",4,1
"5805","Baja","Alta","Leve","Regular",1,1
"5806","Baja","Alta","Leve","Malo",4,1
"5807","Normal","Normal","Fuerte","Bueno",5,1
"5808","Baja","Alta","Leve","Malo",7,1
"5809","Baja","Alta","Fuerte","Regular",3,1
"5810","Normal","Normal","Leve","Malo",5,1
"5811","Baja","Alta","Leve","Regular",4,0
"5812","Normal","Alta","Fuerte","Regular",5,1
"5813","Baja","Normal","Fuerte","Bueno",5,1
"5814","Normal","Normal","Fuerte","Regular",4,1
"5815","Baja","Alta","Leve","Malo",2,1
"5816","Normal","Normal","Leve","Malo",3,1
"5817","Normal","Baja","Leve","Regular",4,1
"5818","Normal","Normal","Fuerte","Regular",2,1
"5819","Normal","Baja","Fuerte","Regular",5,0
"5820","Normal","Baja","Fuerte","Malo",3,0
"5821","Normal","Normal","Fuerte","Regular",4,1
"5822","Alta","Baja","Fuerte","Bueno",1,0
"5823","Baja","Alta","Leve","Malo",3,1
"5824","Baja","Alta","Leve","Bueno",4,1
"5825","Alta","Alta","Fuerte","Malo",2,1
"5826","Normal","Baja","Leve","Bueno",5,1
"5827","Baja","Normal","Leve","Bueno",3,0
"5828","Baja","Alta","Fuerte","Bueno",3,1
"5829","Baja","Alta","Fuerte","Malo",4,1
"5830","Normal","Alta","Leve","Bueno",3,1
"5831","Normal","Normal","Leve","Bueno",5,0
"5832","Normal","Baja","Leve","Bueno",6,1
"5833","Baja","Alta","Fuerte","Regular",2,1
"5834","Normal","Normal","Fuerte","Regular",5,0
"5835","Normal","Alta","Fuerte","Bueno",4,0
"5836","Normal","Normal","Fuerte","Regular",4,0
"5837","Baja","Alta","Leve","Bueno",2,1
"5838","Normal","Normal","Fuerte","Regular",3,1
"5839","Normal","Baja","Leve","Malo",2,0
"5840","Baja","Alta","Fuerte","Malo",3,1
"5841","Normal","Normal","Leve","Malo",7,0
"5842","Normal","Normal","Leve","Regular",2,0
"5843","Baja","Alta","Fuerte","Bueno",3,1
"5844","Normal","Normal","Fuerte","Regular",7,0
"5845","Normal","Alta","Leve","Malo",2,0
"5846","Normal","Normal","Leve","Regular",1,1
"5847","Normal","Normal","Fuerte","Malo",4,0
"5848","Normal","Baja","Fuerte","Bueno",3,0
"5849","Baja","Alta","Leve","Regular",5,0
"5850","Normal","Normal","Leve","Bueno",4,1
"5851","Normal","Normal","Fuerte","Malo",1,0
"5852","Baja","Alta","Fuerte","Regular",3,1
"5853","Normal","Normal","Leve","Bueno",4,1
"5854","Baja","Alta","Fuerte","Malo",4,1
"5855","Normal","Normal","Fuerte","Bueno",4,1
"5856","Normal","Baja","Fuerte","Regular",1,0
"5857","Normal","Alta","Fuerte","Bueno",2,1
"5858","Baja","Alta","Fuerte","Bueno",5,1
"5859","Normal","Baja","Fuerte","Regular",7,1
"5860","Normal","Baja","Leve","Malo",1,1
"5861","Normal","Normal","Fuerte","Regular",3,1
"5862","Baja","Alta","Leve","Bueno",8,0
"5863","Baja","Alta","Leve","Bueno",4,0
"5864","Normal","Normal","Leve","Malo",2,1
"5865","Baja","Alta","Fuerte","Malo",4,1
"5866","Alta","Alta","Leve","Bueno",6,1
"5867","Baja","Alta","Leve","Malo",2,0
"5868","Normal","Normal","Fuerte","Regular",0,1
"5869","Normal","Normal","Fuerte","Bueno",5,0
"5870","Normal","Normal","Fuerte","Bueno",5,1
"5871","Normal","Normal","Leve","Regular",3,1
"5872","Normal","Normal","Fuerte","Regular",2,1
"5873","Baja","Alta","Fuerte","Bueno",6,0
"5874","Baja","Alta","Fuerte","Bueno",2,1
"5875","Normal","Normal","Fuerte","Bueno",10,0
"5876","Normal","Baja","Leve","Bueno",3,0
"5877","Alta","Normal","Leve","Regular",2,0
"5878","Alta","Normal","Fuerte","Bueno",3,1
"5879","Normal","Alta","Fuerte","Regular",5,1
"5880","Normal","Baja","Fuerte","Regular",0,1
"5881","Baja","Normal","Fuerte","Bueno",5,1
"5882","Normal","Normal","Fuerte","Regular",4,1
"5883","Normal","Normal","Fuerte","Malo",5,0
"5884","Normal","Normal","Leve","Regular",5,1
"5885","Baja","Alta","Leve","Malo",6,1
"5886","Normal","Normal","Fuerte","Bueno",4,1
"5887","Normal","Normal","Leve","Bueno",1,1
"5888","Normal","Baja","Leve","Malo",5,0
"5889","Normal","Normal","Leve","Bueno",2,1
"5890","Normal","Alta","Leve","Regular",6,0
"5891","Alta","Normal","Fuerte","Malo",5,1
"5892","Normal","Alta","Fuerte","Bueno",1,1
"5893","Normal","Baja","Leve","Malo",3,0
"5894","Normal","Normal","Fuerte","Regular",9,1
"5895","Baja","Alta","Leve","Regular",3,0
"5896","Normal","Alta","Fuerte","Regular",5,1
"5897","Normal","Alta","Leve","Malo",3,1
"5898","Normal","Baja","Leve","Bueno",4,1
"5899","Normal","Normal","Leve","Bueno",3,1
"5900","Normal","Alta","Leve","Malo",7,0
"5901","Normal","Alta","Leve","Malo",4,0
"5902","Normal","Alta","Fuerte","Regular",3,1
"5903","Baja","Baja","Fuerte","Regular",4,1
"5904","Normal","Normal","Fuerte","Regular",4,1
"5905","Baja","Alta","Leve","Bueno",1,1
"5906","Normal","Alta","Fuerte","Bueno",2,1
"5907","Normal","Normal","Fuerte","Regular",5,1
"5908","Alta","Baja","Fuerte","Regular",6,0
"5909","Normal","Alta","Leve","Regular",4,1
"5910","Baja","Alta","Leve","Malo",2,0
"5911","Baja","Normal","Fuerte","Bueno",4,1
"5912","Baja","Alta","Leve","Regular",8,0
"5913","Normal","Normal","Leve","Regular",7,0
"5914","Normal","Normal","Fuerte","Regular",6,0
"5915","Baja","Alta","Fuerte","Regular",6,1
"5916","Normal","Baja","Leve","Bueno",3,1
"5917","Baja","Alta","Leve","Regular",5,0
"5918","Normal","Normal","Leve","Malo",8,1
"5919","Alta","Baja","Fuerte","Malo",5,0
"5920","Normal","Normal","Fuerte","Bueno",3,0
"5921","Normal","Alta","Fuerte","Regular",4,0
"5922","Alta","Baja","Fuerte","Bueno",2,1
"5923","Normal","Alta","Fuerte","Regular",6,1
"5924","Normal","Normal","Fuerte","Bueno",4,1
"5925","Normal","Baja","Leve","Regular",1,1
"5926","Normal","Normal","Leve","Bueno",5,1
"5927","Baja","Alta","Leve","Malo",3,0
"5928","Normal","Normal","Fuerte","Regular",3,0
"5929","Baja","Alta","Fuerte","Malo",6,1
"5930","Normal","Alta","Leve","Bueno",5,1
"5931","Normal","Normal","Fuerte","Regular",3,0
"5932","Alta","Normal","Leve","Regular",8,1
"5933","Alta","Alta","Leve","Bueno",5,1
"5934","Normal","Alta","Leve","Bueno",4,1
"5935","Normal","Normal","Leve","Malo",5,0
"5936","Alta","Baja","Leve","Bueno",3,1
"5937","Baja","Alta","Leve","Regular",1,1
"5938","Baja","Baja","Fuerte","Regular",7,1
"5939","Baja","Alta","Leve","Regular",4,0
"5940","Baja","Alta","Leve","Bueno",2,1
"5941","Normal","Normal","Leve","Malo",0,1
"5942","Normal","Normal","Leve","Regular",4,0
"5943","Normal","Normal","Leve","Regular",3,1
"5944","Baja","Alta","Leve","Bueno",3,1
"5945","Normal","Normal","Leve","Malo",1,1
"5946","Normal","Alta","Leve","Bueno",3,1
"5947","Alta","Baja","Fuerte","Regular",5,1
"5948","Baja","Alta","Leve","Bueno",2,0
"5949","Baja","Alta","Leve","Malo",3,1
"5950","Alta","Normal","Fuerte","Regular",4,0
"5951","Alta","Alta","Fuerte","Malo",3,1
"5952","Alta","Baja","Leve","Regular",4,1
"5953","Normal","Baja","Fuerte","Bueno",3,1
"5954","Normal","Normal","Leve","Malo",4,1
"5955","Normal","Normal","Fuerte","Bueno",3,0
"5956","Baja","Alta","Fuerte","Malo",8,1
"5957","Normal","Normal","Leve","Bueno",4,0
"5958","Normal","Normal","Fuerte","Bueno",5,0
"5959","Baja","Alta","Leve","Bueno",5,0
"5960","Alta","Normal","Leve","Regular",3,0
"5961","Normal","Normal","Leve","Bueno",4,0
"5962","Baja","Alta","Fuerte","Malo",7,1
"5963","Normal","Normal","Leve","Bueno",4,1
"5964","Baja","Baja","Fuerte","Malo",3,0
"5965","Normal","Normal","Leve","Malo",6,0
"5966","Normal","Normal","Leve","Bueno",8,1
"5967","Baja","Alta","Leve","Bueno",3,0
"5968","Normal","Baja","Fuerte","Regular",4,1
"5969","Baja","Alta","Leve","Bueno",2,0
"5970","Normal","Normal","Leve","Bueno",4,1
"5971","Normal","Normal","Fuerte","Regular",5,1
"5972","Baja","Alta","Leve","Regular",7,1
"5973","Baja","Alta","Leve","Regular",1,1
"5974","Normal","Baja","Leve","Bueno",3,1
"5975","Normal","Normal","Fuerte","Regular",3,1
"5976","Normal","Normal","Leve","Bueno",5,0
"5977","Normal","Alta","Leve","Regular",5,1
"5978","Normal","Normal","Leve","Bueno",3,0
"5979","Normal","Baja","Fuerte","Bueno",6,1
"5980","Baja","Alta","Fuerte","Regular",4,1
"5981","Normal","Baja","Leve","Malo",3,0
"5982","Normal","Normal","Leve","Regular",7,1
"5983","Normal","Normal","Fuerte","Regular",4,1
"5984","Normal","Normal","Fuerte","Malo",6,0
"5985","Normal","Alta","Fuerte","Bueno",4,1
"5986","Normal","Normal","Leve","Regular",4,0
"5987","Normal","Normal","Leve","Bueno",6,1
"5988","Normal","Normal","Leve","Bueno",5,1
"5989","Normal","Normal","Leve","Regular",4,1
"5990","Normal","Normal","Fuerte","Regular",3,1
"5991","Baja","Alta","Leve","Regular",4,1
"5992","Baja","Alta","Leve","Bueno",6,0
"5993","Normal","Normal","Leve","Regular",7,1
"5994","Baja","Alta","Leve","Bueno",4,0
"5995","Normal","Baja","Leve","Bueno",10,0
"5996","Baja","Alta","Fuerte","Bueno",4,0
"5997","Normal","Normal","Fuerte","Bueno",3,0
"5998","Normal","Alta","Leve","Bueno",4,0
"5999","Baja","Alta","Fuerte","Bueno",2,0
"6000","Normal","Alta","Leve","Regular",2,1
"6001","Normal","Normal","Leve","Bueno",5,0
"6002","Alta","Normal","Leve","Malo",7,0
"6003","Baja","Normal","Fuerte","Bueno",1,1
"6004","Normal","Normal","Fuerte","Bueno",4,1
"6005","Normal","Baja","Leve","Bueno",6,1
"6006","Normal","Normal","Leve","Bueno",3,1
"6007","Normal","Normal","Leve","Malo",6,0
"6008","Normal","Alta","Leve","Malo",1,1
"6009","Alta","Baja","Leve","Regular",3,1
"6010","Normal","Alta","Fuerte","Regular",6,1
"6011","Normal","Baja","Fuerte","Regular",6,0
"6012","Normal","Baja","Leve","Malo",8,1
"6013","Normal","Baja","Leve","Malo",7,0
"6014","Normal","Alta","Fuerte","Bueno",3,0
"6015","Baja","Alta","Fuerte","Bueno",2,1
"6016","Baja","Normal","Leve","Malo",5,1
"6017","Normal","Alta","Leve","Regular",1,1
"6018","Normal","Normal","Fuerte","Regular",3,0
"6019","Normal","Baja","Leve","Regular",5,1
"6020","Normal","Normal","Fuerte","Regular",1,1
"6021","Normal","Alta","Fuerte","Malo",4,1
"6022","Normal","Baja","Fuerte","Regular",7,1
"6023","Normal","Normal","Leve","Regular",1,1
"6024","Alta","Baja","Leve","Regular",4,1
"6025","Alta","Alta","Leve","Bueno",5,1
"6026","Baja","Alta","Fuerte","Bueno",3,0
"6027","Normal","Normal","Fuerte","Regular",3,0
"6028","Alta","Alta","Fuerte","Bueno",2,1
"6029","Normal","Alta","Fuerte","Regular",3,1
"6030","Normal","Normal","Leve","Regular",4,0
"6031","Normal","Baja","Leve","Regular",5,1
"6032","Normal","Alta","Leve","Regular",2,0
"6033","Normal","Normal","Fuerte","Bueno",3,0
"6034","Alta","Baja","Fuerte","Bueno",2,1
"6035","Normal","Normal","Leve","Malo",4,1
"6036","Normal","Normal","Leve","Bueno",4,1
"6037","Normal","Normal","Fuerte","Bueno",4,1
"6038","Baja","Baja","Fuerte","Bueno",1,0
"6039","Normal","Normal","Leve","Malo",0,1
"6040","Normal","Normal","Fuerte","Bueno",6,0
"6041","Baja","Normal","Leve","Regular",3,1
"6042","Normal","Alta","Fuerte","Bueno",7,1
"6043","Baja","Baja","Fuerte","Malo",5,1
"6044","Baja","Alta","Fuerte","Regular",3,1
"6045","Normal","Normal","Leve","Regular",7,1
"6046","Alta","Alta","Fuerte","Bueno",3,0
"6047","Normal","Baja","Fuerte","Bueno",6,1
"6048","Normal","Baja","Fuerte","Regular",3,0
"6049","Normal","Normal","Leve","Regular",7,0
"6050","Normal","Normal","Leve","Regular",4,1
"6051","Baja","Normal","Leve","Bueno",0,1
"6052","Normal","Baja","Fuerte","Regular",6,0
"6053","Normal","Baja","Leve","Bueno",9,1
"6054","Baja","Alta","Leve","Regular",4,1
"6055","Baja","Alta","Leve","Bueno",8,0
"6056","Normal","Normal","Leve","Regular",5,1
"6057","Normal","Normal","Leve","Bueno",4,1
"6058","Normal","Normal","Fuerte","Regular",7,1
"6059","Normal","Normal","Leve","Malo",2,0
"6060","Normal","Normal","Fuerte","Malo",8,0
"6061","Normal","Normal","Leve","Bueno",8,1
"6062","Baja","Alta","Fuerte","Malo",5,0
"6063","Baja","Alta","Leve","Bueno",0,1
"6064","Normal","Normal","Leve","Bueno",5,1
"6065","Normal","Normal","Leve","Malo",5,1
"6066","Normal","Normal","Leve","Bueno",3,0
"6067","Normal","Alta","Leve","Bueno",2,1
"6068","Alta","Baja","Leve","Malo",0,1
"6069","Alta","Normal","Fuerte","Bueno",5,0
"6070","Normal","Normal","Leve","Regular",2,1
"6071","Normal","Normal","Leve","Regular",4,0
"6072","Normal","Normal","Fuerte","Bueno",6,1
"6073","Normal","Normal","Fuerte","Bueno",4,0
"6074","Normal","Normal","Fuerte","Bueno",5,1
"6075","Normal","Normal","Fuerte","Regular",1,0
"6076","Normal","Alta","Fuerte","Regular",7,1
"6077","Normal","Normal","Leve","Bueno",1,1
"6078","Baja","Alta","Fuerte","Bueno",1,1
"6079","Baja","Alta","Leve","Regular",3,1
"6080","Normal","Normal","Leve","Bueno",5,1
"6081","Normal","Baja","Leve","Regular",3,0
"6082","Normal","Normal","Fuerte","Bueno",1,0
"6083","Baja","Alta","Fuerte","Regular",10,1
"6084","Normal","Baja","Fuerte","Bueno",6,1
"6085","Alta","Normal","Leve","Bueno",3,1
"6086","Baja","Alta","Leve","Regular",10,0
"6087","Normal","Normal","Fuerte","Bueno",7,1
"6088","Normal","Normal","Fuerte","Malo",4,1
"6089","Normal","Normal","Leve","Regular",5,1
"6090","Normal","Alta","Leve","Bueno",5,0
"6091","Normal","Alta","Fuerte","Bueno",4,1
"6092","Normal","Normal","Fuerte","Bueno",9,0
"6093","Normal","Normal","Leve","Regular",7,1
"6094","Normal","Normal","Fuerte","Malo",3,1
"6095","Baja","Alta","Fuerte","Regular",6,0
"6096","Baja","Alta","Leve","Regular",2,1
"6097","Baja","Alta","Leve","Bueno",4,1
"6098","Normal","Normal","Fuerte","Regular",6,1
"6099","Baja","Alta","Leve","Regular",3,0
"6100","Normal","Normal","Fuerte","Malo",4,1
"6101","Normal","Alta","Leve","Regular",6,0
"6102","Normal","Normal","Leve","Regular",5,1
"6103","Baja","Baja","Fuerte","Regular",4,1
"6104","Normal","Normal","Fuerte","Bueno",4,0
"6105","Alta","Normal","Fuerte","Malo",1,1
"6106","Normal","Normal","Fuerte","Malo",3,1
"6107","Normal","Normal","Fuerte","Malo",3,1
"6108","Baja","Alta","Leve","Regular",3,1
"6109","Normal","Normal","Fuerte","Regular",6,1
"6110","Normal","Alta","Leve","Bueno",4,1
"6111","Normal","Normal","Fuerte","Bueno",5,1
"6112","Normal","Normal","Leve","Bueno",4,0
"6113","Baja","Alta","Fuerte","Bueno",1,1
"6114","Normal","Normal","Leve","Malo",4,1
"6115","Normal","Normal","Leve","Regular",3,1
"6116","Baja","Alta","Fuerte","Malo",2,0
"6117","Normal","Baja","Leve","Regular",6,0
"6118","Normal","Normal","Fuerte","Regular",1,1
"6119","Normal","Normal","Leve","Malo",1,1
"6120","Normal","Normal","Leve","Regular",8,1
"6121","Normal","Normal","Fuerte","Bueno",4,1
"6122","Alta","Baja","Fuerte","Bueno",4,0
"6123","Normal","Normal","Fuerte","Regular",4,0
"6124","Normal","Baja","Leve","Malo",4,1
"6125","Normal","Normal","Leve","Bueno",7,1
"6126","Normal","Normal","Leve","Malo",5,1
"6127","Normal","Normal","Fuerte","Regular",3,1
"6128","Normal","Baja","Leve","Bueno",6,1
"6129","Normal","Alta","Leve","Regular",4,1
"6130","Baja","Alta","Leve","Bueno",3,1
"6131","Baja","Alta","Leve","Regular",3,1
"6132","Normal","Normal","Leve","Regular",4,0
"6133","Baja","Alta","Fuerte","Bueno",1,1
"6134","Normal","Normal","Fuerte","Regular",9,1
"6135","Baja","Normal","Leve","Bueno",3,1
"6136","Alta","Alta","Fuerte","Malo",4,1
"6137","Normal","Alta","Leve","Malo",4,0
"6138","Baja","Alta","Leve","Bueno",4,1
"6139","Normal","Normal","Fuerte","Malo",4,1
"6140","Baja","Alta","Fuerte","Bueno",8,1
"6141","Normal","Normal","Leve","Bueno",4,1
"6142","Normal","Normal","Leve","Malo",4,0
"6143","Normal","Normal","Leve","Regular",7,0
"6144","Baja","Alta","Leve","Bueno",2,0
"6145","Normal","Normal","Leve","Bueno",5,1
"6146","Normal","Normal","Leve","Regular",8,0
"6147","Normal","Normal","Leve","Regular",3,1
"6148","Normal","Normal","Leve","Bueno",3,1
"6149","Baja","Alta","Leve","Regular",7,1
"6150","Baja","Alta","Fuerte","Regular",2,0
"6151","Baja","Alta","Fuerte","Bueno",2,0
"6152","Normal","Normal","Leve","Bueno",5,1
"6153","Normal","Alta","Fuerte","Malo",1,1
"6154","Normal","Baja","Leve","Regular",4,1
"6155","Normal","Normal","Fuerte","Bueno",3,1
"6156","Alta","Baja","Leve","Regular",5,1
"6157","Baja","Normal","Fuerte","Regular",3,1
"6158","Normal","Normal","Leve","Malo",8,1
"6159","Baja","Alta","Fuerte","Regular",4,0
"6160","Baja","Alta","Leve","Malo",1,1
"6161","Normal","Baja","Fuerte","Bueno",1,1
"6162","Normal","Normal","Fuerte","Malo",4,1
"6163","Baja","Alta","Leve","Regular",2,0
"6164","Normal","Baja","Leve","Regular",3,0
"6165","Normal","Baja","Leve","Regular",5,1
"6166","Normal","Baja","Leve","Malo",3,0
"6167","Normal","Alta","Fuerte","Bueno",2,0
"6168","Baja","Alta","Leve","Regular",6,0
"6169","Normal","Normal","Leve","Regular",9,1
"6170","Normal","Alta","Leve","Regular",3,1
"6171","Normal","Normal","Fuerte","Malo",3,1
"6172","Normal","Alta","Leve","Bueno",3,0
"6173","Baja","Alta","Leve","Bueno",2,1
"6174","Baja","Alta","Leve","Bueno",4,0
"6175","Baja","Normal","Fuerte","Regular",8,0
"6176","Normal","Normal","Leve","Regular",5,0
"6177","Normal","Normal","Leve","Bueno",3,0
"6178","Normal","Normal","Leve","Malo",5,1
"6179","Normal","Normal","Fuerte","Regular",2,1
"6180","Normal","Normal","Leve","Regular",3,1
"6181","Normal","Normal","Fuerte","Regular",3,1
"6182","Baja","Alta","Fuerte","Regular",3,1
"6183","Normal","Normal","Leve","Bueno",6,1
"6184","Baja","Alta","Fuerte","Malo",2,0
"6185","Alta","Normal","Fuerte","Bueno",4,0
"6186","Normal","Normal","Fuerte","Regular",3,1
"6187","Normal","Normal","Fuerte","Bueno",3,1
"6188","Normal","Baja","Leve","Regular",5,1
"6189","Baja","Alta","Leve","Regular",4,1
"6190","Baja","Alta","Fuerte","Bueno",9,0
"6191","Baja","Alta","Leve","Malo",4,0
"6192","Alta","Alta","Fuerte","Regular",2,0
"6193","Normal","Normal","Leve","Regular",5,1
"6194","Baja","Alta","Leve","Malo",8,0
"6195","Normal","Normal","Fuerte","Bueno",4,0
"6196","Normal","Baja","Leve","Malo",2,0
"6197","Normal","Normal","Fuerte","Bueno",0,1
"6198","Normal","Normal","Leve","Malo",1,1
"6199","Normal","Baja","Fuerte","Regular",6,1
"6200","Baja","Alta","Fuerte","Bueno",5,0
"6201","Normal","Normal","Fuerte","Bueno",4,1
"6202","Normal","Normal","Leve","Regular",1,0
"6203","Normal","Normal","Leve","Bueno",3,0
"6204","Normal","Alta","Leve","Regular",3,1
"6205","Normal","Alta","Leve","Malo",4,0
"6206","Normal","Baja","Leve","Bueno",3,1
"6207","Normal","Normal","Fuerte","Bueno",3,1
"6208","Normal","Normal","Leve","Regular",1,0
"6209","Normal","Normal","Fuerte","Bueno",5,0
"6210","Normal","Alta","Fuerte","Bueno",8,1
"6211","Normal","Baja","Leve","Bueno",4,0
"6212","Alta","Baja","Leve","Malo",2,0
"6213","Baja","Alta","Leve","Regular",10,1
"6214","Normal","Normal","Fuerte","Bueno",4,1
"6215","Normal","Normal","Leve","Regular",0,1
"6216","Normal","Normal","Leve","Bueno",2,1
"6217","Normal","Normal","Leve","Regular",5,1
"6218","Normal","Baja","Fuerte","Regular",5,1
"6219","Normal","Normal","Fuerte","Regular",1,1
"6220","Baja","Alta","Fuerte","Bueno",2,1
"6221","Normal","Alta","Fuerte","Malo",2,0
"6222","Normal","Normal","Leve","Bueno",6,1
"6223","Baja","Alta","Fuerte","Bueno",4,1
"6224","Normal","Normal","Leve","Bueno",7,1
"6225","Normal","Normal","Fuerte","Regular",2,1
"6226","Normal","Normal","Leve","Bueno",4,1
"6227","Baja","Normal","Fuerte","Malo",3,0
"6228","Normal","Normal","Leve","Malo",7,0
"6229","Normal","Normal","Leve","Malo",4,0
"6230","Normal","Baja","Fuerte","Regular",3,0
"6231","Normal","Normal","Leve","Bueno",9,1
"6232","Normal","Baja","Leve","Bueno",1,1
"6233","Normal","Normal","Leve","Bueno",4,1
"6234","Normal","Alta","Leve","Bueno",5,1
"6235","Normal","Normal","Fuerte","Bueno",3,0
"6236","Baja","Alta","Fuerte","Bueno",3,1
"6237","Normal","Alta","Leve","Bueno",3,0
"6238","Normal","Baja","Fuerte","Regular",8,1
"6239","Normal","Normal","Fuerte","Regular",0,1
"6240","Normal","Alta","Leve","Bueno",5,0
"6241","Normal","Normal","Leve","Regular",3,0
"6242","Normal","Normal","Leve","Regular",2,0
"6243","Baja","Alta","Leve","Bueno",6,0
"6244","Baja","Baja","Fuerte","Regular",1,0
"6245","Alta","Normal","Leve","Regular",5,1
"6246","Normal","Normal","Fuerte","Malo",4,1
"6247","Normal","Normal","Leve","Regular",1,1
"6248","Normal","Normal","Leve","Regular",4,0
"6249","Normal","Normal","Fuerte","Regular",6,1
"6250","Normal","Baja","Leve","Regular",3,0
"6251","Normal","Alta","Fuerte","Regular",3,0
"6252","Normal","Normal","Leve","Regular",1,0
"6253","Normal","Normal","Fuerte","Bueno",3,1
"6254","Normal","Alta","Leve","Malo",3,1
"6255","Normal","Baja","Leve","Regular",5,0
"6256","Normal","Alta","Fuerte","Bueno",5,1
"6257","Normal","Alta","Fuerte","Bueno",1,0
"6258","Baja","Alta","Fuerte","Malo",4,1
"6259","Normal","Alta","Leve","Malo",0,1
"6260","Alta","Normal","Fuerte","Regular",9,0
"6261","Normal","Baja","Fuerte","Bueno",5,0
"6262","Normal","Normal","Fuerte","Malo",5,0
"6263","Baja","Alta","Fuerte","Bueno",1,0
"6264","Normal","Normal","Fuerte","Regular",6,1
"6265","Normal","Normal","Fuerte","Regular",6,1
"6266","Normal","Normal","Leve","Regular",10,0
"6267","Normal","Normal","Fuerte","Regular",4,0
"6268","Normal","Normal","Leve","Malo",5,0
"6269","Normal","Normal","Leve","Bueno",3,0
"6270","Normal","Baja","Fuerte","Regular",7,1
"6271","Normal","Baja","Fuerte","Malo",4,1
"6272","Normal","Normal","Fuerte","Bueno",6,1
"6273","Normal","Baja","Leve","Regular",5,1
"6274","Baja","Alta","Leve","Regular",6,1
"6275","Alta","Baja","Leve","Bueno",5,0
"6276","Baja","Baja","Fuerte","Bueno",6,1
"6277","Baja","Baja","Fuerte","Regular",6,0
"6278","Normal","Normal","Leve","Regular",2,0
"6279","Normal","Alta","Leve","Bueno",4,1
"6280","Normal","Baja","Fuerte","Malo",3,0
"6281","Normal","Normal","Fuerte","Regular",6,1
"6282","Baja","Alta","Leve","Regular",5,0
"6283","Baja","Alta","Fuerte","Bueno",5,1
"6284","Normal","Normal","Fuerte","Bueno",5,0
"6285","Baja","Alta","Fuerte","Regular",5,1
"6286","Normal","Baja","Leve","Regular",4,0
"6287","Normal","Alta","Fuerte","Bueno",3,0
"6288","Baja","Alta","Leve","Bueno",5,0
"6289","Normal","Normal","Fuerte","Bueno",4,0
"6290","Alta","Baja","Leve","Bueno",2,1
"6291","Normal","Alta","Leve","Malo",5,1
"6292","Normal","Normal","Leve","Bueno",8,0
"6293","Alta","Normal","Leve","Regular",5,1
"6294","Normal","Alta","Fuerte","Bueno",7,1
"6295","Normal","Alta","Leve","Bueno",4,1
"6296","Alta","Alta","Fuerte","Bueno",0,1
"6297","Normal","Baja","Fuerte","Bueno",6,1
"6298","Normal","Normal","Leve","Malo",4,1
"6299","Normal","Alta","Fuerte","Malo",6,0
"6300","Baja","Normal","Fuerte","Bueno",7,0
"6301","Alta","Normal","Fuerte","Malo",1,1
"6302","Alta","Alta","Leve","Bueno",7,1
"6303","Baja","Alta","Leve","Regular",5,0
"6304","Baja","Alta","Fuerte","Regular",2,1
"6305","Normal","Normal","Leve","Regular",4,0
"6306","Normal","Normal","Fuerte","Bueno",1,1
"6307","Alta","Alta","Leve","Regular",8,1
"6308","Alta","Baja","Fuerte","Regular",4,1
"6309","Normal","Normal","Fuerte","Bueno",2,0
"6310","Alta","Baja","Leve","Regular",3,0
"6311","Normal","Baja","Fuerte","Malo",6,1
"6312","Normal","Normal","Fuerte","Malo",3,1
"6313","Normal","Normal","Fuerte","Regular",4,1
"6314","Normal","Baja","Leve","Regular",5,1
"6315","Baja","Alta","Leve","Bueno",1,0
"6316","Normal","Normal","Fuerte","Bueno",5,1
"6317","Normal","Baja","Leve","Malo",1,1
"6318","Normal","Normal","Fuerte","Bueno",1,0
"6319","Normal","Normal","Leve","Regular",3,1
"6320","Normal","Alta","Leve","Regular",5,0
"6321","Alta","Normal","Fuerte","Bueno",3,1
"6322","Normal","Normal","Fuerte","Bueno",2,0
"6323","Normal","Alta","Leve","Regular",5,1
"6324","Normal","Normal","Leve","Bueno",5,0
"6325","Normal","Alta","Fuerte","Bueno",7,0
"6326","Baja","Alta","Fuerte","Bueno",4,1
"6327","Normal","Normal","Fuerte","Regular",3,0
"6328","Normal","Normal","Leve","Bueno",2,1
"6329","Normal","Normal","Fuerte","Regular",2,1
"6330","Normal","Alta","Fuerte","Regular",2,0
"6331","Baja","Alta","Fuerte","Bueno",2,0
"6332","Normal","Baja","Fuerte","Malo",8,0
"6333","Normal","Baja","Leve","Bueno",6,1
"6334","Normal","Alta","Fuerte","Regular",4,1
"6335","Normal","Baja","Fuerte","Bueno",3,1
"6336","Alta","Alta","Leve","Bueno",8,0
"6337","Normal","Baja","Leve","Malo",2,0
"6338","Baja","Alta","Leve","Regular",3,1
"6339","Baja","Alta","Leve","Regular",3,1
"6340","Normal","Baja","Leve","Regular",6,0
"6341","Normal","Normal","Fuerte","Regular",6,1
"6342","Baja","Normal","Leve","Malo",3,0
"6343","Normal","Baja","Leve","Bueno",1,1
"6344","Baja","Normal","Leve","Bueno",3,1
"6345","Normal","Normal","Leve","Malo",2,1
"6346","Normal","Alta","Leve","Malo",5,1
"6347","Normal","Normal","Leve","Malo",4,0
"6348","Baja","Alta","Leve","Bueno",1,0
"6349","Normal","Normal","Fuerte","Regular",5,1
"6350","Baja","Alta","Leve","Regular",4,0
"6351","Normal","Normal","Fuerte","Regular",1,0
"6352","Normal","Baja","Fuerte","Regular",6,1
"6353","Baja","Alta","Leve","Regular",1,0
"6354","Baja","Alta","Fuerte","Bueno",6,1
"6355","Normal","Baja","Fuerte","Bueno",3,1
"6356","Baja","Alta","Fuerte","Regular",8,1
"6357","Normal","Alta","Fuerte","Regular",11,0
"6358","Normal","Normal","Leve","Regular",2,0
"6359","Baja","Baja","Fuerte","Malo",6,1
"6360","Baja","Alta","Fuerte","Bueno",4,1
"6361","Normal","Alta","Leve","Regular",7,1
"6362","Normal","Alta","Fuerte","Malo",5,0
"6363","Normal","Alta","Leve","Malo",5,0
"6364","Normal","Baja","Fuerte","Regular",2,1
"6365","Normal","Normal","Fuerte","Bueno",6,1
"6366","Normal","Normal","Fuerte","Malo",3,0
"6367","Normal","Normal","Fuerte","Bueno",4,1
"6368","Baja","Alta","Fuerte","Regular",2,1
"6369","Baja","Alta","Fuerte","Regular",3,1
"6370","Baja","Alta","Leve","Regular",4,1
"6371","Baja","Alta","Fuerte","Regular",9,0
"6372","Baja","Alta","Fuerte","Regular",4,0
"6373","Normal","Normal","Leve","Bueno",10,1
"6374","Normal","Baja","Leve","Bueno",8,1
"6375","Normal","Normal","Leve","Malo",3,1
"6376","Baja","Normal","Fuerte","Bueno",2,0
"6377","Normal","Normal","Fuerte","Malo",6,0
"6378","Normal","Normal","Leve","Bueno",5,1
"6379","Normal","Normal","Fuerte","Bueno",3,1
"6380","Normal","Baja","Leve","Bueno",2,1
"6381","Alta","Alta","Fuerte","Regular",8,1
"6382","Baja","Alta","Leve","Regular",7,1
"6383","Normal","Normal","Leve","Bueno",5,0
"6384","Normal","Normal","Leve","Bueno",3,1
"6385","Normal","Baja","Leve","Bueno",5,1
"6386","Baja","Alta","Leve","Regular",1,1
"6387","Normal","Baja","Fuerte","Malo",3,0
"6388","Normal","Normal","Leve","Bueno",4,1
"6389","Normal","Normal","Fuerte","Bueno",5,1
"6390","Normal","Alta","Leve","Malo",6,1
"6391","Normal","Normal","Fuerte","Bueno",5,1
"6392","Alta","Normal","Fuerte","Bueno",2,0
"6393","Alta","Alta","Fuerte","Bueno",1,1
"6394","Normal","Normal","Fuerte","Regular",5,0
"6395","Normal","Normal","Fuerte","Malo",9,1
"6396","Baja","Alta","Leve","Bueno",2,1
"6397","Normal","Normal","Fuerte","Regular",1,1
"6398","Normal","Alta","Leve","Regular",2,0
"6399","Baja","Alta","Fuerte","Regular",4,1
"6400","Normal","Baja","Leve","Regular",3,1
"6401","Baja","Alta","Fuerte","Malo",6,1
"6402","Normal","Alta","Leve","Bueno",1,1
"6403","Normal","Normal","Leve","Malo",1,0
"6404","Alta","Baja","Fuerte","Bueno",5,0
"6405","Normal","Normal","Fuerte","Regular",6,0
"6406","Normal","Normal","Leve","Malo",3,0
"6407","Alta","Baja","Leve","Regular",5,1
"6408","Normal","Normal","Leve","Bueno",3,0
"6409","Normal","Normal","Fuerte","Bueno",3,1
"6410","Normal","Normal","Leve","Bueno",4,0
"6411","Alta","Normal","Fuerte","Regular",2,0
"6412","Normal","Normal","Fuerte","Bueno",6,1
"6413","Normal","Alta","Fuerte","Bueno",4,1
"6414","Normal","Alta","Leve","Regular",2,0
"6415","Normal","Normal","Leve","Regular",5,1
"6416","Normal","Alta","Fuerte","Bueno",3,1
"6417","Normal","Normal","Leve","Regular",5,1
"6418","Normal","Baja","Leve","Bueno",1,0
"6419","Normal","Normal","Fuerte","Bueno",3,0
"6420","Baja","Alta","Leve","Regular",8,1
"6421","Normal","Normal","Leve","Malo",5,0
"6422","Alta","Normal","Leve","Bueno",3,0
"6423","Normal","Normal","Fuerte","Regular",4,0
"6424","Normal","Normal","Leve","Regular",3,1
"6425","Alta","Alta","Leve","Regular",2,1
"6426","Normal","Normal","Fuerte","Regular",3,1
"6427","Normal","Normal","Leve","Bueno",5,0
"6428","Normal","Normal","Fuerte","Bueno",4,1
"6429","Normal","Normal","Fuerte","Regular",3,1
"6430","Baja","Alta","Fuerte","Bueno",5,1
"6431","Baja","Alta","Fuerte","Regular",1,1
"6432","Baja","Alta","Leve","Bueno",6,0
"6433","Normal","Normal","Fuerte","Bueno",0,1
"6434","Normal","Baja","Leve","Regular",2,0
"6435","Normal","Baja","Fuerte","Bueno",5,1
"6436","Normal","Normal","Leve","Bueno",2,1
"6437","Normal","Normal","Fuerte","Regular",4,1
"6438","Normal","Normal","Leve","Malo",10,1
"6439","Baja","Normal","Leve","Malo",2,0
"6440","Normal","Alta","Fuerte","Regular",5,1
"6441","Baja","Normal","Leve","Malo",2,0
"6442","Normal","Baja","Leve","Bueno",4,1
"6443","Normal","Alta","Leve","Bueno",5,1
"6444","Normal","Normal","Fuerte","Regular",1,1
"6445","Normal","Normal","Fuerte","Regular",4,0
"6446","Alta","Baja","Fuerte","Malo",2,1
"6447","Alta","Alta","Fuerte","Malo",3,0
"6448","Baja","Alta","Leve","Regular",5,1
"6449","Baja","Alta","Fuerte","Bueno",6,1
"6450","Normal","Alta","Fuerte","Regular",7,1
"6451","Alta","Baja","Fuerte","Regular",8,1
"6452","Baja","Alta","Leve","Bueno",7,0
"6453","Normal","Baja","Fuerte","Regular",5,0
"6454","Normal","Normal","Fuerte","Malo",4,1
"6455","Normal","Baja","Fuerte","Regular",3,0
"6456","Normal","Normal","Leve","Malo",3,0
"6457","Normal","Baja","Leve","Regular",2,1
"6458","Alta","Normal","Leve","Regular",7,0
"6459","Normal","Normal","Leve","Regular",6,1
"6460","Normal","Alta","Leve","Regular",3,0
"6461","Normal","Normal","Fuerte","Regular",8,1
"6462","Baja","Alta","Fuerte","Malo",4,0
"6463","Normal","Normal","Leve","Regular",5,1
"6464","Normal","Normal","Fuerte","Malo",6,0
"6465","Baja","Alta","Fuerte","Malo",3,0
"6466","Normal","Baja","Fuerte","Regular",0,1
"6467","Normal","Normal","Fuerte","Regular",6,0
"6468","Baja","Alta","Leve","Regular",3,0
"6469","Normal","Baja","Fuerte","Regular",6,1
"6470","Normal","Normal","Leve","Bueno",10,0
"6471","Baja","Alta","Leve","Bueno",7,0
"6472","Baja","Alta","Fuerte","Regular",3,0
"6473","Baja","Normal","Leve","Malo",5,0
"6474","Normal","Baja","Leve","Regular",2,1
"6475","Normal","Alta","Fuerte","Malo",3,1
"6476","Baja","Alta","Leve","Malo",4,1
"6477","Normal","Baja","Leve","Regular",7,0
"6478","Normal","Normal","Fuerte","Bueno",3,0
"6479","Normal","Normal","Fuerte","Bueno",5,0
"6480","Normal","Normal","Fuerte","Malo",4,1
"6481","Baja","Alta","Fuerte","Regular",0,1
"6482","Normal","Normal","Leve","Bueno",2,1
"6483","Baja","Alta","Fuerte","Regular",4,1
"6484","Normal","Normal","Leve","Regular",1,1
"6485","Normal","Alta","Fuerte","Regular",5,1
"6486","Normal","Alta","Leve","Bueno",2,0
"6487","Normal","Normal","Leve","Regular",3,1
"6488","Normal","Normal","Leve","Bueno",1,1
"6489","Normal","Alta","Fuerte","Regular",4,1
"6490","Baja","Alta","Fuerte","Malo",3,1
"6491","Alta","Baja","Leve","Regular",4,1
"6492","Normal","Alta","Leve","Regular",7,1
"6493","Alta","Baja","Fuerte","Regular",4,1
"6494","Normal","Normal","Leve","Bueno",3,0
"6495","Normal","Normal","Fuerte","Bueno",6,0
"6496","Normal","Normal","Fuerte","Bueno",5,1
"6497","Normal","Alta","Fuerte","Regular",4,0
"6498","Baja","Normal","Leve","Malo",5,1
"6499","Alta","Baja","Fuerte","Bueno",1,0
"6500","Normal","Normal","Fuerte","Bueno",7,1
"6501","Normal","Baja","Fuerte","Regular",7,1
"6502","Normal","Baja","Fuerte","Regular",4,0
"6503","Normal","Normal","Leve","Malo",3,0
"6504","Baja","Alta","Fuerte","Malo",4,1
"6505","Normal","Normal","Leve","Regular",6,1
"6506","Normal","Normal","Fuerte","Bueno",7,0
"6507","Baja","Alta","Fuerte","Regular",2,1
"6508","Baja","Alta","Leve","Malo",6,1
"6509","Normal","Normal","Fuerte","Regular",5,0
"6510","Normal","Normal","Leve","Bueno",4,1
"6511","Normal","Alta","Leve","Regular",1,1
"6512","Baja","Alta","Fuerte","Regular",4,1
"6513","Normal","Normal","Fuerte","Malo",5,0
"6514","Normal","Normal","Leve","Bueno",4,0
"6515","Normal","Normal","Leve","Bueno",4,0
"6516","Normal","Normal","Leve","Bueno",3,0
"6517","Normal","Normal","Fuerte","Bueno",1,1
"6518","Baja","Alta","Leve","Bueno",7,0
"6519","Normal","Baja","Fuerte","Regular",1,1
"6520","Normal","Normal","Fuerte","Bueno",2,0
"6521","Normal","Normal","Fuerte","Bueno",3,1
"6522","Normal","Normal","Leve","Regular",2,1
"6523","Alta","Normal","Fuerte","Bueno",5,0
"6524","Normal","Alta","Leve","Regular",2,1
"6525","Baja","Alta","Leve","Bueno",5,0
"6526","Normal","Normal","Fuerte","Bueno",3,1
"6527","Normal","Normal","Leve","Regular",7,1
"6528","Normal","Normal","Fuerte","Regular",2,1
"6529","Normal","Normal","Fuerte","Regular",1,1
"6530","Normal","Baja","Leve","Bueno",0,1
"6531","Alta","Normal","Fuerte","Bueno",3,1
"6532","Normal","Alta","Fuerte","Malo",4,1
"6533","Normal","Baja","Fuerte","Regular",6,1
"6534","Baja","Alta","Leve","Malo",5,1
"6535","Normal","Normal","Fuerte","Bueno",4,0
"6536","Alta","Alta","Leve","Bueno",4,0
"6537","Normal","Normal","Fuerte","Regular",1,1
"6538","Alta","Baja","Leve","Malo",4,0
"6539","Alta","Alta","Leve","Malo",5,1
"6540","Alta","Baja","Fuerte","Bueno",4,1
"6541","Normal","Normal","Fuerte","Regular",5,1
"6542","Normal","Normal","Fuerte","Regular",8,0
"6543","Normal","Alta","Leve","Regular",5,1
"6544","Normal","Normal","Fuerte","Bueno",4,1
"6545","Normal","Alta","Leve","Bueno",3,0
"6546","Normal","Normal","Leve","Regular",7,1
"6547","Normal","Normal","Fuerte","Bueno",3,0
"6548","Normal","Baja","Leve","Regular",5,0
"6549","Alta","Alta","Fuerte","Bueno",3,1
"6550","Baja","Alta","Fuerte","Malo",5,1
"6551","Normal","Normal","Leve","Bueno",4,1
"6552","Baja","Alta","Leve","Bueno",4,0
"6553","Normal","Normal","Fuerte","Regular",6,1
"6554","Normal","Normal","Leve","Malo",6,0
"6555","Normal","Normal","Fuerte","Bueno",5,0
"6556","Normal","Alta","Fuerte","Bueno",5,1
"6557","Normal","Normal","Fuerte","Regular",5,0
"6558","Normal","Normal","Leve","Bueno",5,0
"6559","Normal","Normal","Fuerte","Regular",4,1
"6560","Baja","Alta","Fuerte","Regular",2,1
"6561","Normal","Normal","Fuerte","Malo",4,1
"6562","Normal","Baja","Leve","Regular",2,1
"6563","Normal","Normal","Leve","Regular",4,1
"6564","Normal","Normal","Leve","Bueno",1,1
"6565","Normal","Baja","Leve","Bueno",2,1
"6566","Normal","Normal","Leve","Malo",4,0
"6567","Normal","Alta","Leve","Regular",1,1
"6568","Baja","Alta","Fuerte","Bueno",1,0
"6569","Normal","Normal","Leve","Malo",2,0
"6570","Normal","Normal","Leve","Bueno",6,0
"6571","Normal","Normal","Fuerte","Regular",6,1
"6572","Normal","Baja","Leve","Regular",5,0
"6573","Normal","Normal","Fuerte","Bueno",2,0
"6574","Normal","Normal","Leve","Malo",3,1
"6575","Normal","Normal","Leve","Bueno",5,1
"6576","Normal","Baja","Leve","Regular",4,0
"6577","Normal","Baja","Leve","Regular",3,1
"6578","Normal","Alta","Leve","Bueno",2,1
"6579","Normal","Normal","Fuerte","Bueno",5,0
"6580","Normal","Baja","Fuerte","Bueno",3,1
"6581","Baja","Alta","Fuerte","Malo",5,1
"6582","Normal","Normal","Fuerte","Regular",9,1
"6583","Normal","Normal","Leve","Regular",5,0
"6584","Normal","Baja","Leve","Bueno",9,1
"6585","Alta","Alta","Leve","Regular",5,0
"6586","Normal","Normal","Fuerte","Regular",5,1
"6587","Normal","Baja","Fuerte","Regular",0,1
"6588","Baja","Normal","Leve","Bueno",2,1
"6589","Alta","Baja","Fuerte","Regular",6,1
"6590","Normal","Normal","Leve","Malo",5,1
"6591","Baja","Alta","Leve","Malo",4,1
"6592","Normal","Baja","Fuerte","Malo",6,0
"6593","Normal","Normal","Leve","Regular",4,0
"6594","Alta","Normal","Leve","Bueno",3,0
"6595","Baja","Alta","Leve","Regular",6,1
"6596","Normal","Normal","Fuerte","Regular",7,1
"6597","Normal","Alta","Fuerte","Bueno",9,0
"6598","Normal","Normal","Leve","Regular",3,1
"6599","Normal","Normal","Fuerte","Regular",4,1
"6600","Normal","Alta","Leve","Regular",2,1
"6601","Normal","Alta","Leve","Regular",3,1
"6602","Normal","Alta","Fuerte","Regular",4,1
"6603","Normal","Alta","Leve","Regular",0,1
"6604","Normal","Baja","Leve","Regular",5,1
"6605","Alta","Baja","Leve","Regular",4,0
"6606","Alta","Normal","Fuerte","Malo",1,0
"6607","Normal","Alta","Fuerte","Bueno",3,0
"6608","Normal","Alta","Fuerte","Regular",6,0
"6609","Normal","Alta","Leve","Malo",4,1
"6610","Baja","Alta","Fuerte","Regular",5,1
"6611","Baja","Alta","Fuerte","Regular",2,0
"6612","Normal","Normal","Leve","Regular",5,1
"6613","Baja","Normal","Leve","Bueno",2,0
"6614","Normal","Normal","Leve","Regular",4,1
"6615","Normal","Normal","Fuerte","Bueno",3,1
"6616","Baja","Alta","Fuerte","Bueno",6,0
"6617","Normal","Baja","Fuerte","Regular",4,0
"6618","Alta","Alta","Leve","Regular",2,1
"6619","Normal","Normal","Fuerte","Bueno",7,0
"6620","Baja","Alta","Leve","Regular",3,1
"6621","Baja","Alta","Leve","Bueno",8,0
"6622","Normal","Normal","Fuerte","Bueno",5,0
"6623","Baja","Alta","Leve","Malo",7,0
"6624","Normal","Alta","Leve","Regular",1,0
"6625","Normal","Normal","Fuerte","Bueno",7,1
"6626","Normal","Alta","Fuerte","Bueno",6,1
"6627","Normal","Baja","Leve","Regular",2,1
"6628","Normal","Alta","Fuerte","Malo",3,1
"6629","Alta","Baja","Fuerte","Malo",1,1
"6630","Normal","Normal","Fuerte","Bueno",3,1
"6631","Normal","Normal","Fuerte","Bueno",7,1
"6632","Normal","Normal","Leve","Regular",3,0
"6633","Normal","Normal","Leve","Malo",4,0
"6634","Normal","Normal","Fuerte","Malo",3,1
"6635","Normal","Baja","Fuerte","Regular",4,1
"6636","Baja","Alta","Fuerte","Regular",2,0
"6637","Alta","Baja","Fuerte","Bueno",5,0
"6638","Normal","Baja","Leve","Bueno",4,0
"6639","Normal","Normal","Leve","Bueno",3,1
"6640","Normal","Normal","Fuerte","Regular",4,1
"6641","Normal","Normal","Fuerte","Bueno",4,0
"6642","Normal","Normal","Fuerte","Bueno",4,0
"6643","Normal","Normal","Leve","Regular",3,0
"6644","Normal","Alta","Leve","Malo",9,1
"6645","Normal","Normal","Fuerte","Bueno",4,1
"6646","Normal","Normal","Fuerte","Bueno",4,1
"6647","Normal","Normal","Fuerte","Malo",6,0
"6648","Alta","Baja","Fuerte","Bueno",5,0
"6649","Normal","Normal","Leve","Bueno",6,0
"6650","Normal","Normal","Leve","Regular",4,1
"6651","Baja","Alta","Fuerte","Regular",5,0
"6652","Normal","Baja","Fuerte","Bueno",2,1
"6653","Normal","Normal","Leve","Regular",0,1
"6654","Normal","Baja","Leve","Bueno",5,1
"6655","Normal","Normal","Fuerte","Bueno",10,0
"6656","Normal","Normal","Fuerte","Bueno",1,1
"6657","Normal","Normal","Leve","Bueno",4,1
"6658","Normal","Normal","Fuerte","Regular",5,1
"6659","Normal","Alta","Leve","Malo",3,1
"6660","Normal","Normal","Fuerte","Bueno",4,0
"6661","Normal","Normal","Fuerte","Bueno",4,0
"6662","Normal","Alta","Fuerte","Regular",3,1
"6663","Normal","Alta","Leve","Bueno",4,0
"6664","Normal","Normal","Leve","Bueno",2,0
"6665","Baja","Alta","Fuerte","Regular",4,0
"6666","Normal","Normal","Leve","Malo",4,1
"6667","Normal","Baja","Fuerte","Bueno",6,1
"6668","Baja","Alta","Leve","Bueno",4,1
"6669","Normal","Alta","Fuerte","Regular",5,1
"6670","Baja","Alta","Fuerte","Regular",3,1
"6671","Normal","Baja","Leve","Malo",3,1
"6672","Normal","Baja","Leve","Bueno",2,1
"6673","Normal","Normal","Leve","Regular",1,1
"6674","Baja","Alta","Leve","Bueno",4,0
"6675","Normal","Normal","Leve","Malo",4,1
"6676","Normal","Alta","Leve","Bueno",7,0
"6677","Normal","Baja","Fuerte","Regular",5,0
"6678","Normal","Normal","Leve","Malo",3,1
"6679","Normal","Normal","Fuerte","Bueno",4,0
"6680","Alta","Baja","Fuerte","Bueno",1,1
"6681","Normal","Normal","Fuerte","Regular",4,1
"6682","Normal","Normal","Fuerte","Malo",2,0
"6683","Normal","Normal","Leve","Bueno",2,1
"6684","Alta","Normal","Fuerte","Bueno",3,0
"6685","Baja","Alta","Fuerte","Regular",5,1
"6686","Normal","Baja","Leve","Malo",1,0
"6687","Baja","Alta","Fuerte","Malo",5,1
"6688","Normal","Alta","Fuerte","Bueno",3,1
"6689","Normal","Normal","Fuerte","Regular",3,1
"6690","Normal","Normal","Leve","Malo",5,0
"6691","Normal","Normal","Fuerte","Regular",1,1
"6692","Baja","Normal","Leve","Regular",3,0
"6693","Normal","Normal","Leve","Bueno",4,0
"6694","Baja","Alta","Leve","Regular",6,0
"6695","Baja","Alta","Fuerte","Regular",9,0
"6696","Normal","Normal","Leve","Regular",5,0
"6697","Normal","Normal","Leve","Bueno",4,1
"6698","Normal","Normal","Leve","Bueno",2,1
"6699","Baja","Alta","Leve","Bueno",3,1
"6700","Normal","Normal","Fuerte","Regular",5,0
"6701","Alta","Baja","Fuerte","Regular",3,0
"6702","Normal","Normal","Fuerte","Regular",3,1
"6703","Normal","Alta","Leve","Malo",2,0
"6704","Normal","Normal","Leve","Malo",7,0
"6705","Normal","Normal","Fuerte","Regular",7,0
"6706","Normal","Normal","Leve","Malo",2,1
"6707","Normal","Normal","Leve","Regular",6,0
"6708","Normal","Normal","Leve","Bueno",5,0
"6709","Normal","Normal","Fuerte","Bueno",5,1
"6710","Normal","Normal","Fuerte","Bueno",4,1
"6711","Normal","Baja","Fuerte","Regular",6,0
"6712","Normal","Baja","Leve","Regular",5,0
"6713","Normal","Alta","Leve","Regular",4,0
"6714","Normal","Normal","Leve","Regular",7,1
"6715","Normal","Normal","Fuerte","Regular",3,0
"6716","Normal","Baja","Leve","Bueno",4,1
"6717","Normal","Alta","Leve","Malo",2,0
"6718","Normal","Normal","Leve","Bueno",2,1
"6719","Normal","Baja","Leve","Bueno",2,0
"6720","Baja","Baja","Leve","Regular",6,0
"6721","Normal","Normal","Fuerte","Malo",5,1
"6722","Alta","Normal","Fuerte","Bueno",4,0
"6723","Baja","Alta","Leve","Regular",3,1
"6724","Normal","Normal","Leve","Regular",7,0
"6725","Normal","Normal","Fuerte","Malo",3,1
"6726","Normal","Alta","Fuerte","Regular",5,0
"6727","Normal","Alta","Fuerte","Regular",0,1
"6728","Normal","Alta","Fuerte","Regular",1,0
"6729","Baja","Alta","Leve","Malo",4,0
"6730","Baja","Alta","Leve","Regular",3,1
"6731","Normal","Normal","Fuerte","Bueno",5,1
"6732","Normal","Normal","Fuerte","Malo",3,1
"6733","Normal","Alta","Fuerte","Bueno",5,0
"6734","Normal","Baja","Leve","Regular",5,1
"6735","Normal","Normal","Leve","Bueno",6,1
"6736","Alta","Baja","Fuerte","Malo",4,1
"6737","Baja","Alta","Leve","Regular",5,0
"6738","Normal","Normal","Fuerte","Regular",4,0
"6739","Normal","Normal","Fuerte","Bueno",5,1
"6740","Baja","Alta","Leve","Regular",7,1
"6741","Normal","Normal","Leve","Regular",3,1
"6742","Normal","Baja","Fuerte","Bueno",2,1
"6743","Normal","Normal","Fuerte","Regular",6,1
"6744","Baja","Alta","Fuerte","Regular",3,1
"6745","Baja","Alta","Fuerte","Bueno",1,1
"6746","Baja","Alta","Leve","Bueno",4,0
"6747","Baja","Normal","Fuerte","Bueno",6,1
"6748","Normal","Normal","Fuerte","Regular",3,0
"6749","Normal","Normal","Fuerte","Malo",5,0
"6750","Normal","Baja","Fuerte","Bueno",6,0
"6751","Normal","Normal","Fuerte","Bueno",3,0
"6752","Normal","Normal","Leve","Bueno",3,1
"6753","Normal","Normal","Leve","Regular",5,0
"6754","Normal","Normal","Leve","Bueno",1,1
"6755","Normal","Normal","Leve","Malo",3,1
"6756","Normal","Normal","Leve","Malo",3,1
"6757","Normal","Baja","Fuerte","Bueno",7,1
"6758","Alta","Baja","Leve","Bueno",3,1
"6759","Normal","Normal","Fuerte","Regular",5,1
"6760","Normal","Normal","Fuerte","Bueno",8,0
"6761","Normal","Normal","Leve","Bueno",4,0
"6762","Baja","Alta","Leve","Bueno",4,1
"6763","Normal","Alta","Leve","Bueno",3,1
"6764","Normal","Alta","Leve","Bueno",4,0
"6765","Normal","Baja","Leve","Regular",5,1
"6766","Normal","Normal","Leve","Malo",4,1
"6767","Normal","Normal","Fuerte","Regular",2,0
"6768","Normal","Normal","Leve","Bueno",4,1
"6769","Normal","Baja","Leve","Malo",1,1
"6770","Normal","Baja","Fuerte","Regular",6,0
"6771","Normal","Normal","Leve","Bueno",3,1
"6772","Baja","Alta","Fuerte","Malo",5,1
"6773","Normal","Normal","Fuerte","Malo",3,1
"6774","Baja","Alta","Leve","Malo",3,1
"6775","Alta","Baja","Leve","Regular",1,0
"6776","Baja","Alta","Leve","Malo",2,1
"6777","Baja","Alta","Fuerte","Bueno",6,1
"6778","Normal","Normal","Fuerte","Bueno",2,1
"6779","Normal","Normal","Leve","Regular",4,1
"6780","Normal","Alta","Fuerte","Bueno",2,0
"6781","Normal","Normal","Leve","Regular",4,0
"6782","Normal","Normal","Fuerte","Regular",4,1
"6783","Normal","Normal","Leve","Bueno",5,0
"6784","Normal","Normal","Fuerte","Bueno",4,1
"6785","Normal","Alta","Fuerte","Regular",4,1
"6786","Normal","Normal","Leve","Regular",3,1
"6787","Normal","Normal","Leve","Bueno",4,1
"6788","Baja","Alta","Fuerte","Bueno",5,1
"6789","Normal","Normal","Leve","Regular",4,1
"6790","Normal","Normal","Leve","Bueno",5,1
"6791","Baja","Alta","Fuerte","Malo",2,0
"6792","Normal","Alta","Fuerte","Regular",9,1
"6793","Normal","Baja","Leve","Regular",0,1
"6794","Normal","Normal","Leve","Regular",7,0
"6795","Baja","Normal","Leve","Bueno",0,1
"6796","Normal","Baja","Leve","Regular",4,0
"6797","Normal","Normal","Leve","Regular",2,1
"6798","Normal","Normal","Leve","Bueno",7,0
"6799","Normal","Baja","Leve","Bueno",5,1
"6800","Normal","Normal","Fuerte","Bueno",3,1
"6801","Normal","Alta","Fuerte","Regular",5,0
"6802","Normal","Alta","Fuerte","Regular",2,0
"6803","Normal","Normal","Leve","Regular",6,1
"6804","Normal","Normal","Leve","Malo",5,0
"6805","Normal","Baja","Leve","Bueno",4,0
"6806","Baja","Alta","Fuerte","Regular",3,1
"6807","Normal","Normal","Fuerte","Bueno",3,0
"6808","Normal","Baja","Fuerte","Malo",6,0
"6809","Baja","Alta","Leve","Regular",3,1
"6810","Normal","Normal","Fuerte","Malo",3,0
"6811","Normal","Normal","Leve","Bueno",7,0
"6812","Normal","Baja","Leve","Bueno",1,1
"6813","Alta","Baja","Fuerte","Regular",3,0
"6814","Baja","Normal","Fuerte","Regular",2,0
"6815","Baja","Alta","Leve","Regular",3,0
"6816","Normal","Baja","Fuerte","Malo",4,1
"6817","Baja","Alta","Leve","Bueno",4,0
"6818","Alta","Baja","Fuerte","Regular",9,0
"6819","Normal","Normal","Leve","Malo",5,1
"6820","Normal","Baja","Leve","Regular",2,1
"6821","Normal","Alta","Leve","Bueno",2,1
"6822","Alta","Alta","Fuerte","Malo",3,1
"6823","Normal","Baja","Fuerte","Regular",4,1
"6824","Baja","Alta","Leve","Regular",6,1
"6825","Normal","Normal","Leve","Regular",1,0
"6826","Alta","Normal","Fuerte","Regular",3,1
"6827","Baja","Alta","Fuerte","Bueno",7,1
"6828","Normal","Alta","Fuerte","Regular",4,1
"6829","Baja","Normal","Fuerte","Bueno",2,1
"6830","Normal","Normal","Leve","Bueno",3,0
"6831","Normal","Baja","Fuerte","Regular",3,1
"6832","Baja","Alta","Leve","Regular",3,1
"6833","Baja","Alta","Leve","Malo",4,0
"6834","Normal","Normal","Leve","Bueno",2,1
"6835","Baja","Alta","Leve","Regular",5,1
"6836","Normal","Baja","Leve","Bueno",7,0
"6837","Normal","Normal","Fuerte","Regular",4,1
"6838","Normal","Baja","Fuerte","Regular",2,1
"6839","Normal","Normal","Fuerte","Regular",2,1
"6840","Normal","Normal","Leve","Malo",0,1
"6841","Normal","Normal","Fuerte","Bueno",3,0
"6842","Normal","Baja","Fuerte","Malo",3,0
"6843","Alta","Baja","Leve","Bueno",2,1
"6844","Normal","Normal","Fuerte","Regular",2,0
"6845","Normal","Baja","Leve","Bueno",7,0
"6846","Normal","Baja","Fuerte","Regular",5,1
"6847","Normal","Normal","Fuerte","Regular",10,1
"6848","Baja","Alta","Fuerte","Regular",2,0
"6849","Alta","Baja","Leve","Regular",2,1
"6850","Normal","Normal","Fuerte","Bueno",1,1
"6851","Normal","Normal","Fuerte","Regular",10,0
"6852","Normal","Normal","Fuerte","Regular",3,0
"6853","Normal","Normal","Leve","Bueno",4,0
"6854","Normal","Normal","Leve","Bueno",3,0
"6855","Alta","Alta","Leve","Bueno",5,0
"6856","Alta","Alta","Leve","Bueno",6,1
"6857","Baja","Alta","Leve","Bueno",3,1
"6858","Normal","Baja","Fuerte","Bueno",5,1
"6859","Baja","Alta","Leve","Regular",6,0
"6860","Normal","Alta","Fuerte","Bueno",2,0
"6861","Normal","Alta","Fuerte","Bueno",3,1
"6862","Normal","Baja","Leve","Malo",6,1
"6863","Normal","Alta","Fuerte","Malo",5,1
"6864","Normal","Baja","Fuerte","Malo",2,0
"6865","Normal","Normal","Fuerte","Bueno",4,1
"6866","Normal","Alta","Fuerte","Malo",4,1
"6867","Normal","Normal","Fuerte","Bueno",6,0
"6868","Baja","Alta","Fuerte","Bueno",7,1
"6869","Normal","Normal","Fuerte","Bueno",6,1
"6870","Normal","Baja","Fuerte","Bueno",4,0
"6871","Normal","Alta","Leve","Bueno",3,1
"6872","Normal","Alta","Fuerte","Regular",0,1
"6873","Normal","Normal","Leve","Regular",5,0
"6874","Normal","Normal","Leve","Malo",2,0
"6875","Normal","Normal","Leve","Malo",6,1
"6876","Alta","Baja","Leve","Bueno",3,1
"6877","Normal","Alta","Fuerte","Bueno",2,0
"6878","Baja","Alta","Fuerte","Regular",3,1
"6879","Normal","Normal","Leve","Bueno",3,0
"6880","Baja","Alta","Fuerte","Bueno",6,1
"6881","Baja","Normal","Fuerte","Bueno",4,0
"6882","Normal","Normal","Leve","Malo",4,1
"6883","Normal","Normal","Fuerte","Bueno",4,0
"6884","Normal","Normal","Fuerte","Regular",7,1
"6885","Normal","Normal","Fuerte","Bueno",6,1
"6886","Normal","Alta","Fuerte","Regular",5,0
"6887","Normal","Alta","Fuerte","Malo",4,1
"6888","Normal","Normal","Fuerte","Bueno",0,1
"6889","Normal","Normal","Leve","Regular",10,0
"6890","Normal","Normal","Fuerte","Malo",0,1
"6891","Normal","Alta","Fuerte","Malo",9,1
"6892","Normal","Normal","Leve","Regular",5,1
"6893","Normal","Normal","Leve","Regular",5,0
"6894","Baja","Alta","Leve","Bueno",2,1
"6895","Normal","Normal","Fuerte","Bueno",6,1
"6896","Baja","Baja","Fuerte","Regular",4,1
"6897","Normal","Baja","Leve","Bueno",5,1
"6898","Normal","Baja","Leve","Regular",5,1
"6899","Baja","Alta","Fuerte","Regular",4,0
"6900","Normal","Normal","Fuerte","Malo",4,1
"6901","Normal","Normal","Leve","Regular",0,1
"6902","Baja","Alta","Fuerte","Malo",4,1
"6903","Baja","Alta","Fuerte","Regular",4,1
"6904","Normal","Alta","Leve","Bueno",4,1
"6905","Normal","Normal","Leve","Bueno",5,1
"6906","Normal","Baja","Leve","Bueno",4,1
"6907","Normal","Alta","Leve","Malo",2,1
"6908","Alta","Baja","Fuerte","Bueno",4,1
"6909","Normal","Normal","Leve","Bueno",8,1
"6910","Normal","Baja","Leve","Bueno",2,0
"6911","Baja","Alta","Leve","Malo",4,1
"6912","Alta","Alta","Fuerte","Bueno",5,1
"6913","Normal","Normal","Fuerte","Malo",2,0
"6914","Normal","Normal","Leve","Bueno",6,0
"6915","Normal","Alta","Leve","Bueno",9,1
"6916","Alta","Normal","Fuerte","Regular",0,1
"6917","Normal","Alta","Leve","Malo",1,1
"6918","Normal","Baja","Leve","Regular",6,1
"6919","Normal","Normal","Fuerte","Bueno",3,0
"6920","Normal","Baja","Leve","Bueno",4,1
"6921","Baja","Alta","Fuerte","Regular",5,1
"6922","Normal","Normal","Fuerte","Malo",1,1
"6923","Normal","Alta","Fuerte","Malo",4,1
"6924","Normal","Baja","Leve","Regular",4,0
"6925","Normal","Alta","Fuerte","Bueno",4,0
"6926","Normal","Baja","Fuerte","Regular",2,1
"6927","Normal","Normal","Leve","Regular",5,1
"6928","Normal","Normal","Leve","Regular",5,1
"6929","Normal","Alta","Leve","Bueno",5,1
"6930","Normal","Alta","Leve","Bueno",6,1
"6931","Normal","Normal","Leve","Bueno",6,1
"6932","Baja","Baja","Fuerte","Malo",4,1
"6933","Alta","Alta","Leve","Regular",5,1
"6934","Normal","Normal","Fuerte","Bueno",4,0
"6935","Baja","Alta","Leve","Bueno",5,0
"6936","Normal","Normal","Fuerte","Bueno",3,1
"6937","Normal","Normal","Fuerte","Regular",3,0
"6938","Normal","Alta","Leve","Regular",2,0
"6939","Normal","Alta","Fuerte","Regular",5,1
"6940","Normal","Normal","Leve","Malo",7,1
"6941","Baja","Alta","Leve","Malo",3,1
"6942","Baja","Alta","Leve","Regular",8,0
"6943","Normal","Normal","Fuerte","Regular",4,0
"6944","Normal","Baja","Leve","Bueno",3,0
"6945","Normal","Normal","Leve","Bueno",3,1
"6946","Baja","Alta","Leve","Malo",2,1
"6947","Alta","Baja","Leve","Bueno",5,1
"6948","Normal","Normal","Fuerte","Malo",3,1
"6949","Normal","Alta","Leve","Bueno",4,1
"6950","Baja","Alta","Leve","Regular",5,0
"6951","Normal","Normal","Fuerte","Malo",6,1
"6952","Alta","Normal","Leve","Malo",3,1
"6953","Normal","Alta","Leve","Bueno",1,1
"6954","Baja","Alta","Leve","Bueno",6,0
"6955","Normal","Normal","Leve","Regular",3,1
"6956","Normal","Normal","Leve","Bueno",2,0
"6957","Normal","Normal","Leve","Bueno",4,1
"6958","Normal","Normal","Fuerte","Bueno",2,1
"6959","Baja","Alta","Fuerte","Bueno",5,1
"6960","Normal","Normal","Fuerte","Regular",2,1
"6961","Alta","Normal","Leve","Regular",3,1
"6962","Baja","Alta","Leve","Malo",5,0
"6963","Baja","Alta","Fuerte","Bueno",4,0
"6964","Normal","Alta","Fuerte","Bueno",4,0
"6965","Normal","Normal","Fuerte","Bueno",5,0
"6966","Normal","Alta","Fuerte","Regular",5,0
"6967","Normal","Normal","Fuerte","Bueno",2,0
"6968","Normal","Normal","Fuerte","Malo",4,0
"6969","Baja","Alta","Fuerte","Bueno",4,1
"6970","Normal","Baja","Fuerte","Malo",4,1
"6971","Normal","Alta","Leve","Bueno",4,0
"6972","Normal","Alta","Leve","Malo",5,1
"6973","Normal","Normal","Leve","Bueno",4,1
"6974","Normal","Normal","Leve","Regular",1,0
"6975","Normal","Baja","Fuerte","Malo",3,0
"6976","Normal","Normal","Leve","Regular",6,1
"6977","Baja","Alta","Fuerte","Malo",3,1
"6978","Normal","Normal","Fuerte","Regular",5,1
"6979","Normal","Normal","Leve","Bueno",3,1
"6980","Baja","Normal","Leve","Malo",7,1
"6981","Alta","Alta","Fuerte","Regular",4,1
"6982","Normal","Baja","Fuerte","Bueno",4,0
"6983","Normal","Alta","Fuerte","Regular",3,0
"6984","Alta","Alta","Fuerte","Regular",2,1
"6985","Normal","Alta","Leve","Malo",3,0
"6986","Normal","Normal","Leve","Regular",2,0
"6987","Normal","Baja","Leve","Bueno",4,1
"6988","Baja","Alta","Leve","Malo",6,1
"6989","Normal","Normal","Leve","Regular",4,0
"6990","Normal","Baja","Fuerte","Malo",6,0
"6991","Normal","Baja","Leve","Regular",1,1
"6992","Baja","Alta","Fuerte","Malo",6,0
"6993","Baja","Alta","Leve","Regular",5,0
"6994","Normal","Normal","Leve","Regular",6,0
"6995","Baja","Alta","Fuerte","Bueno",3,1
"6996","Normal","Normal","Fuerte","Bueno",6,1
"6997","Baja","Baja","Fuerte","Regular",6,1
"6998","Normal","Normal","Fuerte","Regular",6,0
"6999","Alta","Alta","Fuerte","Regular",2,1
"7000","Baja","Alta","Fuerte","Regular",3,0
"7001","Baja","Alta","Leve","Regular",8,1
"7002","Alta","Baja","Fuerte","Malo",3,1
"7003","Normal","Baja","Fuerte","Bueno",3,0
"7004","Normal","Normal","Fuerte","Regular",6,0
"7005","Baja","Alta","Leve","Bueno",2,0
"7006","Normal","Alta","Fuerte","Regular",3,0
"7007","Baja","Alta","Fuerte","Bueno",0,1
"7008","Normal","Normal","Leve","Bueno",2,0
"7009","Normal","Normal","Fuerte","Regular",1,0
"7010","Normal","Baja","Leve","Regular",3,1
"7011","Normal","Normal","Fuerte","Regular",4,1
"7012","Baja","Normal","Leve","Regular",2,1
"7013","Alta","Baja","Leve","Malo",4,1
"7014","Normal","Alta","Fuerte","Malo",2,1
"7015","Baja","Alta","Leve","Bueno",5,0
"7016","Alta","Alta","Leve","Bueno",7,1
"7017","Normal","Baja","Fuerte","Bueno",8,0
"7018","Normal","Alta","Fuerte","Regular",2,1
"7019","Normal","Baja","Leve","Regular",4,1
"7020","Normal","Normal","Leve","Regular",2,1
"7021","Alta","Baja","Leve","Malo",8,1
"7022","Normal","Normal","Fuerte","Regular",5,1
"7023","Normal","Alta","Leve","Malo",1,0
"7024","Baja","Normal","Leve","Malo",5,1
"7025","Normal","Normal","Fuerte","Regular",3,1
"7026","Alta","Alta","Fuerte","Regular",5,0
"7027","Baja","Alta","Leve","Bueno",3,1
"7028","Normal","Alta","Leve","Regular",2,1
"7029","Normal","Alta","Leve","Malo",5,0
"7030","Baja","Alta","Fuerte","Regular",6,1
"7031","Normal","Normal","Leve","Regular",2,0
"7032","Alta","Normal","Leve","Malo",3,1
"7033","Baja","Alta","Fuerte","Bueno",5,0
"7034","Normal","Alta","Leve","Regular",4,1
"7035","Normal","Normal","Leve","Regular",3,1
"7036","Normal","Normal","Leve","Bueno",1,1
"7037","Baja","Alta","Fuerte","Bueno",5,1
"7038","Normal","Normal","Leve","Regular",1,0
"7039","Baja","Alta","Fuerte","Regular",8,1
"7040","Baja","Alta","Fuerte","Regular",3,0
"7041","Normal","Alta","Fuerte","Bueno",3,0
"7042","Normal","Alta","Fuerte","Malo",2,1
"7043","Normal","Normal","Fuerte","Bueno",3,1
"7044","Normal","Normal","Leve","Bueno",3,1
"7045","Normal","Baja","Fuerte","Regular",7,1
"7046","Baja","Baja","Fuerte","Regular",2,0
"7047","Baja","Alta","Leve","Regular",8,1
"7048","Normal","Normal","Leve","Malo",5,1
"7049","Baja","Alta","Leve","Regular",1,1
"7050","Normal","Alta","Fuerte","Bueno",5,1
"7051","Normal","Normal","Leve","Regular",7,0
"7052","Normal","Baja","Leve","Bueno",7,0
"7053","Baja","Normal","Fuerte","Regular",0,1
"7054","Normal","Normal","Leve","Bueno",5,1
"7055","Normal","Normal","Leve","Bueno",3,1
"7056","Baja","Alta","Leve","Bueno",5,0
"7057","Normal","Normal","Fuerte","Regular",3,0
"7058","Normal","Normal","Fuerte","Regular",3,1
"7059","Alta","Normal","Fuerte","Bueno",4,0
"7060","Normal","Normal","Fuerte","Bueno",3,1
"7061","Normal","Normal","Fuerte","Malo",3,0
"7062","Normal","Normal","Leve","Regular",6,1
"7063","Normal","Normal","Fuerte","Regular",4,1
"7064","Normal","Normal","Leve","Regular",8,1
"7065","Normal","Normal","Fuerte","Bueno",7,1
"7066","Normal","Baja","Fuerte","Regular",4,0
"7067","Normal","Normal","Leve","Regular",7,0
"7068","Normal","Normal","Leve","Bueno",8,1
"7069","Normal","Normal","Fuerte","Bueno",2,1
"7070","Normal","Alta","Fuerte","Bueno",3,1
"7071","Baja","Alta","Leve","Bueno",2,0
"7072","Alta","Alta","Leve","Regular",5,0
"7073","Normal","Baja","Leve","Malo",2,1
"7074","Baja","Alta","Fuerte","Regular",4,0
"7075","Normal","Normal","Leve","Bueno",2,1
"7076","Normal","Alta","Leve","Regular",4,1
"7077","Normal","Normal","Fuerte","Regular",4,1
"7078","Normal","Baja","Leve","Regular",3,0
"7079","Normal","Normal","Leve","Regular",4,0
"7080","Normal","Normal","Leve","Bueno",2,0
"7081","Normal","Normal","Fuerte","Bueno",3,1
"7082","Alta","Alta","Leve","Regular",4,0
"7083","Normal","Normal","Fuerte","Regular",6,1
"7084","Normal","Normal","Leve","Regular",4,0
"7085","Normal","Baja","Fuerte","Malo",6,0
"7086","Normal","Alta","Fuerte","Regular",2,1
"7087","Normal","Normal","Fuerte","Bueno",4,1
"7088","Baja","Normal","Leve","Regular",9,0
"7089","Normal","Baja","Fuerte","Bueno",4,0
"7090","Normal","Normal","Fuerte","Bueno",3,0
"7091","Baja","Alta","Fuerte","Malo",9,0
"7092","Normal","Normal","Fuerte","Malo",4,0
"7093","Alta","Baja","Fuerte","Regular",8,1
"7094","Normal","Alta","Leve","Bueno",6,1
"7095","Baja","Alta","Fuerte","Bueno",6,1
"7096","Baja","Normal","Leve","Bueno",3,0
"7097","Normal","Normal","Fuerte","Bueno",2,0
"7098","Normal","Normal","Leve","Malo",4,1
"7099","Normal","Normal","Fuerte","Malo",4,1
"7100","Normal","Baja","Leve","Regular",7,1
"7101","Normal","Normal","Fuerte","Malo",5,1
"7102","Normal","Normal","Leve","Regular",8,1
"7103","Normal","Normal","Fuerte","Malo",2,0
"7104","Normal","Normal","Fuerte","Regular",3,0
"7105","Normal","Baja","Fuerte","Regular",6,1
"7106","Normal","Normal","Fuerte","Bueno",3,0
"7107","Normal","Alta","Fuerte","Bueno",4,0
"7108","Baja","Alta","Fuerte","Bueno",2,0
"7109","Alta","Normal","Fuerte","Malo",1,1
"7110","Normal","Normal","Fuerte","Regular",6,1
"7111","Normal","Normal","Leve","Malo",3,0
"7112","Normal","Baja","Fuerte","Bueno",3,1
"7113","Normal","Baja","Leve","Regular",3,1
"7114","Normal","Alta","Fuerte","Regular",4,0
"7115","Normal","Normal","Leve","Regular",3,1
"7116","Baja","Alta","Leve","Bueno",9,0
"7117","Normal","Normal","Leve","Regular",8,1
"7118","Normal","Normal","Leve","Bueno",3,0
"7119","Alta","Alta","Fuerte","Malo",6,1
"7120","Normal","Normal","Fuerte","Malo",5,1
"7121","Normal","Baja","Fuerte","Bueno",6,1
"7122","Normal","Normal","Leve","Regular",9,1
"7123","Baja","Baja","Leve","Bueno",5,0
"7124","Normal","Normal","Leve","Regular",4,1
"7125","Normal","Alta","Leve","Bueno",3,1
"7126","Normal","Baja","Fuerte","Bueno",2,1
"7127","Baja","Alta","Leve","Bueno",2,1
"7128","Alta","Normal","Leve","Regular",3,1
"7129","Normal","Normal","Fuerte","Malo",6,0
"7130","Normal","Alta","Leve","Malo",5,1
"7131","Normal","Normal","Fuerte","Bueno",6,1
"7132","Normal","Alta","Leve","Malo",0,1
"7133","Normal","Normal","Leve","Regular",3,0
"7134","Normal","Normal","Leve","Regular",11,0
"7135","Normal","Normal","Leve","Malo",1,1
"7136","Normal","Baja","Leve","Regular",7,0
"7137","Normal","Baja","Leve","Regular",2,1
"7138","Normal","Baja","Leve","Regular",4,1
"7139","Normal","Normal","Leve","Bueno",3,0
"7140","Normal","Normal","Leve","Bueno",2,0
"7141","Normal","Normal","Fuerte","Malo",4,1
"7142","Baja","Alta","Fuerte","Regular",2,0
"7143","Baja","Normal","Fuerte","Bueno",2,1
"7144","Normal","Baja","Leve","Malo",2,1
"7145","Normal","Normal","Fuerte","Regular",1,1
"7146","Baja","Alta","Leve","Malo",4,1
"7147","Baja","Alta","Leve","Regular",8,0
"7148","Normal","Normal","Fuerte","Bueno",2,1
"7149","Baja","Baja","Leve","Regular",4,1
"7150","Normal","Alta","Fuerte","Malo",6,1
"7151","Normal","Normal","Leve","Bueno",5,0
"7152","Baja","Alta","Leve","Regular",2,0
"7153","Baja","Baja","Leve","Bueno",6,1
"7154","Normal","Normal","Leve","Bueno",7,1
"7155","Normal","Alta","Fuerte","Regular",5,0
"7156","Normal","Alta","Fuerte","Bueno",4,1
"7157","Normal","Normal","Leve","Bueno",8,1
"7158","Normal","Normal","Fuerte","Bueno",5,1
"7159","Normal","Normal","Fuerte","Malo",5,0
"7160","Baja","Normal","Fuerte","Regular",5,1
"7161","Normal","Normal","Fuerte","Bueno",7,0
"7162","Normal","Normal","Fuerte","Bueno",2,1
"7163","Normal","Normal","Fuerte","Bueno",3,0
"7164","Normal","Normal","Leve","Bueno",4,1
"7165","Normal","Normal","Fuerte","Malo",2,1
"7166","Normal","Normal","Leve","Bueno",3,0
"7167","Normal","Normal","Fuerte","Regular",5,0
"7168","Baja","Alta","Fuerte","Bueno",6,1
"7169","Baja","Alta","Fuerte","Malo",2,1
"7170","Normal","Normal","Leve","Regular",2,0
"7171","Normal","Normal","Fuerte","Bueno",3,1
"7172","Baja","Alta","Leve","Bueno",3,0
"7173","Normal","Baja","Fuerte","Bueno",9,1
"7174","Normal","Normal","Fuerte","Regular",2,0
"7175","Alta","Baja","Fuerte","Bueno",2,0
"7176","Baja","Alta","Leve","Bueno",0,1
"7177","Normal","Baja","Leve","Regular",5,0
"7178","Baja","Alta","Fuerte","Regular",3,1
"7179","Alta","Normal","Fuerte","Regular",2,0
"7180","Baja","Alta","Leve","Bueno",5,0
"7181","Normal","Normal","Fuerte","Bueno",2,0
"7182","Normal","Baja","Leve","Regular",5,1
"7183","Baja","Alta","Leve","Bueno",2,1
"7184","Normal","Normal","Leve","Bueno",6,1
"7185","Normal","Baja","Leve","Bueno",3,1
"7186","Alta","Normal","Fuerte","Malo",8,0
"7187","Normal","Baja","Leve","Bueno",3,1
"7188","Alta","Alta","Fuerte","Regular",8,1
"7189","Normal","Normal","Fuerte","Bueno",1,0
"7190","Baja","Alta","Leve","Bueno",9,0
"7191","Normal","Normal","Leve","Regular",4,1
"7192","Alta","Normal","Leve","Regular",4,1
"7193","Normal","Baja","Leve","Bueno",6,1
"7194","Baja","Alta","Fuerte","Bueno",4,0
"7195","Alta","Alta","Fuerte","Regular",0,1
"7196","Normal","Alta","Fuerte","Regular",4,0
"7197","Normal","Alta","Leve","Regular",3,1
"7198","Baja","Alta","Fuerte","Bueno",3,0
"7199","Normal","Normal","Fuerte","Bueno",5,1
"7200","Normal","Baja","Leve","Bueno",1,0
"7201","Normal","Baja","Leve","Bueno",7,1
"7202","Normal","Normal","Leve","Bueno",5,1
"7203","Normal","Alta","Leve","Bueno",3,1
"7204","Baja","Alta","Fuerte","Malo",3,1
"7205","Normal","Normal","Fuerte","Bueno",7,0
"7206","Normal","Normal","Leve","Bueno",6,1
"7207","Normal","Alta","Fuerte","Bueno",4,0
"7208","Normal","Alta","Fuerte","Regular",4,1
"7209","Baja","Alta","Fuerte","Regular",4,1
"7210","Baja","Alta","Leve","Bueno",0,1
"7211","Alta","Baja","Fuerte","Regular",5,1
"7212","Normal","Normal","Fuerte","Bueno",6,1
"7213","Normal","Alta","Fuerte","Bueno",5,1
"7214","Normal","Normal","Leve","Bueno",3,0
"7215","Baja","Alta","Leve","Malo",4,1
"7216","Baja","Alta","Fuerte","Regular",6,1
"7217","Normal","Normal","Leve","Malo",5,0
"7218","Normal","Baja","Leve","Malo",3,0
"7219","Normal","Normal","Leve","Bueno",4,0
"7220","Normal","Alta","Leve","Malo",4,0
"7221","Normal","Alta","Fuerte","Bueno",2,1
"7222","Normal","Normal","Fuerte","Regular",3,0
"7223","Baja","Alta","Leve","Malo",2,1
"7224","Normal","Normal","Leve","Bueno",2,1
"7225","Normal","Normal","Leve","Bueno",5,0
"7226","Normal","Normal","Fuerte","Malo",2,1
"7227","Normal","Baja","Leve","Regular",2,1
"7228","Normal","Alta","Fuerte","Malo",1,1
"7229","Normal","Alta","Fuerte","Bueno",8,1
"7230","Normal","Alta","Leve","Bueno",5,1
"7231","Baja","Alta","Leve","Bueno",3,1
"7232","Normal","Alta","Fuerte","Malo",4,0
"7233","Baja","Alta","Fuerte","Regular",3,0
"7234","Baja","Baja","Fuerte","Regular",2,1
"7235","Normal","Alta","Fuerte","Regular",2,0
"7236","Baja","Alta","Leve","Regular",5,1
"7237","Normal","Alta","Fuerte","Bueno",5,0
"7238","Baja","Alta","Fuerte","Regular",2,0
"7239","Normal","Alta","Fuerte","Bueno",9,1
"7240","Normal","Alta","Leve","Bueno",5,0
"7241","Normal","Alta","Leve","Bueno",2,1
"7242","Normal","Normal","Fuerte","Bueno",3,0
"7243","Normal","Baja","Fuerte","Bueno",4,1
"7244","Normal","Normal","Fuerte","Bueno",6,1
"7245","Baja","Alta","Fuerte","Malo",5,1
"7246","Normal","Baja","Fuerte","Malo",4,1
"7247","Baja","Alta","Fuerte","Bueno",5,1
"7248","Normal","Normal","Fuerte","Bueno",1,0
"7249","Normal","Baja","Fuerte","Malo",5,1
"7250","Normal","Normal","Fuerte","Regular",5,0
"7251","Normal","Alta","Leve","Regular",4,0
"7252","Normal","Normal","Fuerte","Malo",5,1
"7253","Alta","Normal","Fuerte","Regular",4,0
"7254","Normal","Normal","Leve","Bueno",5,1
"7255","Normal","Normal","Leve","Bueno",2,0
"7256","Normal","Normal","Leve","Bueno",3,0
"7257","Normal","Normal","Fuerte","Bueno",3,1
"7258","Normal","Normal","Leve","Regular",2,0
"7259","Baja","Alta","Fuerte","Regular",4,1
"7260","Baja","Alta","Leve","Bueno",4,0
"7261","Normal","Normal","Fuerte","Bueno",4,0
"7262","Alta","Alta","Leve","Bueno",5,1
"7263","Alta","Normal","Leve","Regular",3,0
"7264","Baja","Alta","Leve","Regular",5,0
"7265","Normal","Baja","Fuerte","Bueno",3,1
"7266","Normal","Baja","Fuerte","Bueno",2,0
"7267","Baja","Alta","Fuerte","Malo",4,0
"7268","Normal","Alta","Fuerte","Regular",11,1
"7269","Baja","Alta","Leve","Regular",6,0
"7270","Alta","Alta","Fuerte","Bueno",2,1
"7271","Baja","Alta","Fuerte","Bueno",1,1
"7272","Normal","Normal","Leve","Regular",2,0
"7273","Normal","Normal","Fuerte","Regular",3,1
"7274","Normal","Normal","Leve","Regular",3,1
"7275","Normal","Baja","Leve","Regular",3,1
"7276","Baja","Alta","Fuerte","Regular",6,1
"7277","Normal","Normal","Leve","Malo",0,1
"7278","Baja","Alta","Leve","Regular",2,0
"7279","Normal","Baja","Leve","Bueno",1,1
"7280","Alta","Baja","Leve","Regular",3,1
"7281","Alta","Alta","Leve","Regular",4,1
"7282","Normal","Normal","Fuerte","Bueno",2,1
"7283","Baja","Alta","Fuerte","Bueno",7,1
"7284","Normal","Normal","Fuerte","Regular",2,0
"7285","Baja","Alta","Fuerte","Regular",2,1
"7286","Baja","Alta","Fuerte","Regular",7,0
"7287","Normal","Alta","Leve","Bueno",11,0
"7288","Normal","Normal","Fuerte","Regular",5,1
"7289","Baja","Alta","Fuerte","Bueno",2,0
"7290","Normal","Alta","Leve","Regular",5,0
"7291","Normal","Normal","Leve","Bueno",9,0
"7292","Baja","Alta","Fuerte","Regular",7,0
"7293","Normal","Baja","Fuerte","Regular",4,1
"7294","Normal","Normal","Leve","Bueno",3,1
"7295","Baja","Alta","Fuerte","Regular",8,1
"7296","Alta","Normal","Fuerte","Regular",4,0
"7297","Normal","Normal","Fuerte","Bueno",7,1
"7298","Normal","Normal","Fuerte","Malo",3,1
"7299","Baja","Alta","Leve","Malo",6,1
"7300","Normal","Alta","Leve","Malo",5,1
"7301","Baja","Alta","Leve","Regular",4,1
"7302","Normal","Alta","Fuerte","Regular",3,0
"7303","Normal","Normal","Fuerte","Regular",4,1
"7304","Normal","Alta","Leve","Regular",1,1
"7305","Normal","Normal","Leve","Malo",4,1
"7306","Normal","Normal","Leve","Regular",3,1
"7307","Baja","Alta","Leve","Regular",5,0
"7308","Baja","Normal","Leve","Regular",1,1
"7309","Normal","Normal","Leve","Malo",6,1
"7310","Baja","Alta","Leve","Bueno",4,1
"7311","Normal","Normal","Leve","Bueno",2,0
"7312","Baja","Alta","Fuerte","Bueno",5,1
"7313","Normal","Normal","Fuerte","Regular",4,1
"7314","Baja","Alta","Leve","Bueno",2,0
"7315","Normal","Alta","Fuerte","Regular",2,1
"7316","Normal","Baja","Fuerte","Regular",3,1
"7317","Baja","Normal","Leve","Regular",5,1
"7318","Normal","Normal","Fuerte","Malo",3,1
"7319","Baja","Alta","Fuerte","Malo",4,1
"7320","Normal","Baja","Fuerte","Regular",6,1
"7321","Normal","Normal","Fuerte","Bueno",5,1
"7322","Normal","Normal","Fuerte","Bueno",4,1
"7323","Baja","Alta","Fuerte","Regular",3,1
"7324","Normal","Normal","Leve","Bueno",3,0
"7325","Normal","Normal","Leve","Malo",1,1
"7326","Normal","Baja","Leve","Regular",6,1
"7327","Normal","Alta","Fuerte","Bueno",3,1
"7328","Normal","Normal","Fuerte","Regular",2,1
"7329","Normal","Normal","Fuerte","Bueno",5,0
"7330","Baja","Alta","Fuerte","Regular",6,1
"7331","Normal","Normal","Fuerte","Malo",8,0
"7332","Baja","Alta","Fuerte","Regular",3,0
"7333","Normal","Normal","Fuerte","Bueno",5,1
"7334","Normal","Alta","Leve","Bueno",8,1
"7335","Normal","Normal","Fuerte","Regular",3,1
"7336","Normal","Alta","Leve","Malo",2,0
"7337","Normal","Baja","Fuerte","Malo",3,1
"7338","Baja","Alta","Fuerte","Bueno",9,1
"7339","Normal","Alta","Fuerte","Regular",3,0
"7340","Normal","Normal","Fuerte","Malo",4,1
"7341","Normal","Baja","Leve","Malo",2,1
"7342","Alta","Baja","Leve","Bueno",6,0
"7343","Normal","Baja","Leve","Malo",1,1
"7344","Normal","Normal","Fuerte","Bueno",8,0
"7345","Normal","Normal","Leve","Malo",6,1
"7346","Alta","Alta","Leve","Bueno",10,0
"7347","Baja","Alta","Fuerte","Regular",2,1
"7348","Normal","Normal","Leve","Bueno",1,1
"7349","Baja","Alta","Leve","Bueno",3,1
"7350","Normal","Normal","Leve","Bueno",5,1
"7351","Normal","Normal","Fuerte","Bueno",5,0
"7352","Normal","Baja","Fuerte","Regular",3,1
"7353","Alta","Normal","Fuerte","Regular",6,1
"7354","Normal","Alta","Fuerte","Malo",3,0
"7355","Alta","Baja","Leve","Regular",5,0
"7356","Normal","Normal","Fuerte","Regular",4,0
"7357","Normal","Baja","Fuerte","Malo",4,0
"7358","Normal","Normal","Leve","Bueno",5,0
"7359","Normal","Normal","Leve","Bueno",5,0
"7360","Normal","Normal","Fuerte","Bueno",5,1
"7361","Baja","Alta","Fuerte","Regular",3,1
"7362","Normal","Normal","Leve","Bueno",1,0
"7363","Normal","Baja","Fuerte","Regular",2,1
"7364","Normal","Normal","Leve","Regular",2,1
"7365","Normal","Normal","Leve","Regular",3,1
"7366","Normal","Normal","Leve","Regular",3,1
"7367","Baja","Alta","Fuerte","Regular",5,1
"7368","Baja","Alta","Fuerte","Regular",7,0
"7369","Normal","Normal","Leve","Bueno",5,1
"7370","Normal","Normal","Fuerte","Bueno",2,1
"7371","Normal","Baja","Leve","Regular",2,1
"7372","Normal","Baja","Fuerte","Bueno",5,1
"7373","Baja","Normal","Fuerte","Regular",6,1
"7374","Baja","Alta","Leve","Regular",3,0
"7375","Normal","Alta","Fuerte","Regular",6,1
"7376","Normal","Alta","Fuerte","Bueno",5,1
"7377","Alta","Alta","Leve","Bueno",5,1
"7378","Normal","Normal","Leve","Regular",0,1
"7379","Normal","Alta","Leve","Malo",4,0
"7380","Normal","Baja","Fuerte","Regular",6,0
"7381","Normal","Baja","Leve","Regular",3,0
"7382","Normal","Normal","Leve","Malo",4,1
"7383","Normal","Normal","Fuerte","Malo",11,1
"7384","Normal","Baja","Leve","Bueno",7,0
"7385","Alta","Normal","Fuerte","Bueno",6,0
"7386","Baja","Normal","Leve","Malo",5,1
"7387","Alta","Baja","Leve","Regular",1,1
"7388","Baja","Alta","Fuerte","Bueno",4,0
"7389","Baja","Alta","Leve","Bueno",7,0
"7390","Alta","Alta","Fuerte","Bueno",4,0
"7391","Baja","Alta","Leve","Bueno",4,1
"7392","Normal","Baja","Leve","Regular",3,0
"7393","Alta","Normal","Leve","Regular",5,0
"7394","Baja","Alta","Fuerte","Bueno",7,1
"7395","Normal","Baja","Fuerte","Regular",2,1
"7396","Normal","Baja","Fuerte","Bueno",2,1
"7397","Normal","Baja","Leve","Bueno",3,0
"7398","Normal","Normal","Fuerte","Bueno",4,1
"7399","Normal","Normal","Fuerte","Malo",6,1
"7400","Normal","Normal","Leve","Bueno",5,0
"7401","Normal","Alta","Leve","Regular",3,0
"7402","Normal","Normal","Fuerte","Regular",1,1
"7403","Normal","Normal","Fuerte","Bueno",10,0
"7404","Normal","Baja","Leve","Regular",7,1
"7405","Normal","Normal","Leve","Malo",5,0
"7406","Normal","Normal","Leve","Bueno",5,1
"7407","Baja","Normal","Fuerte","Malo",6,1
"7408","Normal","Normal","Leve","Bueno",1,1
"7409","Normal","Normal","Fuerte","Bueno",8,0
"7410","Alta","Normal","Leve","Bueno",8,1
"7411","Alta","Normal","Leve","Regular",4,1
"7412","Baja","Alta","Leve","Regular",5,1
"7413","Normal","Normal","Leve","Malo",5,1
"7414","Baja","Alta","Fuerte","Regular",3,0
"7415","Normal","Normal","Fuerte","Regular",5,1
"7416","Normal","Normal","Leve","Regular",1,1
"7417","Normal","Normal","Leve","Regular",5,1
"7418","Alta","Alta","Fuerte","Malo",4,0
"7419","Normal","Normal","Leve","Regular",5,0
"7420","Normal","Baja","Leve","Malo",2,0
"7421","Normal","Normal","Leve","Malo",3,0
"7422","Normal","Normal","Leve","Malo",2,1
"7423","Normal","Normal","Leve","Regular",3,1
"7424","Alta","Alta","Fuerte","Malo",8,0
"7425","Normal","Alta","Leve","Malo",3,0
"7426","Baja","Alta","Leve","Regular",5,1
"7427","Baja","Normal","Leve","Regular",3,1
"7428","Alta","Alta","Leve","Regular",3,1
"7429","Normal","Normal","Fuerte","Regular",2,0
"7430","Normal","Alta","Fuerte","Regular",1,0
"7431","Normal","Normal","Fuerte","Malo",8,0
"7432","Normal","Alta","Fuerte","Malo",2,0
"7433","Normal","Alta","Leve","Regular",9,1
"7434","Normal","Normal","Fuerte","Regular",4,0
"7435","Normal","Normal","Fuerte","Bueno",6,1
"7436","Normal","Normal","Leve","Bueno",5,0
"7437","Alta","Normal","Leve","Bueno",1,1
"7438","Baja","Alta","Leve","Bueno",3,0
"7439","Normal","Alta","Fuerte","Regular",3,0
"7440","Baja","Alta","Fuerte","Regular",4,1
"7441","Normal","Normal","Leve","Bueno",4,0
"7442","Normal","Normal","Leve","Regular",4,1
"7443","Normal","Normal","Fuerte","Regular",2,0
"7444","Baja","Baja","Fuerte","Malo",3,0
"7445","Baja","Normal","Leve","Malo",0,1
"7446","Baja","Baja","Leve","Regular",3,1
"7447","Normal","Normal","Leve","Regular",7,0
"7448","Normal","Normal","Leve","Bueno",7,1
"7449","Baja","Alta","Leve","Malo",3,1
"7450","Normal","Normal","Leve","Bueno",2,1
"7451","Normal","Alta","Fuerte","Bueno",8,0
"7452","Alta","Alta","Fuerte","Bueno",3,0
"7453","Normal","Normal","Leve","Regular",3,1
"7454","Baja","Alta","Fuerte","Bueno",8,0
"7455","Alta","Alta","Leve","Regular",7,1
"7456","Alta","Alta","Leve","Regular",3,0
"7457","Normal","Normal","Leve","Bueno",6,1
"7458","Normal","Alta","Fuerte","Malo",9,1
"7459","Baja","Alta","Leve","Regular",4,0
"7460","Alta","Normal","Leve","Regular",2,0
"7461","Normal","Normal","Fuerte","Regular",6,1
"7462","Baja","Alta","Fuerte","Bueno",4,1
"7463","Normal","Normal","Fuerte","Regular",1,1
"7464","Normal","Normal","Leve","Bueno",2,1
"7465","Normal","Normal","Fuerte","Bueno",3,1
"7466","Baja","Alta","Leve","Bueno",6,0
"7467","Normal","Alta","Fuerte","Regular",4,0
"7468","Normal","Normal","Fuerte","Regular",2,1
"7469","Normal","Alta","Leve","Bueno",2,1
"7470","Normal","Normal","Fuerte","Bueno",9,0
"7471","Baja","Alta","Leve","Malo",3,0
"7472","Normal","Normal","Fuerte","Regular",3,1
"7473","Normal","Alta","Leve","Bueno",5,1
"7474","Normal","Normal","Leve","Regular",8,1
"7475","Normal","Normal","Fuerte","Bueno",4,0
"7476","Normal","Normal","Leve","Regular",5,0
"7477","Normal","Normal","Fuerte","Malo",6,1
"7478","Baja","Normal","Fuerte","Malo",5,0
"7479","Normal","Alta","Fuerte","Regular",5,0
"7480","Alta","Baja","Fuerte","Regular",8,0
"7481","Normal","Normal","Leve","Regular",5,1
"7482","Normal","Baja","Leve","Bueno",2,1
"7483","Alta","Alta","Fuerte","Bueno",3,1
"7484","Normal","Baja","Fuerte","Regular",1,1
"7485","Normal","Baja","Leve","Regular",4,0
"7486","Normal","Alta","Leve","Regular",6,1
"7487","Normal","Alta","Leve","Regular",4,1
"7488","Baja","Normal","Fuerte","Bueno",3,1
"7489","Normal","Baja","Fuerte","Regular",11,0
"7490","Normal","Normal","Fuerte","Regular",7,1
"7491","Baja","Alta","Fuerte","Bueno",5,0
"7492","Normal","Normal","Leve","Malo",4,1
"7493","Normal","Alta","Leve","Bueno",2,0
"7494","Normal","Normal","Leve","Bueno",3,0
"7495","Normal","Normal","Fuerte","Bueno",2,0
"7496","Normal","Normal","Leve","Bueno",1,1
"7497","Normal","Alta","Fuerte","Regular",3,1
"7498","Normal","Normal","Fuerte","Bueno",1,1
"7499","Normal","Normal","Leve","Bueno",3,1
"7500","Normal","Normal","Fuerte","Bueno",1,0
"7501","Normal","Normal","Leve","Malo",4,1
"7502","Baja","Alta","Leve","Bueno",6,0
"7503","Normal","Alta","Fuerte","Regular",7,1
"7504","Normal","Normal","Fuerte","Malo",5,1
"7505","Normal","Baja","Leve","Bueno",3,0
"7506","Normal","Normal","Leve","Bueno",2,1
"7507","Normal","Alta","Fuerte","Bueno",7,0
"7508","Normal","Normal","Leve","Bueno",4,1
"7509","Normal","Normal","Leve","Malo",1,0
"7510","Normal","Normal","Fuerte","Regular",1,0
"7511","Baja","Baja","Fuerte","Malo",3,0
"7512","Normal","Normal","Fuerte","Regular",1,0
"7513","Normal","Normal","Leve","Bueno",5,1
"7514","Alta","Alta","Fuerte","Regular",2,1
"7515","Normal","Normal","Fuerte","Bueno",6,1
"7516","Normal","Normal","Leve","Regular",2,1
"7517","Normal","Normal","Fuerte","Bueno",3,1
"7518","Normal","Normal","Fuerte","Regular",4,0
"7519","Normal","Normal","Fuerte","Regular",2,0
"7520","Normal","Alta","Fuerte","Bueno",6,0
"7521","Normal","Alta","Leve","Bueno",3,0
"7522","Baja","Normal","Leve","Bueno",5,0
"7523","Normal","Baja","Leve","Malo",4,1
"7524","Normal","Alta","Leve","Regular",5,1
"7525","Normal","Alta","Leve","Bueno",3,1
"7526","Baja","Alta","Leve","Malo",4,0
"7527","Normal","Baja","Leve","Regular",6,0
"7528","Baja","Alta","Leve","Bueno",4,1
"7529","Normal","Baja","Fuerte","Bueno",3,0
"7530","Alta","Baja","Leve","Bueno",2,1
"7531","Normal","Baja","Fuerte","Malo",2,1
"7532","Normal","Normal","Fuerte","Malo",3,1
"7533","Normal","Baja","Leve","Malo",5,1
"7534","Normal","Normal","Leve","Malo",5,1
"7535","Normal","Normal","Fuerte","Bueno",4,1
"7536","Normal","Alta","Fuerte","Regular",6,1
"7537","Baja","Alta","Fuerte","Malo",2,1
"7538","Baja","Alta","Fuerte","Bueno",3,1
"7539","Normal","Alta","Leve","Regular",3,1
"7540","Normal","Baja","Leve","Bueno",6,1
"7541","Normal","Baja","Leve","Bueno",7,0
"7542","Normal","Baja","Fuerte","Malo",6,0
"7543","Normal","Baja","Fuerte","Bueno",7,1
"7544","Normal","Baja","Fuerte","Regular",2,0
"7545","Baja","Alta","Fuerte","Regular",4,1
"7546","Baja","Normal","Fuerte","Regular",6,0
"7547","Baja","Alta","Fuerte","Malo",3,1
"7548","Baja","Alta","Fuerte","Malo",3,1
"7549","Alta","Baja","Fuerte","Malo",5,0
"7550","Baja","Alta","Leve","Regular",5,1
"7551","Baja","Alta","Fuerte","Bueno",4,1
"7552","Normal","Baja","Leve","Regular",2,1
"7553","Normal","Normal","Fuerte","Regular",8,1
"7554","Normal","Normal","Fuerte","Regular",6,1
"7555","Normal","Normal","Leve","Bueno",4,1
"7556","Normal","Normal","Leve","Malo",5,0
"7557","Normal","Normal","Leve","Regular",8,0
"7558","Baja","Alta","Fuerte","Bueno",8,1
"7559","Alta","Alta","Fuerte","Malo",6,1
"7560","Normal","Normal","Leve","Bueno",2,0
"7561","Baja","Alta","Fuerte","Regular",5,1
"7562","Alta","Alta","Leve","Regular",4,1
"7563","Normal","Alta","Leve","Bueno",4,0
"7564","Normal","Normal","Leve","Regular",4,1
"7565","Normal","Normal","Fuerte","Bueno",3,1
"7566","Normal","Normal","Fuerte","Regular",3,1
"7567","Baja","Alta","Fuerte","Regular",8,1
"7568","Alta","Baja","Fuerte","Bueno",3,1
"7569","Normal","Normal","Leve","Regular",7,1
"7570","Normal","Normal","Leve","Regular",2,0
"7571","Normal","Normal","Leve","Regular",6,1
"7572","Alta","Alta","Fuerte","Regular",2,0
"7573","Normal","Normal","Fuerte","Malo",4,0
"7574","Normal","Normal","Fuerte","Regular",5,0
"7575","Normal","Normal","Fuerte","Malo",4,0
"7576","Normal","Normal","Leve","Bueno",7,1
"7577","Alta","Baja","Fuerte","Regular",3,0
"7578","Baja","Normal","Leve","Bueno",4,1
"7579","Alta","Alta","Leve","Bueno",3,1
"7580","Normal","Normal","Leve","Regular",4,0
"7581","Normal","Baja","Fuerte","Regular",4,0
"7582","Normal","Normal","Fuerte","Bueno",2,1
"7583","Normal","Normal","Fuerte","Regular",4,1
"7584","Normal","Normal","Leve","Bueno",4,1
"7585","Normal","Normal","Fuerte","Regular",6,1
"7586","Alta","Baja","Fuerte","Bueno",5,0
"7587","Normal","Baja","Fuerte","Bueno",3,1
"7588","Baja","Baja","Fuerte","Regular",1,0
"7589","Normal","Normal","Fuerte","Malo",2,0
"7590","Baja","Alta","Leve","Malo",2,1
"7591","Normal","Normal","Fuerte","Malo",4,0
"7592","Normal","Normal","Leve","Bueno",1,1
"7593","Normal","Baja","Fuerte","Bueno",3,0
"7594","Baja","Alta","Leve","Regular",3,0
"7595","Baja","Alta","Leve","Malo",3,0
"7596","Baja","Normal","Fuerte","Bueno",4,1
"7597","Baja","Alta","Leve","Malo",7,1
"7598","Normal","Normal","Leve","Bueno",3,0
"7599","Normal","Normal","Leve","Regular",4,0
"7600","Normal","Alta","Fuerte","Bueno",5,1
"7601","Alta","Alta","Fuerte","Malo",4,1
"7602","Normal","Normal","Fuerte","Regular",1,1
"7603","Normal","Normal","Fuerte","Bueno",2,0
"7604","Baja","Alta","Fuerte","Regular",5,0
"7605","Normal","Normal","Fuerte","Bueno",2,0
"7606","Normal","Baja","Leve","Regular",6,1
"7607","Normal","Baja","Leve","Malo",4,1
"7608","Normal","Normal","Leve","Bueno",7,1
"7609","Normal","Normal","Fuerte","Bueno",1,1
"7610","Baja","Alta","Leve","Regular",5,0
"7611","Normal","Normal","Fuerte","Bueno",4,1
"7612","Normal","Normal","Fuerte","Malo",8,0
"7613","Normal","Normal","Leve","Regular",1,1
"7614","Normal","Normal","Fuerte","Bueno",7,1
"7615","Alta","Normal","Leve","Regular",1,0
"7616","Normal","Normal","Fuerte","Regular",4,1
"7617","Normal","Normal","Fuerte","Regular",5,1
"7618","Alta","Normal","Leve","Malo",4,1
"7619","Normal","Normal","Fuerte","Regular",6,1
"7620","Normal","Normal","Fuerte","Regular",3,0
"7621","Normal","Alta","Leve","Bueno",5,1
"7622","Baja","Alta","Leve","Malo",7,1
"7623","Alta","Baja","Fuerte","Malo",2,1
"7624","Normal","Normal","Fuerte","Bueno",6,0
"7625","Normal","Normal","Fuerte","Bueno",3,0
"7626","Baja","Alta","Fuerte","Regular",8,0
"7627","Normal","Normal","Leve","Malo",6,0
"7628","Alta","Baja","Leve","Bueno",3,0
"7629","Normal","Normal","Fuerte","Malo",5,1
"7630","Normal","Baja","Fuerte","Regular",3,1
"7631","Alta","Normal","Leve","Regular",9,0
"7632","Normal","Normal","Fuerte","Malo",5,0
"7633","Baja","Normal","Fuerte","Bueno",3,1
"7634","Alta","Normal","Fuerte","Bueno",2,0
"7635","Normal","Baja","Fuerte","Bueno",2,0
"7636","Normal","Normal","Leve","Malo",4,1
"7637","Normal","Normal","Fuerte","Regular",5,1
"7638","Normal","Normal","Leve","Regular",2,0
"7639","Normal","Alta","Leve","Bueno",9,0
"7640","Normal","Normal","Fuerte","Regular",3,1
"7641","Normal","Alta","Leve","Malo",8,0
"7642","Normal","Baja","Fuerte","Bueno",3,0
"7643","Normal","Baja","Leve","Bueno",1,0
"7644","Normal","Normal","Fuerte","Bueno",4,1
"7645","Normal","Normal","Fuerte","Malo",3,0
"7646","Normal","Baja","Leve","Bueno",3,0
"7647","Alta","Baja","Leve","Bueno",3,0
"7648","Normal","Normal","Leve","Bueno",4,1
"7649","Alta","Alta","Leve","Regular",3,1
"7650","Normal","Alta","Leve","Malo",7,1
"7651","Normal","Normal","Leve","Bueno",5,0
"7652","Normal","Normal","Fuerte","Regular",5,1
"7653","Normal","Normal","Leve","Bueno",5,1
"7654","Normal","Baja","Leve","Malo",5,1
"7655","Normal","Alta","Leve","Bueno",0,1
"7656","Baja","Alta","Fuerte","Bueno",4,0
"7657","Baja","Alta","Fuerte","Regular",2,0
"7658","Normal","Alta","Leve","Malo",5,1
"7659","Alta","Alta","Leve","Bueno",1,0
"7660","Normal","Baja","Leve","Bueno",2,1
"7661","Baja","Alta","Fuerte","Bueno",2,0
"7662","Baja","Alta","Leve","Regular",3,0
"7663","Baja","Alta","Fuerte","Bueno",5,0
"7664","Baja","Alta","Fuerte","Regular",2,1
"7665","Normal","Normal","Leve","Regular",4,1
"7666","Baja","Alta","Leve","Bueno",1,0
"7667","Normal","Baja","Fuerte","Bueno",3,1
"7668","Normal","Normal","Leve","Malo",4,1
"7669","Normal","Baja","Fuerte","Regular",3,0
"7670","Baja","Alta","Fuerte","Bueno",1,1
"7671","Normal","Normal","Leve","Bueno",2,0
"7672","Normal","Normal","Leve","Bueno",4,0
"7673","Normal","Normal","Leve","Bueno",8,0
"7674","Normal","Normal","Leve","Malo",3,1
"7675","Normal","Normal","Fuerte","Bueno",6,1
"7676","Normal","Normal","Leve","Bueno",2,0
"7677","Alta","Baja","Leve","Bueno",2,0
"7678","Normal","Normal","Fuerte","Bueno",4,1
"7679","Normal","Normal","Fuerte","Malo",1,0
"7680","Normal","Normal","Leve","Regular",6,1
"7681","Baja","Alta","Leve","Regular",2,0
"7682","Normal","Baja","Leve","Regular",5,1
"7683","Normal","Normal","Fuerte","Bueno",6,1
"7684","Normal","Normal","Fuerte","Regular",5,0
"7685","Normal","Alta","Leve","Bueno",5,0
"7686","Normal","Baja","Fuerte","Malo",9,1
"7687","Normal","Normal","Leve","Bueno",2,1
"7688","Normal","Normal","Leve","Regular",4,1
"7689","Normal","Normal","Leve","Bueno",2,0
"7690","Baja","Alta","Leve","Regular",8,0
"7691","Baja","Alta","Leve","Regular",7,1
"7692","Normal","Normal","Fuerte","Regular",3,1
"7693","Alta","Normal","Fuerte","Bueno",2,1
"7694","Normal","Alta","Leve","Bueno",5,0
"7695","Normal","Alta","Leve","Regular",3,1
"7696","Baja","Alta","Fuerte","Bueno",4,0
"7697","Normal","Alta","Fuerte","Bueno",2,0
"7698","Normal","Baja","Leve","Bueno",5,0
"7699","Normal","Normal","Fuerte","Malo",5,0
"7700","Normal","Alta","Leve","Bueno",6,1
"7701","Normal","Baja","Fuerte","Malo",5,0
"7702","Normal","Normal","Fuerte","Malo",4,1
"7703","Normal","Normal","Fuerte","Bueno",5,1
"7704","Normal","Alta","Leve","Malo",1,1
"7705","Normal","Normal","Leve","Regular",5,1
"7706","Alta","Normal","Fuerte","Bueno",4,1
"7707","Alta","Alta","Fuerte","Regular",7,1
"7708","Normal","Normal","Fuerte","Regular",8,1
"7709","Alta","Baja","Leve","Malo",6,0
"7710","Normal","Alta","Leve","Bueno",6,1
"7711","Normal","Normal","Leve","Regular",3,1
"7712","Normal","Normal","Fuerte","Regular",8,1
"7713","Baja","Alta","Fuerte","Regular",5,1
"7714","Baja","Normal","Leve","Malo",7,1
"7715","Alta","Baja","Fuerte","Bueno",6,0
"7716","Normal","Normal","Fuerte","Regular",10,1
"7717","Normal","Normal","Fuerte","Regular",3,0
"7718","Baja","Alta","Leve","Regular",2,1
"7719","Normal","Alta","Fuerte","Malo",5,0
"7720","Normal","Baja","Fuerte","Bueno",5,0
"7721","Normal","Normal","Fuerte","Regular",6,1
"7722","Normal","Alta","Leve","Regular",2,1
"7723","Alta","Normal","Fuerte","Regular",5,1
"7724","Normal","Normal","Fuerte","Bueno",3,0
"7725","Normal","Normal","Fuerte","Bueno",5,1
"7726","Normal","Alta","Leve","Bueno",3,1
"7727","Alta","Baja","Leve","Regular",3,0
"7728","Normal","Alta","Leve","Regular",1,1
"7729","Normal","Normal","Leve","Bueno",1,0
"7730","Normal","Normal","Leve","Regular",8,1
"7731","Normal","Normal","Leve","Bueno",3,1
"7732","Baja","Alta","Leve","Regular",8,0
"7733","Normal","Normal","Fuerte","Malo",3,1
"7734","Alta","Normal","Leve","Regular",3,0
"7735","Baja","Alta","Leve","Regular",6,1
"7736","Normal","Baja","Fuerte","Malo",3,0
"7737","Normal","Normal","Leve","Malo",3,0
"7738","Alta","Normal","Leve","Bueno",2,0
"7739","Normal","Normal","Leve","Regular",3,1
"7740","Normal","Alta","Leve","Regular",4,0
"7741","Baja","Alta","Fuerte","Malo",6,1
"7742","Normal","Normal","Fuerte","Regular",6,1
"7743","Normal","Normal","Leve","Regular",8,1
"7744","Normal","Baja","Fuerte","Regular",3,0
"7745","Normal","Normal","Leve","Bueno",5,0
"7746","Normal","Alta","Leve","Regular",2,1
"7747","Normal","Normal","Leve","Malo",5,1
"7748","Normal","Normal","Leve","Regular",4,0
"7749","Normal","Normal","Leve","Regular",4,1
"7750","Normal","Normal","Leve","Regular",3,0
"7751","Normal","Alta","Leve","Bueno",5,0
"7752","Normal","Baja","Leve","Regular",1,1
"7753","Baja","Alta","Leve","Malo",3,1
"7754","Normal","Normal","Leve","Bueno",3,1
"7755","Alta","Normal","Fuerte","Malo",6,1
"7756","Normal","Normal","Fuerte","Bueno",9,1
"7757","Normal","Normal","Leve","Bueno",6,0
"7758","Normal","Normal","Fuerte","Bueno",4,1
"7759","Normal","Normal","Fuerte","Regular",4,0
"7760","Normal","Normal","Leve","Regular",10,1
"7761","Normal","Baja","Fuerte","Bueno",6,0
"7762","Normal","Normal","Leve","Bueno",2,0
"7763","Normal","Normal","Leve","Regular",2,1
"7764","Normal","Normal","Leve","Regular",2,1
"7765","Baja","Alta","Leve","Regular",2,1
"7766","Normal","Baja","Fuerte","Malo",4,1
"7767","Normal","Normal","Fuerte","Bueno",1,1
"7768","Normal","Baja","Fuerte","Bueno",1,1
"7769","Normal","Baja","Leve","Regular",0,1
"7770","Normal","Alta","Fuerte","Regular",1,1
"7771","Alta","Baja","Fuerte","Bueno",3,1
"7772","Normal","Baja","Fuerte","Regular",3,1
"7773","Baja","Alta","Fuerte","Regular",6,0
"7774","Alta","Normal","Leve","Bueno",5,1
"7775","Normal","Normal","Fuerte","Regular",4,0
"7776","Baja","Alta","Leve","Malo",3,0
"7777","Baja","Alta","Fuerte","Malo",2,0
"7778","Normal","Normal","Leve","Bueno",2,1
"7779","Baja","Normal","Fuerte","Bueno",1,1
"7780","Normal","Baja","Fuerte","Regular",5,0
"7781","Normal","Baja","Leve","Bueno",7,1
"7782","Alta","Normal","Fuerte","Bueno",5,0
"7783","Normal","Normal","Leve","Bueno",1,0
"7784","Normal","Alta","Leve","Regular",8,0
"7785","Normal","Baja","Fuerte","Bueno",2,1
"7786","Baja","Alta","Fuerte","Malo",5,0
"7787","Baja","Alta","Fuerte","Malo",4,1
"7788","Normal","Alta","Fuerte","Regular",4,0
"7789","Alta","Baja","Fuerte","Regular",2,0
"7790","Normal","Normal","Leve","Bueno",1,0
"7791","Baja","Alta","Fuerte","Malo",3,1
"7792","Normal","Alta","Fuerte","Regular",8,0
"7793","Baja","Alta","Fuerte","Bueno",1,0
"7794","Baja","Normal","Fuerte","Regular",7,0
"7795","Normal","Normal","Fuerte","Regular",5,1
"7796","Normal","Normal","Leve","Regular",2,1
"7797","Normal","Normal","Fuerte","Regular",3,1
"7798","Normal","Normal","Leve","Regular",4,1
"7799","Alta","Baja","Fuerte","Regular",3,0
"7800","Normal","Normal","Fuerte","Regular",2,0
"7801","Normal","Normal","Fuerte","Bueno",7,1
"7802","Normal","Normal","Leve","Bueno",2,1
"7803","Baja","Baja","Fuerte","Bueno",2,1
"7804","Normal","Normal","Fuerte","Bueno",6,0
"7805","Normal","Normal","Leve","Regular",4,0
"7806","Alta","Baja","Fuerte","Regular",3,1
"7807","Normal","Baja","Leve","Bueno",7,0
"7808","Alta","Baja","Fuerte","Malo",2,0
"7809","Baja","Alta","Fuerte","Bueno",4,1
"7810","Baja","Alta","Leve","Bueno",3,1
"7811","Normal","Alta","Leve","Regular",8,1
"7812","Normal","Baja","Leve","Bueno",3,1
"7813","Baja","Alta","Fuerte","Bueno",2,1
"7814","Normal","Normal","Fuerte","Bueno",3,1
"7815","Normal","Alta","Leve","Regular",2,1
"7816","Baja","Alta","Fuerte","Regular",7,1
"7817","Normal","Normal","Leve","Malo",6,0
"7818","Baja","Alta","Fuerte","Regular",3,1
"7819","Baja","Alta","Fuerte","Malo",4,1
"7820","Baja","Alta","Leve","Regular",2,1
"7821","Normal","Normal","Leve","Regular",2,0
"7822","Normal","Normal","Leve","Regular",4,1
"7823","Baja","Alta","Fuerte","Bueno",6,0
"7824","Normal","Normal","Leve","Regular",1,1
"7825","Normal","Normal","Leve","Regular",2,1
"7826","Normal","Normal","Leve","Malo",2,0
"7827","Normal","Normal","Leve","Regular",4,1
"7828","Baja","Alta","Fuerte","Bueno",4,0
"7829","Normal","Normal","Leve","Bueno",2,1
"7830","Baja","Alta","Leve","Bueno",4,0
"7831","Normal","Baja","Leve","Regular",4,0
"7832","Baja","Alta","Leve","Regular",6,0
"7833","Normal","Baja","Leve","Malo",8,1
"7834","Normal","Normal","Leve","Bueno",1,0
"7835","Normal","Alta","Leve","Malo",2,0
"7836","Normal","Normal","Fuerte","Regular",2,0
"7837","Baja","Alta","Fuerte","Bueno",3,1
"7838","Normal","Alta","Fuerte","Bueno",5,1
"7839","Normal","Normal","Leve","Bueno",3,0
"7840","Normal","Alta","Fuerte","Malo",3,1
"7841","Normal","Alta","Fuerte","Bueno",5,1
"7842","Baja","Alta","Fuerte","Bueno",2,1
"7843","Alta","Baja","Fuerte","Bueno",3,0
"7844","Normal","Normal","Fuerte","Bueno",7,1
"7845","Normal","Normal","Fuerte","Malo",5,0
"7846","Normal","Normal","Leve","Regular",3,0
"7847","Normal","Baja","Fuerte","Malo",1,1
"7848","Baja","Alta","Fuerte","Regular",5,0
"7849","Normal","Baja","Fuerte","Bueno",7,0
"7850","Baja","Alta","Leve","Regular",5,0
"7851","Normal","Normal","Leve","Bueno",1,1
"7852","Normal","Normal","Fuerte","Regular",4,1
"7853","Normal","Normal","Fuerte","Malo",4,1
"7854","Normal","Normal","Fuerte","Regular",6,1
"7855","Normal","Normal","Fuerte","Bueno",2,0
"7856","Alta","Baja","Leve","Malo",3,0
"7857","Normal","Normal","Fuerte","Regular",4,1
"7858","Normal","Normal","Fuerte","Regular",8,0
"7859","Normal","Normal","Fuerte","Malo",4,1
"7860","Normal","Alta","Fuerte","Regular",3,0
"7861","Baja","Alta","Fuerte","Malo",3,0
"7862","Normal","Normal","Leve","Regular",5,1
"7863","Normal","Normal","Leve","Malo",3,1
"7864","Normal","Normal","Fuerte","Regular",2,1
"7865","Normal","Normal","Fuerte","Bueno",5,1
"7866","Normal","Alta","Leve","Regular",7,0
"7867","Normal","Alta","Fuerte","Regular",4,1
"7868","Normal","Alta","Fuerte","Regular",6,0
"7869","Normal","Normal","Leve","Bueno",4,1
"7870","Baja","Alta","Leve","Regular",5,1
"7871","Normal","Normal","Fuerte","Bueno",4,1
"7872","Normal","Normal","Leve","Regular",1,1
"7873","Baja","Alta","Fuerte","Bueno",3,1
"7874","Normal","Baja","Leve","Regular",5,0
"7875","Normal","Normal","Leve","Bueno",3,1
"7876","Normal","Normal","Fuerte","Bueno",8,1
"7877","Normal","Normal","Leve","Bueno",3,1
"7878","Normal","Baja","Fuerte","Bueno",5,0
"7879","Normal","Normal","Fuerte","Regular",4,1
"7880","Baja","Alta","Leve","Regular",4,1
"7881","Normal","Normal","Leve","Regular",3,1
"7882","Baja","Alta","Leve","Regular",5,0
"7883","Normal","Alta","Leve","Malo",3,0
"7884","Alta","Alta","Leve","Regular",2,1
"7885","Normal","Normal","Leve","Regular",6,0
"7886","Normal","Alta","Leve","Regular",1,0
"7887","Normal","Alta","Leve","Bueno",0,1
"7888","Normal","Baja","Leve","Regular",1,1
"7889","Normal","Normal","Fuerte","Bueno",2,1
"7890","Alta","Baja","Leve","Regular",5,0
"7891","Normal","Normal","Leve","Regular",6,1
"7892","Baja","Alta","Fuerte","Regular",6,0
"7893","Normal","Normal","Leve","Malo",4,0
"7894","Normal","Normal","Leve","Regular",6,1
"7895","Normal","Alta","Leve","Regular",1,1
"7896","Normal","Alta","Leve","Malo",3,0
"7897","Normal","Normal","Leve","Malo",2,1
"7898","Normal","Baja","Fuerte","Bueno",5,1
"7899","Baja","Alta","Leve","Malo",8,0
"7900","Normal","Normal","Fuerte","Bueno",1,1
"7901","Baja","Alta","Fuerte","Malo",3,0
"7902","Baja","Alta","Leve","Regular",5,1
"7903","Normal","Normal","Fuerte","Bueno",5,1
"7904","Normal","Normal","Leve","Malo",8,0
"7905","Normal","Normal","Leve","Bueno",6,0
"7906","Baja","Alta","Leve","Bueno",4,0
"7907","Baja","Alta","Leve","Bueno",4,1
"7908","Normal","Normal","Fuerte","Malo",6,1
"7909","Normal","Alta","Leve","Regular",7,0
"7910","Normal","Alta","Leve","Bueno",4,0
"7911","Alta","Baja","Leve","Regular",5,1
"7912","Normal","Normal","Fuerte","Bueno",4,1
"7913","Normal","Alta","Leve","Bueno",5,0
"7914","Normal","Alta","Fuerte","Bueno",5,1
"7915","Normal","Normal","Fuerte","Regular",5,1
"7916","Normal","Baja","Leve","Bueno",5,1
"7917","Normal","Normal","Leve","Bueno",5,0
"7918","Normal","Alta","Leve","Bueno",2,0
"7919","Baja","Alta","Fuerte","Regular",3,0
"7920","Normal","Normal","Leve","Bueno",7,1
"7921","Normal","Baja","Leve","Malo",8,0
"7922","Normal","Normal","Fuerte","Bueno",5,1
"7923","Normal","Normal","Fuerte","Regular",5,1
"7924","Alta","Alta","Leve","Malo",1,0
"7925","Normal","Normal","Leve","Malo",3,1
"7926","Normal","Alta","Fuerte","Bueno",2,0
"7927","Normal","Baja","Leve","Bueno",7,1
"7928","Normal","Baja","Leve","Bueno",1,1
"7929","Baja","Normal","Fuerte","Malo",8,0
"7930","Normal","Normal","Fuerte","Regular",4,1
"7931","Normal","Baja","Fuerte","Regular",7,1
"7932","Baja","Alta","Leve","Bueno",5,0
"7933","Baja","Alta","Leve","Regular",5,0
"7934","Normal","Baja","Leve","Malo",4,0
"7935","Normal","Normal","Fuerte","Bueno",6,1
"7936","Baja","Alta","Fuerte","Bueno",6,1
"7937","Normal","Normal","Leve","Regular",0,1
"7938","Baja","Alta","Leve","Bueno",1,1
"7939","Baja","Normal","Leve","Regular",7,0
"7940","Normal","Baja","Fuerte","Regular",3,1
"7941","Baja","Alta","Leve","Regular",7,1
"7942","Baja","Alta","Leve","Regular",4,1
"7943","Normal","Normal","Fuerte","Bueno",3,1
"7944","Normal","Normal","Leve","Regular",6,1
"7945","Normal","Normal","Leve","Regular",4,0
"7946","Baja","Alta","Leve","Bueno",3,1
"7947","Normal","Normal","Leve","Regular",3,1
"7948","Normal","Normal","Leve","Bueno",5,1
"7949","Normal","Normal","Leve","Regular",2,1
"7950","Alta","Normal","Leve","Regular",3,0
"7951","Normal","Normal","Fuerte","Regular",3,1
"7952","Normal","Normal","Leve","Regular",2,1
"7953","Normal","Normal","Fuerte","Bueno",4,1
"7954","Normal","Normal","Leve","Malo",3,1
"7955","Normal","Alta","Fuerte","Regular",3,0
"7956","Normal","Alta","Leve","Bueno",4,1
"7957","Baja","Baja","Leve","Bueno",7,1
"7958","Normal","Baja","Leve","Regular",3,1
"7959","Normal","Normal","Leve","Regular",1,0
"7960","Alta","Baja","Fuerte","Malo",7,0
"7961","Baja","Alta","Leve","Regular",5,0
"7962","Normal","Baja","Fuerte","Regular",2,1
"7963","Normal","Alta","Fuerte","Regular",2,0
"7964","Normal","Normal","Leve","Bueno",4,1
"7965","Normal","Baja","Leve","Regular",4,0
"7966","Normal","Normal","Leve","Bueno",6,1
"7967","Normal","Baja","Fuerte","Bueno",6,1
"7968","Normal","Normal","Leve","Bueno",4,1
"7969","Normal","Baja","Leve","Regular",3,1
"7970","Normal","Normal","Leve","Malo",0,1
"7971","Baja","Alta","Fuerte","Bueno",3,1
"7972","Normal","Alta","Fuerte","Bueno",4,0
"7973","Normal","Normal","Fuerte","Bueno",3,1
"7974","Normal","Normal","Fuerte","Regular",6,1
"7975","Normal","Alta","Leve","Regular",3,1
"7976","Alta","Alta","Leve","Regular",7,0
"7977","Normal","Normal","Fuerte","Malo",2,0
"7978","Normal","Alta","Leve","Bueno",9,0
"7979","Normal","Alta","Fuerte","Bueno",6,1
"7980","Normal","Normal","Leve","Regular",3,0
"7981","Baja","Alta","Leve","Malo",2,0
"7982","Baja","Alta","Fuerte","Regular",4,0
"7983","Baja","Alta","Fuerte","Malo",5,0
"7984","Normal","Normal","Fuerte","Bueno",5,1
"7985","Normal","Normal","Fuerte","Malo",4,0
"7986","Alta","Baja","Leve","Regular",6,1
"7987","Baja","Baja","Leve","Regular",2,1
"7988","Normal","Normal","Fuerte","Bueno",3,0
"7989","Baja","Alta","Leve","Malo",4,1
"7990","Normal","Baja","Fuerte","Bueno",5,0
"7991","Normal","Normal","Leve","Regular",1,0
"7992","Normal","Normal","Leve","Bueno",3,0
"7993","Baja","Alta","Leve","Regular",3,1
"7994","Normal","Normal","Leve","Regular",7,1
"7995","Normal","Normal","Leve","Regular",6,1
"7996","Normal","Normal","Fuerte","Bueno",4,1
"7997","Normal","Normal","Fuerte","Malo",6,1
"7998","Normal","Alta","Fuerte","Regular",2,0
"7999","Normal","Normal","Leve","Regular",5,1
"8000","Normal","Normal","Leve","Malo",3,1
"8001","Normal","Normal","Leve","Regular",2,1
"8002","Normal","Alta","Leve","Regular",2,0
"8003","Normal","Alta","Fuerte","Regular",4,1
"8004","Normal","Normal","Leve","Regular",5,0
"8005","Baja","Alta","Leve","Bueno",2,0
"8006","Normal","Normal","Leve","Bueno",3,0
"8007","Normal","Normal","Leve","Regular",6,0
"8008","Normal","Normal","Leve","Bueno",2,0
"8009","Normal","Alta","Fuerte","Regular",2,1
"8010","Normal","Normal","Leve","Regular",1,0
"8011","Normal","Normal","Fuerte","Regular",1,1
"8012","Alta","Normal","Leve","Malo",3,0
"8013","Normal","Baja","Leve","Regular",2,1
"8014","Normal","Normal","Leve","Regular",3,0
"8015","Baja","Alta","Leve","Bueno",4,0
"8016","Baja","Alta","Leve","Bueno",4,0
"8017","Alta","Normal","Leve","Regular",3,0
"8018","Normal","Normal","Leve","Regular",3,1
"8019","Normal","Normal","Leve","Malo",3,1
"8020","Baja","Alta","Fuerte","Bueno",2,1
"8021","Normal","Normal","Leve","Regular",5,0
"8022","Baja","Alta","Fuerte","Regular",7,0
"8023","Normal","Normal","Fuerte","Regular",4,0
"8024","Normal","Normal","Fuerte","Bueno",7,0
"8025","Normal","Baja","Leve","Bueno",3,0
"8026","Normal","Normal","Leve","Bueno",4,1
"8027","Normal","Normal","Leve","Regular",8,0
"8028","Normal","Alta","Fuerte","Malo",5,1
"8029","Normal","Alta","Fuerte","Bueno",2,0
"8030","Normal","Normal","Leve","Regular",5,1
"8031","Alta","Alta","Fuerte","Bueno",6,1
"8032","Normal","Normal","Fuerte","Malo",12,1
"8033","Normal","Normal","Leve","Bueno",4,1
"8034","Baja","Alta","Leve","Malo",0,1
"8035","Normal","Baja","Leve","Regular",3,0
"8036","Normal","Normal","Fuerte","Bueno",4,0
"8037","Normal","Normal","Leve","Bueno",6,1
"8038","Normal","Normal","Leve","Malo",4,0
"8039","Normal","Normal","Fuerte","Regular",1,0
"8040","Baja","Alta","Fuerte","Regular",5,1
"8041","Normal","Normal","Leve","Bueno",4,1
"8042","Normal","Baja","Leve","Bueno",2,0
"8043","Normal","Alta","Leve","Bueno",6,1
"8044","Normal","Normal","Fuerte","Regular",3,1
"8045","Normal","Normal","Leve","Bueno",6,0
"8046","Normal","Alta","Fuerte","Bueno",4,0
"8047","Normal","Normal","Leve","Bueno",5,1
"8048","Normal","Alta","Fuerte","Regular",8,1
"8049","Baja","Alta","Leve","Bueno",4,1
"8050","Normal","Baja","Fuerte","Bueno",1,0
"8051","Baja","Alta","Leve","Bueno",2,1
"8052","Normal","Normal","Fuerte","Bueno",6,0
"8053","Normal","Normal","Fuerte","Regular",3,1
"8054","Normal","Alta","Leve","Malo",3,1
"8055","Normal","Normal","Leve","Bueno",8,0
"8056","Normal","Baja","Leve","Regular",4,1
"8057","Baja","Normal","Leve","Bueno",2,0
"8058","Normal","Normal","Fuerte","Malo",3,0
"8059","Alta","Alta","Leve","Malo",3,1
"8060","Normal","Baja","Leve","Malo",7,0
"8061","Normal","Baja","Fuerte","Malo",2,1
"8062","Baja","Normal","Fuerte","Bueno",3,1
"8063","Normal","Alta","Leve","Bueno",4,1
"8064","Normal","Normal","Leve","Regular",3,1
"8065","Baja","Normal","Leve","Regular",2,1
"8066","Normal","Normal","Leve","Regular",8,1
"8067","Normal","Baja","Fuerte","Regular",4,0
"8068","Normal","Normal","Fuerte","Malo",9,1
"8069","Normal","Normal","Fuerte","Regular",1,1
"8070","Normal","Normal","Fuerte","Malo",4,1
"8071","Baja","Alta","Leve","Regular",2,1
"8072","Normal","Normal","Leve","Regular",3,1
"8073","Baja","Alta","Leve","Malo",4,0
"8074","Baja","Alta","Leve","Regular",3,1
"8075","Normal","Normal","Fuerte","Bueno",3,0
"8076","Normal","Alta","Leve","Bueno",1,1
"8077","Normal","Normal","Fuerte","Bueno",5,1
"8078","Normal","Normal","Fuerte","Regular",2,1
"8079","Alta","Alta","Fuerte","Regular",6,0
"8080","Baja","Alta","Leve","Bueno",7,0
"8081","Normal","Normal","Leve","Regular",5,0
"8082","Alta","Alta","Fuerte","Bueno",6,0
"8083","Normal","Alta","Leve","Regular",4,0
"8084","Normal","Normal","Fuerte","Bueno",3,1
"8085","Baja","Alta","Leve","Regular",4,1
"8086","Normal","Baja","Fuerte","Malo",4,1
"8087","Normal","Normal","Fuerte","Regular",5,1
"8088","Normal","Alta","Leve","Regular",0,1
"8089","Normal","Alta","Fuerte","Regular",1,0
"8090","Normal","Baja","Fuerte","Regular",7,0
"8091","Baja","Alta","Fuerte","Regular",3,1
"8092","Baja","Normal","Leve","Bueno",5,0
"8093","Normal","Normal","Leve","Regular",6,0
"8094","Normal","Normal","Fuerte","Regular",5,1
"8095","Normal","Normal","Leve","Malo",3,1
"8096","Normal","Alta","Leve","Bueno",2,1
"8097","Baja","Alta","Leve","Bueno",4,1
"8098","Normal","Baja","Leve","Regular",4,1
"8099","Alta","Baja","Leve","Regular",6,0
"8100","Baja","Alta","Fuerte","Regular",2,0
"8101","Baja","Alta","Leve","Regular",8,1
"8102","Normal","Baja","Fuerte","Bueno",4,1
"8103","Normal","Normal","Fuerte","Regular",5,1
"8104","Baja","Alta","Fuerte","Bueno",7,0
"8105","Normal","Normal","Leve","Bueno",3,1
"8106","Normal","Baja","Fuerte","Regular",1,0
"8107","Normal","Normal","Leve","Malo",4,0
"8108","Alta","Alta","Fuerte","Regular",5,0
"8109","Normal","Alta","Leve","Regular",4,1
"8110","Normal","Alta","Fuerte","Bueno",5,0
"8111","Alta","Normal","Fuerte","Bueno",4,1
"8112","Normal","Baja","Fuerte","Bueno",2,1
"8113","Baja","Alta","Leve","Bueno",4,1
"8114","Normal","Normal","Fuerte","Regular",6,0
"8115","Normal","Normal","Fuerte","Bueno",3,1
"8116","Normal","Normal","Leve","Regular",11,1
"8117","Normal","Alta","Fuerte","Malo",6,1
"8118","Normal","Baja","Fuerte","Malo",0,1
"8119","Normal","Normal","Fuerte","Bueno",3,0
"8120","Baja","Alta","Fuerte","Regular",5,1
"8121","Normal","Normal","Leve","Regular",1,0
"8122","Normal","Baja","Leve","Regular",6,1
"8123","Normal","Baja","Fuerte","Bueno",4,1
"8124","Baja","Alta","Leve","Bueno",6,0
"8125","Normal","Normal","Leve","Bueno",3,1
"8126","Normal","Normal","Leve","Malo",3,0
"8127","Baja","Baja","Fuerte","Bueno",3,0
"8128","Baja","Alta","Leve","Bueno",3,0
"8129","Baja","Normal","Leve","Bueno",7,0
"8130","Baja","Alta","Leve","Bueno",4,0
"8131","Normal","Baja","Fuerte","Regular",1,1
"8132","Normal","Normal","Fuerte","Malo",4,1
"8133","Alta","Alta","Fuerte","Regular",5,1
"8134","Normal","Normal","Leve","Malo",2,1
"8135","Alta","Baja","Leve","Malo",3,1
"8136","Baja","Normal","Leve","Regular",1,0
"8137","Normal","Normal","Leve","Regular",1,0
"8138","Normal","Alta","Fuerte","Bueno",1,1
"8139","Normal","Normal","Fuerte","Regular",4,0
"8140","Normal","Normal","Leve","Regular",2,1
"8141","Normal","Normal","Fuerte","Bueno",12,1
"8142","Baja","Alta","Leve","Bueno",4,1
"8143","Normal","Normal","Leve","Regular",3,0
"8144","Normal","Normal","Leve","Bueno",3,0
"8145","Alta","Baja","Fuerte","Regular",5,1
"8146","Normal","Normal","Leve","Bueno",4,1
"8147","Baja","Alta","Leve","Malo",2,0
"8148","Normal","Alta","Leve","Bueno",7,1
"8149","Normal","Normal","Leve","Bueno",4,0
"8150","Alta","Normal","Leve","Bueno",2,0
"8151","Normal","Normal","Leve","Regular",4,1
"8152","Normal","Normal","Fuerte","Bueno",3,1
"8153","Normal","Normal","Leve","Regular",2,1
"8154","Normal","Normal","Leve","Bueno",3,1
"8155","Normal","Baja","Leve","Regular",3,1
"8156","Normal","Normal","Leve","Bueno",4,0
"8157","Normal","Normal","Fuerte","Regular",5,1
"8158","Normal","Alta","Leve","Bueno",3,0
"8159","Normal","Normal","Leve","Bueno",5,1
"8160","Normal","Normal","Fuerte","Bueno",4,1
"8161","Normal","Alta","Leve","Malo",5,0
"8162","Baja","Alta","Fuerte","Regular",4,1
"8163","Normal","Normal","Fuerte","Regular",5,0
"8164","Normal","Normal","Leve","Malo",3,0
"8165","Normal","Normal","Fuerte","Malo",4,0
"8166","Normal","Normal","Leve","Bueno",2,0
"8167","Normal","Normal","Leve","Bueno",9,1
"8168","Baja","Alta","Leve","Malo",4,0
"8169","Normal","Baja","Leve","Bueno",4,1
"8170","Normal","Normal","Leve","Regular",0,1
"8171","Normal","Alta","Fuerte","Regular",3,0
"8172","Normal","Normal","Fuerte","Regular",3,0
"8173","Normal","Baja","Leve","Malo",1,0
"8174","Alta","Alta","Fuerte","Regular",2,0
"8175","Normal","Normal","Leve","Regular",2,0
"8176","Normal","Normal","Leve","Regular",7,1
"8177","Normal","Normal","Leve","Regular",4,0
"8178","Normal","Baja","Fuerte","Regular",7,0
"8179","Normal","Alta","Fuerte","Malo",1,1
"8180","Normal","Normal","Fuerte","Malo",8,1
"8181","Baja","Alta","Fuerte","Malo",4,1
"8182","Normal","Baja","Fuerte","Malo",3,1
"8183","Alta","Baja","Leve","Bueno",4,0
"8184","Normal","Normal","Leve","Regular",5,0
"8185","Normal","Baja","Leve","Bueno",7,0
"8186","Normal","Normal","Fuerte","Regular",2,1
"8187","Baja","Alta","Fuerte","Malo",4,0
"8188","Normal","Alta","Fuerte","Bueno",3,0
"8189","Normal","Normal","Leve","Bueno",5,0
"8190","Normal","Normal","Fuerte","Bueno",2,0
"8191","Normal","Normal","Fuerte","Malo",4,1
"8192","Baja","Alta","Fuerte","Regular",3,1
"8193","Normal","Normal","Fuerte","Regular",2,1
"8194","Baja","Alta","Leve","Regular",9,1
"8195","Baja","Alta","Fuerte","Regular",4,1
"8196","Alta","Normal","Fuerte","Bueno",5,0
"8197","Normal","Normal","Fuerte","Regular",3,0
"8198","Normal","Baja","Leve","Bueno",4,0
"8199","Baja","Alta","Leve","Malo",1,1
"8200","Normal","Normal","Leve","Regular",1,1
"8201","Normal","Normal","Fuerte","Bueno",5,0
"8202","Normal","Normal","Fuerte","Malo",0,1
"8203","Normal","Normal","Fuerte","Regular",6,1
"8204","Normal","Normal","Leve","Regular",7,1
"8205","Normal","Baja","Leve","Bueno",5,0
"8206","Baja","Alta","Leve","Malo",1,1
"8207","Alta","Alta","Leve","Bueno",3,0
"8208","Normal","Alta","Leve","Malo",6,1
"8209","Normal","Normal","Leve","Bueno",4,0
"8210","Normal","Alta","Fuerte","Bueno",2,0
"8211","Alta","Baja","Leve","Bueno",0,1
"8212","Alta","Normal","Leve","Bueno",6,0
"8213","Normal","Normal","Leve","Regular",3,1
"8214","Normal","Baja","Leve","Bueno",7,1
"8215","Normal","Alta","Fuerte","Regular",6,1
"8216","Normal","Normal","Leve","Regular",4,0
"8217","Normal","Normal","Fuerte","Malo",9,0
"8218","Baja","Alta","Fuerte","Malo",1,1
"8219","Alta","Baja","Leve","Regular",8,1
"8220","Normal","Alta","Leve","Malo",6,0
"8221","Alta","Alta","Fuerte","Malo",2,0
"8222","Baja","Alta","Leve","Regular",5,1
"8223","Normal","Baja","Fuerte","Regular",3,1
"8224","Normal","Normal","Leve","Bueno",4,1
"8225","Normal","Normal","Fuerte","Bueno",4,0
"8226","Normal","Baja","Leve","Bueno",9,1
"8227","Normal","Alta","Fuerte","Malo",3,0
"8228","Normal","Normal","Leve","Malo",5,1
"8229","Normal","Normal","Fuerte","Bueno",4,1
"8230","Baja","Alta","Leve","Bueno",6,0
"8231","Normal","Normal","Leve","Regular",3,1
"8232","Normal","Alta","Leve","Bueno",6,1
"8233","Baja","Alta","Leve","Regular",4,1
"8234","Normal","Normal","Fuerte","Bueno",2,0
"8235","Normal","Alta","Leve","Bueno",6,1
"8236","Normal","Normal","Leve","Malo",1,1
"8237","Normal","Normal","Leve","Bueno",6,1
"8238","Baja","Alta","Fuerte","Regular",2,0
"8239","Normal","Alta","Fuerte","Bueno",2,0
"8240","Normal","Normal","Leve","Bueno",3,0
"8241","Normal","Alta","Leve","Regular",3,1
"8242","Normal","Normal","Fuerte","Malo",6,1
"8243","Alta","Baja","Leve","Bueno",4,0
"8244","Normal","Normal","Leve","Regular",7,0
"8245","Normal","Normal","Leve","Bueno",1,0
"8246","Alta","Normal","Fuerte","Bueno",4,0
"8247","Baja","Normal","Fuerte","Regular",4,1
"8248","Normal","Normal","Fuerte","Regular",3,1
"8249","Baja","Normal","Leve","Regular",6,1
"8250","Normal","Normal","Fuerte","Bueno",5,0
"8251","Baja","Normal","Fuerte","Malo",8,0
"8252","Normal","Normal","Fuerte","Regular",2,0
"8253","Normal","Normal","Leve","Bueno",1,1
"8254","Alta","Normal","Fuerte","Regular",3,1
"8255","Normal","Baja","Leve","Regular",5,1
"8256","Normal","Normal","Leve","Bueno",5,1
"8257","Normal","Alta","Leve","Bueno",5,0
"8258","Alta","Alta","Leve","Bueno",8,1
"8259","Normal","Normal","Fuerte","Bueno",8,0
"8260","Baja","Alta","Fuerte","Bueno",4,0
"8261","Normal","Normal","Leve","Bueno",6,1
"8262","Normal","Normal","Leve","Regular",4,0
"8263","Baja","Alta","Leve","Malo",9,1
"8264","Normal","Alta","Leve","Malo",2,1
"8265","Normal","Alta","Leve","Bueno",2,1
"8266","Normal","Baja","Fuerte","Bueno",5,1
"8267","Normal","Normal","Fuerte","Bueno",4,1
"8268","Normal","Alta","Fuerte","Regular",3,0
"8269","Normal","Baja","Leve","Bueno",7,0
"8270","Normal","Alta","Fuerte","Regular",8,0
"8271","Normal","Alta","Fuerte","Bueno",1,1
"8272","Normal","Baja","Leve","Bueno",7,1
"8273","Normal","Normal","Fuerte","Bueno",2,0
"8274","Alta","Baja","Fuerte","Malo",3,1
"8275","Normal","Normal","Fuerte","Malo",3,1
"8276","Alta","Alta","Leve","Regular",6,0
"8277","Baja","Normal","Leve","Regular",1,0
"8278","Normal","Normal","Fuerte","Bueno",5,1
"8279","Normal","Baja","Leve","Regular",5,0
"8280","Baja","Alta","Fuerte","Malo",5,0
"8281","Normal","Normal","Fuerte","Regular",5,1
"8282","Baja","Alta","Fuerte","Malo",4,1
"8283","Normal","Normal","Leve","Regular",1,1
"8284","Normal","Normal","Leve","Malo",4,1
"8285","Normal","Alta","Fuerte","Bueno",6,0
"8286","Normal","Normal","Fuerte","Malo",5,1
"8287","Baja","Alta","Leve","Bueno",5,0
"8288","Normal","Alta","Fuerte","Bueno",3,0
"8289","Baja","Alta","Fuerte","Regular",4,0
"8290","Normal","Normal","Leve","Regular",4,1
"8291","Alta","Alta","Fuerte","Regular",2,1
"8292","Normal","Normal","Fuerte","Malo",4,1
"8293","Normal","Normal","Leve","Bueno",5,0
"8294","Normal","Normal","Fuerte","Regular",4,0
"8295","Normal","Normal","Leve","Regular",8,0
"8296","Normal","Baja","Fuerte","Regular",1,1
"8297","Normal","Baja","Leve","Bueno",2,1
"8298","Alta","Normal","Leve","Bueno",4,0
"8299","Baja","Alta","Fuerte","Regular",5,1
"8300","Baja","Alta","Fuerte","Bueno",5,1
"8301","Normal","Baja","Leve","Regular",3,0
"8302","Normal","Alta","Fuerte","Regular",3,1
"8303","Alta","Alta","Leve","Regular",3,0
"8304","Baja","Alta","Leve","Malo",3,1
"8305","Normal","Normal","Leve","Bueno",4,0
"8306","Baja","Alta","Leve","Malo",6,0
"8307","Baja","Alta","Fuerte","Bueno",4,1
"8308","Normal","Normal","Leve","Bueno",3,0
"8309","Normal","Alta","Leve","Malo",7,1
"8310","Normal","Normal","Fuerte","Regular",2,0
"8311","Baja","Alta","Fuerte","Bueno",11,1
"8312","Normal","Normal","Leve","Regular",6,0
"8313","Alta","Alta","Fuerte","Regular",5,1
"8314","Normal","Baja","Leve","Bueno",3,1
"8315","Normal","Baja","Fuerte","Malo",7,1
"8316","Baja","Alta","Leve","Regular",1,1
"8317","Baja","Alta","Leve","Bueno",1,1
"8318","Normal","Normal","Fuerte","Regular",3,1
"8319","Baja","Normal","Fuerte","Regular",4,0
"8320","Baja","Normal","Leve","Bueno",5,0
"8321","Alta","Baja","Leve","Malo",7,0
"8322","Normal","Alta","Leve","Malo",5,0
"8323","Normal","Normal","Fuerte","Malo",2,1
"8324","Normal","Normal","Leve","Bueno",4,0
"8325","Normal","Alta","Fuerte","Bueno",8,1
"8326","Normal","Normal","Fuerte","Regular",5,1
"8327","Baja","Alta","Leve","Regular",5,0
"8328","Normal","Alta","Leve","Malo",3,0
"8329","Normal","Normal","Leve","Bueno",6,0
"8330","Baja","Alta","Fuerte","Regular",3,1
"8331","Normal","Normal","Leve","Malo",3,1
"8332","Normal","Normal","Leve","Bueno",3,1
"8333","Normal","Alta","Fuerte","Regular",3,0
"8334","Normal","Alta","Fuerte","Bueno",2,0
"8335","Baja","Alta","Leve","Regular",6,1
"8336","Normal","Normal","Leve","Malo",7,1
"8337","Normal","Baja","Fuerte","Regular",2,0
"8338","Normal","Normal","Fuerte","Bueno",3,1
"8339","Normal","Baja","Leve","Regular",2,1
"8340","Normal","Baja","Leve","Bueno",5,1
"8341","Baja","Alta","Leve","Regular",3,1
"8342","Normal","Normal","Fuerte","Bueno",3,1
"8343","Normal","Alta","Leve","Malo",5,1
"8344","Baja","Alta","Leve","Regular",1,0
"8345","Normal","Normal","Fuerte","Bueno",4,1
"8346","Normal","Normal","Fuerte","Malo",3,1
"8347","Normal","Normal","Fuerte","Regular",5,0
"8348","Normal","Normal","Leve","Malo",2,1
"8349","Normal","Baja","Fuerte","Malo",6,1
"8350","Baja","Alta","Fuerte","Regular",7,0
"8351","Alta","Baja","Fuerte","Bueno",8,0
"8352","Normal","Normal","Fuerte","Bueno",7,0
"8353","Normal","Normal","Fuerte","Malo",6,0
"8354","Normal","Normal","Leve","Regular",3,1
"8355","Normal","Normal","Leve","Regular",1,1
"8356","Normal","Normal","Fuerte","Regular",6,1
"8357","Normal","Normal","Fuerte","Regular",2,1
"8358","Normal","Baja","Fuerte","Regular",3,0
"8359","Baja","Alta","Fuerte","Regular",2,0
"8360","Normal","Baja","Fuerte","Bueno",4,1
"8361","Normal","Normal","Fuerte","Regular",7,1
"8362","Normal","Normal","Fuerte","Regular",3,1
"8363","Baja","Normal","Fuerte","Regular",5,1
"8364","Baja","Alta","Leve","Bueno",5,0
"8365","Normal","Alta","Leve","Regular",6,0
"8366","Normal","Normal","Fuerte","Malo",2,1
"8367","Baja","Alta","Leve","Bueno",5,0
"8368","Normal","Alta","Fuerte","Bueno",2,1
"8369","Baja","Alta","Leve","Malo",5,0
"8370","Normal","Alta","Leve","Regular",4,0
"8371","Normal","Baja","Fuerte","Malo",1,1
"8372","Normal","Normal","Fuerte","Regular",4,1
"8373","Baja","Alta","Fuerte","Bueno",2,1
"8374","Normal","Normal","Leve","Regular",3,1
"8375","Normal","Normal","Leve","Bueno",6,0
"8376","Normal","Normal","Fuerte","Bueno",7,0
"8377","Normal","Normal","Leve","Regular",5,0
"8378","Normal","Baja","Leve","Bueno",2,0
"8379","Normal","Baja","Leve","Regular",2,0
"8380","Baja","Alta","Leve","Bueno",3,0
"8381","Baja","Alta","Leve","Bueno",5,0
"8382","Normal","Normal","Fuerte","Regular",2,1
"8383","Normal","Normal","Leve","Bueno",6,1
"8384","Normal","Normal","Fuerte","Malo",2,0
"8385","Normal","Normal","Leve","Malo",5,1
"8386","Normal","Normal","Fuerte","Malo",9,1
"8387","Normal","Normal","Leve","Bueno",4,1
"8388","Baja","Alta","Leve","Bueno",2,1
"8389","Normal","Normal","Fuerte","Bueno",5,1
"8390","Normal","Normal","Fuerte","Malo",4,1
"8391","Normal","Baja","Leve","Regular",3,1
"8392","Normal","Normal","Fuerte","Malo",5,0
"8393","Baja","Alta","Fuerte","Regular",6,0
"8394","Normal","Alta","Leve","Bueno",3,1
"8395","Normal","Normal","Leve","Bueno",5,0
"8396","Normal","Alta","Fuerte","Bueno",5,1
"8397","Normal","Alta","Fuerte","Malo",5,1
"8398","Normal","Normal","Leve","Regular",4,0
"8399","Baja","Alta","Fuerte","Regular",4,1
"8400","Normal","Baja","Leve","Malo",2,1
"8401","Normal","Normal","Fuerte","Bueno",7,1
"8402","Normal","Baja","Leve","Bueno",5,1
"8403","Normal","Baja","Leve","Malo",5,1
"8404","Normal","Baja","Fuerte","Bueno",5,0
"8405","Normal","Normal","Leve","Bueno",4,0
"8406","Normal","Normal","Fuerte","Bueno",2,0
"8407","Normal","Normal","Leve","Bueno",2,0
"8408","Normal","Normal","Leve","Bueno",5,0
"8409","Baja","Normal","Fuerte","Bueno",4,1
"8410","Baja","Normal","Fuerte","Bueno",5,1
"8411","Alta","Baja","Leve","Regular",3,0
"8412","Normal","Alta","Leve","Bueno",1,0
"8413","Normal","Baja","Fuerte","Bueno",6,0
"8414","Normal","Normal","Fuerte","Bueno",3,0
"8415","Baja","Alta","Fuerte","Bueno",2,0
"8416","Baja","Alta","Leve","Bueno",4,0
"8417","Normal","Normal","Leve","Regular",4,1
"8418","Normal","Normal","Leve","Bueno",5,1
"8419","Normal","Normal","Fuerte","Malo",5,1
"8420","Normal","Alta","Fuerte","Regular",4,1
"8421","Baja","Alta","Fuerte","Regular",3,0
"8422","Normal","Alta","Leve","Regular",2,1
"8423","Normal","Normal","Leve","Malo",5,1
"8424","Baja","Baja","Fuerte","Bueno",6,1
"8425","Alta","Baja","Fuerte","Regular",2,1
"8426","Normal","Baja","Fuerte","Regular",5,1
"8427","Normal","Baja","Leve","Bueno",3,1
"8428","Baja","Alta","Fuerte","Malo",2,0
"8429","Normal","Baja","Leve","Bueno",6,1
"8430","Normal","Normal","Leve","Bueno",6,1
"8431","Normal","Normal","Leve","Regular",4,0
"8432","Baja","Alta","Fuerte","Bueno",4,1
"8433","Baja","Alta","Leve","Regular",6,0
"8434","Normal","Alta","Leve","Bueno",4,1
"8435","Normal","Baja","Fuerte","Regular",2,1
"8436","Normal","Normal","Fuerte","Regular",7,1
"8437","Normal","Alta","Leve","Regular",4,0
"8438","Normal","Normal","Leve","Regular",7,1
"8439","Normal","Normal","Leve","Malo",2,1
"8440","Normal","Alta","Fuerte","Bueno",2,1
"8441","Baja","Alta","Leve","Bueno",2,0
"8442","Baja","Alta","Fuerte","Regular",2,0
"8443","Normal","Baja","Leve","Malo",3,1
"8444","Normal","Alta","Fuerte","Regular",1,0
"8445","Normal","Normal","Fuerte","Regular",5,1
"8446","Normal","Baja","Fuerte","Bueno",4,1
"8447","Normal","Baja","Fuerte","Bueno",2,0
"8448","Normal","Normal","Fuerte","Bueno",5,1
"8449","Baja","Alta","Fuerte","Regular",1,1
"8450","Normal","Alta","Leve","Bueno",6,1
"8451","Normal","Alta","Leve","Bueno",11,1
"8452","Normal","Normal","Leve","Regular",4,0
"8453","Normal","Normal","Fuerte","Bueno",3,0
"8454","Normal","Normal","Fuerte","Bueno",9,1
"8455","Normal","Normal","Fuerte","Regular",1,1
"8456","Normal","Baja","Leve","Bueno",2,1
"8457","Alta","Baja","Fuerte","Regular",5,1
"8458","Normal","Normal","Fuerte","Bueno",5,1
"8459","Normal","Baja","Fuerte","Bueno",11,0
"8460","Normal","Normal","Fuerte","Bueno",4,1
"8461","Normal","Normal","Fuerte","Bueno",2,1
"8462","Normal","Alta","Fuerte","Regular",8,1
"8463","Normal","Normal","Leve","Regular",3,1
"8464","Normal","Normal","Leve","Malo",7,1
"8465","Baja","Alta","Fuerte","Regular",4,1
"8466","Baja","Alta","Leve","Malo",5,0
"8467","Normal","Normal","Leve","Regular",2,1
"8468","Normal","Normal","Leve","Malo",2,1
"8469","Normal","Normal","Fuerte","Bueno",2,1
"8470","Baja","Alta","Fuerte","Bueno",2,1
"8471","Baja","Normal","Fuerte","Regular",2,0
"8472","Normal","Normal","Leve","Bueno",9,1
"8473","Normal","Normal","Fuerte","Bueno",5,1
"8474","Normal","Normal","Leve","Regular",3,0
"8475","Normal","Normal","Fuerte","Malo",4,1
"8476","Baja","Alta","Fuerte","Regular",4,1
"8477","Normal","Normal","Fuerte","Regular",5,1
"8478","Normal","Baja","Fuerte","Malo",4,0
"8479","Normal","Alta","Fuerte","Bueno",3,0
"8480","Normal","Alta","Fuerte","Regular",3,0
"8481","Normal","Normal","Fuerte","Regular",2,1
"8482","Normal","Normal","Fuerte","Regular",2,1
"8483","Baja","Alta","Leve","Bueno",3,0
"8484","Baja","Alta","Leve","Bueno",4,1
"8485","Alta","Alta","Leve","Regular",4,1
"8486","Baja","Alta","Fuerte","Bueno",4,1
"8487","Baja","Baja","Leve","Bueno",4,1
"8488","Normal","Normal","Leve","Bueno",2,1
"8489","Baja","Alta","Fuerte","Regular",6,1
"8490","Normal","Normal","Leve","Regular",1,1
"8491","Baja","Alta","Leve","Bueno",4,1
"8492","Normal","Normal","Fuerte","Regular",1,1
"8493","Normal","Baja","Leve","Bueno",5,0
"8494","Baja","Alta","Leve","Malo",5,0
"8495","Alta","Baja","Fuerte","Bueno",4,1
"8496","Alta","Normal","Fuerte","Bueno",4,0
"8497","Normal","Alta","Fuerte","Malo",5,1
"8498","Normal","Baja","Fuerte","Regular",0,1
"8499","Normal","Alta","Fuerte","Bueno",2,1
"8500","Normal","Alta","Fuerte","Regular",4,0
"8501","Normal","Normal","Fuerte","Regular",6,1
"8502","Normal","Normal","Leve","Bueno",6,0
"8503","Normal","Baja","Fuerte","Regular",2,0
"8504","Baja","Alta","Fuerte","Malo",4,1
"8505","Normal","Normal","Fuerte","Bueno",3,0
"8506","Baja","Alta","Fuerte","Regular",4,1
"8507","Baja","Alta","Fuerte","Bueno",5,1
"8508","Normal","Alta","Fuerte","Malo",4,1
"8509","Normal","Alta","Leve","Malo",2,1
"8510","Baja","Baja","Fuerte","Regular",3,0
"8511","Baja","Alta","Leve","Bueno",5,0
"8512","Normal","Normal","Fuerte","Bueno",6,1
"8513","Normal","Normal","Fuerte","Regular",4,1
"8514","Normal","Baja","Fuerte","Bueno",1,1
"8515","Normal","Normal","Fuerte","Bueno",4,1
"8516","Normal","Normal","Fuerte","Bueno",6,1
"8517","Baja","Alta","Leve","Bueno",3,1
"8518","Normal","Alta","Fuerte","Regular",9,0
"8519","Baja","Alta","Leve","Bueno",2,1
"8520","Baja","Alta","Leve","Bueno",1,0
"8521","Normal","Normal","Leve","Malo",2,1
"8522","Baja","Alta","Fuerte","Bueno",6,0
"8523","Normal","Alta","Leve","Regular",3,0
"8524","Baja","Normal","Leve","Regular",3,1
"8525","Baja","Alta","Fuerte","Bueno",7,0
"8526","Alta","Normal","Fuerte","Regular",3,1
"8527","Normal","Alta","Fuerte","Bueno",5,1
"8528","Normal","Normal","Leve","Regular",5,0
"8529","Normal","Normal","Fuerte","Bueno",2,0
"8530","Normal","Alta","Leve","Bueno",5,1
"8531","Alta","Normal","Leve","Bueno",8,1
"8532","Normal","Normal","Leve","Bueno",4,1
"8533","Normal","Alta","Fuerte","Malo",3,1
"8534","Normal","Normal","Leve","Regular",3,0
"8535","Normal","Normal","Leve","Malo",9,1
"8536","Baja","Alta","Fuerte","Regular",3,1
"8537","Normal","Normal","Fuerte","Bueno",1,0
"8538","Normal","Normal","Fuerte","Bueno",4,1
"8539","Normal","Baja","Fuerte","Bueno",4,1
"8540","Normal","Normal","Fuerte","Malo",3,0
"8541","Normal","Normal","Leve","Bueno",4,1
"8542","Normal","Normal","Fuerte","Malo",2,1
"8543","Normal","Normal","Fuerte","Malo",5,0
"8544","Alta","Baja","Leve","Bueno",7,1
"8545","Normal","Baja","Leve","Regular",7,0
"8546","Normal","Normal","Fuerte","Malo",5,1
"8547","Normal","Normal","Leve","Bueno",2,0
"8548","Normal","Alta","Fuerte","Bueno",8,1
"8549","Normal","Baja","Fuerte","Regular",5,0
"8550","Normal","Baja","Fuerte","Regular",4,0
"8551","Normal","Normal","Fuerte","Bueno",2,0
"8552","Normal","Normal","Fuerte","Regular",3,1
"8553","Normal","Alta","Leve","Regular",5,1
"8554","Normal","Normal","Leve","Regular",3,1
"8555","Alta","Baja","Fuerte","Malo",3,1
"8556","Baja","Alta","Leve","Bueno",4,1
"8557","Normal","Alta","Leve","Regular",10,0
"8558","Baja","Alta","Leve","Bueno",3,0
"8559","Normal","Normal","Fuerte","Regular",5,0
"8560","Normal","Baja","Leve","Regular",4,1
"8561","Normal","Normal","Leve","Bueno",7,0
"8562","Normal","Normal","Leve","Bueno",5,1
"8563","Baja","Alta","Fuerte","Bueno",4,1
"8564","Normal","Normal","Leve","Bueno",3,0
"8565","Alta","Normal","Leve","Regular",4,0
"8566","Normal","Normal","Leve","Bueno",5,0
"8567","Baja","Alta","Leve","Malo",1,1
"8568","Normal","Normal","Fuerte","Bueno",3,0
"8569","Normal","Normal","Leve","Regular",2,0
"8570","Alta","Normal","Leve","Bueno",4,1
"8571","Normal","Normal","Leve","Regular",4,0
"8572","Baja","Alta","Fuerte","Regular",7,0
"8573","Normal","Baja","Leve","Regular",5,0
"8574","Alta","Baja","Fuerte","Regular",3,1
"8575","Normal","Normal","Fuerte","Malo",6,1
"8576","Normal","Normal","Leve","Malo",2,1
"8577","Baja","Alta","Fuerte","Bueno",3,1
"8578","Baja","Alta","Leve","Regular",5,1
"8579","Baja","Alta","Fuerte","Bueno",0,1
"8580","Normal","Normal","Fuerte","Bueno",2,1
"8581","Normal","Baja","Fuerte","Regular",5,1
"8582","Normal","Normal","Fuerte","Bueno",0,1
"8583","Baja","Normal","Fuerte","Malo",5,1
"8584","Normal","Normal","Fuerte","Regular",5,1
"8585","Normal","Baja","Fuerte","Malo",5,0
"8586","Alta","Alta","Fuerte","Bueno",5,1
"8587","Normal","Normal","Leve","Regular",5,1
"8588","Normal","Baja","Leve","Regular",2,0
"8589","Alta","Baja","Fuerte","Regular",4,1
"8590","Normal","Alta","Leve","Regular",6,1
"8591","Normal","Normal","Leve","Regular",4,1
"8592","Alta","Normal","Leve","Regular",6,1
"8593","Normal","Normal","Fuerte","Regular",4,1
"8594","Baja","Alta","Fuerte","Malo",6,0
"8595","Baja","Alta","Leve","Bueno",2,1
"8596","Normal","Normal","Fuerte","Regular",3,0
"8597","Normal","Normal","Fuerte","Bueno",6,0
"8598","Normal","Normal","Leve","Malo",3,0
"8599","Normal","Baja","Fuerte","Regular",4,0
"8600","Normal","Normal","Leve","Malo",5,0
"8601","Normal","Normal","Fuerte","Malo",2,1
"8602","Normal","Normal","Fuerte","Regular",6,0
"8603","Alta","Alta","Leve","Regular",3,1
"8604","Baja","Alta","Leve","Regular",4,1
"8605","Alta","Alta","Fuerte","Bueno",2,1
"8606","Normal","Baja","Fuerte","Regular",3,1
"8607","Normal","Normal","Fuerte","Regular",0,1
"8608","Normal","Alta","Leve","Regular",3,1
"8609","Normal","Normal","Leve","Regular",6,1
"8610","Baja","Alta","Leve","Bueno",5,0
"8611","Normal","Normal","Leve","Regular",5,1
"8612","Normal","Alta","Leve","Bueno",6,0
"8613","Normal","Baja","Fuerte","Regular",2,1
"8614","Alta","Alta","Leve","Regular",4,1
"8615","Normal","Baja","Leve","Regular",4,1
"8616","Normal","Baja","Leve","Bueno",1,0
"8617","Alta","Baja","Leve","Malo",2,0
"8618","Normal","Normal","Fuerte","Malo",2,1
"8619","Baja","Alta","Fuerte","Regular",5,0
"8620","Alta","Alta","Leve","Bueno",4,0
"8621","Baja","Baja","Fuerte","Regular",3,0
"8622","Normal","Baja","Fuerte","Regular",4,1
"8623","Baja","Alta","Fuerte","Regular",3,1
"8624","Alta","Alta","Fuerte","Regular",5,1
"8625","Normal","Normal","Fuerte","Bueno",5,1
"8626","Normal","Normal","Leve","Malo",5,1
"8627","Normal","Baja","Fuerte","Malo",7,0
"8628","Baja","Normal","Fuerte","Bueno",6,0
"8629","Normal","Normal","Leve","Bueno",6,1
"8630","Alta","Baja","Fuerte","Bueno",2,1
"8631","Normal","Normal","Leve","Regular",2,1
"8632","Normal","Baja","Leve","Regular",3,0
"8633","Normal","Normal","Leve","Regular",7,1
"8634","Baja","Alta","Fuerte","Regular",5,1
"8635","Normal","Normal","Leve","Regular",4,1
"8636","Normal","Normal","Fuerte","Regular",2,1
"8637","Normal","Normal","Leve","Bueno",6,1
"8638","Normal","Baja","Leve","Bueno",2,0
"8639","Normal","Normal","Fuerte","Regular",8,1
"8640","Baja","Normal","Fuerte","Bueno",5,1
"8641","Normal","Normal","Fuerte","Regular",3,1
"8642","Normal","Normal","Leve","Regular",4,1
"8643","Baja","Alta","Fuerte","Regular",4,0
"8644","Normal","Normal","Leve","Bueno",10,1
"8645","Normal","Normal","Fuerte","Bueno",5,1
"8646","Normal","Normal","Fuerte","Bueno",4,1
"8647","Normal","Normal","Leve","Bueno",5,1
"8648","Normal","Normal","Fuerte","Regular",5,0
"8649","Normal","Baja","Leve","Malo",3,0
"8650","Normal","Baja","Leve","Malo",3,1
"8651","Normal","Normal","Leve","Regular",4,0
"8652","Alta","Baja","Fuerte","Regular",4,1
"8653","Normal","Baja","Fuerte","Regular",2,1
"8654","Alta","Baja","Leve","Regular",3,0
"8655","Baja","Alta","Fuerte","Regular",6,1
"8656","Baja","Alta","Leve","Bueno",2,0
"8657","Baja","Normal","Fuerte","Malo",2,1
"8658","Alta","Normal","Leve","Regular",3,0
"8659","Normal","Baja","Fuerte","Bueno",2,1
"8660","Normal","Baja","Leve","Bueno",3,0
"8661","Normal","Normal","Fuerte","Bueno",4,0
"8662","Normal","Normal","Leve","Regular",3,1
"8663","Normal","Normal","Fuerte","Regular",9,0
"8664","Normal","Normal","Leve","Bueno",4,1
"8665","Normal","Normal","Fuerte","Bueno",6,1
"8666","Baja","Alta","Leve","Regular",6,1
"8667","Normal","Normal","Fuerte","Malo",5,0
"8668","Alta","Baja","Leve","Bueno",7,1
"8669","Normal","Normal","Fuerte","Malo",6,1
"8670","Baja","Alta","Leve","Regular",2,1
"8671","Normal","Baja","Fuerte","Bueno",4,0
"8672","Normal","Baja","Leve","Bueno",9,0
"8673","Alta","Normal","Fuerte","Regular",5,0
"8674","Alta","Baja","Leve","Malo",6,1
"8675","Baja","Alta","Leve","Bueno",3,1
"8676","Alta","Baja","Fuerte","Bueno",5,0
"8677","Normal","Normal","Leve","Bueno",6,1
"8678","Normal","Alta","Fuerte","Bueno",4,1
"8679","Normal","Alta","Fuerte","Regular",2,1
"8680","Normal","Baja","Fuerte","Malo",5,0
"8681","Normal","Alta","Fuerte","Regular",3,1
"8682","Normal","Normal","Fuerte","Bueno",5,1
"8683","Normal","Normal","Leve","Regular",3,0
"8684","Normal","Normal","Fuerte","Bueno",4,1
"8685","Normal","Baja","Leve","Regular",6,1
"8686","Normal","Alta","Leve","Malo",6,1
"8687","Normal","Normal","Leve","Bueno",2,0
"8688","Normal","Baja","Fuerte","Bueno",6,1
"8689","Normal","Normal","Leve","Malo",1,0
"8690","Alta","Baja","Leve","Malo",6,0
"8691","Normal","Alta","Fuerte","Regular",2,0
"8692","Normal","Normal","Leve","Bueno",3,0
"8693","Baja","Alta","Fuerte","Bueno",5,1
"8694","Alta","Baja","Leve","Malo",6,0
"8695","Normal","Normal","Fuerte","Malo",5,1
"8696","Normal","Normal","Fuerte","Regular",5,1
"8697","Normal","Normal","Fuerte","Regular",4,1
"8698","Baja","Alta","Leve","Regular",2,1
"8699","Normal","Alta","Leve","Regular",5,0
"8700","Normal","Alta","Leve","Malo",2,1
"8701","Normal","Normal","Leve","Regular",6,1
"8702","Alta","Baja","Leve","Bueno",4,1
"8703","Normal","Normal","Fuerte","Bueno",4,1
"8704","Baja","Alta","Fuerte","Bueno",5,1
"8705","Normal","Normal","Fuerte","Regular",2,1
"8706","Normal","Alta","Leve","Malo",5,0
"8707","Baja","Normal","Fuerte","Bueno",6,1
"8708","Alta","Alta","Leve","Regular",2,0
"8709","Normal","Normal","Fuerte","Malo",4,0
"8710","Alta","Alta","Leve","Regular",3,1
"8711","Baja","Alta","Leve","Regular",4,1
"8712","Normal","Normal","Leve","Regular",6,1
"8713","Normal","Normal","Fuerte","Regular",1,1
"8714","Normal","Normal","Leve","Regular",2,0
"8715","Baja","Alta","Leve","Malo",6,1
"8716","Normal","Baja","Leve","Malo",1,1
"8717","Normal","Normal","Leve","Regular",4,1
"8718","Normal","Normal","Fuerte","Malo",4,0
"8719","Normal","Normal","Leve","Bueno",1,1
"8720","Normal","Normal","Leve","Bueno",5,1
"8721","Alta","Alta","Fuerte","Malo",6,0
"8722","Normal","Alta","Fuerte","Bueno",3,1
"8723","Baja","Alta","Leve","Bueno",2,0
"8724","Normal","Alta","Fuerte","Malo",3,0
"8725","Baja","Normal","Fuerte","Bueno",4,1
"8726","Normal","Normal","Leve","Bueno",7,0
"8727","Baja","Normal","Fuerte","Malo",4,1
"8728","Baja","Alta","Fuerte","Bueno",4,1
"8729","Baja","Alta","Leve","Bueno",4,1
"8730","Normal","Baja","Fuerte","Regular",4,1
"8731","Normal","Baja","Leve","Regular",6,0
"8732","Baja","Normal","Leve","Bueno",3,0
"8733","Normal","Baja","Leve","Regular",0,1
"8734","Normal","Baja","Leve","Bueno",3,1
"8735","Alta","Alta","Fuerte","Regular",4,1
"8736","Baja","Alta","Leve","Bueno",1,1
"8737","Normal","Normal","Fuerte","Malo",5,1
"8738","Baja","Alta","Leve","Bueno",1,1
"8739","Normal","Normal","Leve","Malo",6,0
"8740","Normal","Alta","Fuerte","Malo",5,1
"8741","Normal","Normal","Fuerte","Regular",1,0
"8742","Normal","Normal","Leve","Malo",2,0
"8743","Baja","Alta","Leve","Bueno",3,1
"8744","Baja","Alta","Leve","Regular",0,1
"8745","Normal","Normal","Fuerte","Regular",5,0
"8746","Normal","Normal","Fuerte","Bueno",2,1
"8747","Baja","Alta","Fuerte","Regular",4,1
"8748","Baja","Alta","Fuerte","Regular",2,0
"8749","Baja","Alta","Leve","Regular",4,1
"8750","Alta","Normal","Leve","Regular",3,1
"8751","Normal","Normal","Fuerte","Regular",1,1
"8752","Normal","Alta","Fuerte","Bueno",4,1
"8753","Normal","Normal","Leve","Malo",6,1
"8754","Normal","Baja","Fuerte","Bueno",1,1
"8755","Normal","Baja","Fuerte","Bueno",2,1
"8756","Alta","Alta","Fuerte","Malo",8,0
"8757","Normal","Alta","Leve","Bueno",3,1
"8758","Baja","Alta","Leve","Regular",3,0
"8759","Normal","Normal","Fuerte","Bueno",6,0
"8760","Normal","Alta","Leve","Bueno",1,1
"8761","Normal","Baja","Fuerte","Bueno",3,0
"8762","Alta","Baja","Fuerte","Malo",2,1
"8763","Baja","Alta","Leve","Malo",4,1
"8764","Normal","Baja","Leve","Bueno",4,0
"8765","Normal","Normal","Leve","Bueno",4,1
"8766","Normal","Normal","Leve","Bueno",1,0
"8767","Normal","Alta","Fuerte","Bueno",3,0
"8768","Normal","Normal","Leve","Bueno",4,1
"8769","Normal","Normal","Fuerte","Regular",9,1
"8770","Alta","Alta","Fuerte","Bueno",6,0
"8771","Normal","Normal","Leve","Regular",4,0
"8772","Normal","Normal","Fuerte","Regular",5,0
"8773","Alta","Baja","Fuerte","Malo",3,1
"8774","Normal","Normal","Leve","Bueno",6,1
"8775","Normal","Normal","Leve","Bueno",2,0
"8776","Baja","Normal","Leve","Regular",4,1
"8777","Normal","Normal","Fuerte","Bueno",1,1
"8778","Normal","Normal","Leve","Bueno",6,1
"8779","Normal","Alta","Leve","Bueno",2,1
"8780","Normal","Alta","Leve","Malo",5,0
"8781","Normal","Normal","Fuerte","Malo",2,1
"8782","Normal","Baja","Fuerte","Malo",4,0
"8783","Normal","Normal","Leve","Bueno",1,0
"8784","Normal","Normal","Leve","Malo",3,1
"8785","Normal","Normal","Leve","Regular",3,1
"8786","Baja","Alta","Fuerte","Malo",3,0
"8787","Baja","Alta","Leve","Regular",4,1
"8788","Normal","Alta","Leve","Malo",6,1
"8789","Normal","Normal","Leve","Bueno",4,1
"8790","Normal","Normal","Leve","Bueno",1,1
"8791","Normal","Normal","Fuerte","Bueno",7,0
"8792","Normal","Normal","Leve","Bueno",6,1
"8793","Normal","Alta","Leve","Malo",1,1
"8794","Normal","Normal","Leve","Malo",5,1
"8795","Normal","Normal","Leve","Regular",4,1
"8796","Baja","Baja","Leve","Bueno",4,0
"8797","Normal","Alta","Leve","Bueno",3,0
"8798","Normal","Normal","Fuerte","Regular",10,1
"8799","Normal","Normal","Fuerte","Regular",2,1
"8800","Baja","Alta","Fuerte","Bueno",7,1
"8801","Normal","Baja","Fuerte","Regular",6,1
"8802","Normal","Baja","Fuerte","Malo",5,1
"8803","Normal","Baja","Fuerte","Malo",8,1
"8804","Normal","Normal","Fuerte","Bueno",4,1
"8805","Normal","Alta","Fuerte","Regular",1,1
"8806","Normal","Normal","Fuerte","Bueno",0,1
"8807","Normal","Alta","Fuerte","Regular",3,0
"8808","Normal","Baja","Fuerte","Bueno",3,1
"8809","Normal","Normal","Leve","Bueno",3,0
"8810","Baja","Normal","Leve","Regular",2,1
"8811","Normal","Alta","Fuerte","Regular",2,1
"8812","Normal","Alta","Leve","Bueno",8,1
"8813","Normal","Normal","Fuerte","Regular",7,1
"8814","Normal","Normal","Fuerte","Regular",7,1
"8815","Normal","Normal","Leve","Regular",3,1
"8816","Baja","Alta","Fuerte","Bueno",6,1
"8817","Baja","Alta","Leve","Regular",3,1
"8818","Normal","Normal","Fuerte","Regular",6,1
"8819","Normal","Baja","Fuerte","Bueno",9,0
"8820","Normal","Normal","Fuerte","Regular",2,1
"8821","Baja","Normal","Leve","Bueno",2,0
"8822","Normal","Normal","Leve","Malo",3,1
"8823","Normal","Normal","Leve","Regular",4,1
"8824","Normal","Normal","Leve","Malo",5,1
"8825","Normal","Alta","Fuerte","Bueno",5,1
"8826","Normal","Baja","Leve","Regular",5,1
"8827","Normal","Baja","Fuerte","Bueno",5,1
"8828","Normal","Normal","Fuerte","Malo",6,1
"8829","Alta","Alta","Leve","Regular",4,1
"8830","Baja","Normal","Fuerte","Regular",3,0
"8831","Normal","Alta","Leve","Malo",1,1
"8832","Alta","Baja","Leve","Regular",4,1
"8833","Normal","Normal","Fuerte","Regular",4,0
"8834","Normal","Baja","Fuerte","Bueno",6,0
"8835","Baja","Alta","Fuerte","Malo",5,0
"8836","Normal","Normal","Leve","Malo",3,1
"8837","Normal","Alta","Fuerte","Regular",4,1
"8838","Normal","Normal","Fuerte","Regular",5,0
"8839","Normal","Normal","Leve","Regular",3,0
"8840","Baja","Alta","Fuerte","Malo",7,1
"8841","Alta","Alta","Fuerte","Regular",2,1
"8842","Baja","Alta","Fuerte","Regular",3,1
"8843","Normal","Alta","Fuerte","Regular",0,1
"8844","Normal","Normal","Leve","Regular",4,1
"8845","Normal","Normal","Leve","Regular",5,0
"8846","Normal","Baja","Leve","Bueno",4,1
"8847","Baja","Alta","Fuerte","Bueno",5,1
"8848","Normal","Normal","Fuerte","Regular",4,0
"8849","Normal","Normal","Leve","Bueno",6,1
"8850","Baja","Normal","Leve","Bueno",7,0
"8851","Alta","Normal","Fuerte","Regular",4,0
"8852","Normal","Alta","Leve","Regular",2,1
"8853","Normal","Alta","Fuerte","Regular",5,0
"8854","Baja","Alta","Fuerte","Bueno",4,0
"8855","Normal","Baja","Leve","Regular",3,0
"8856","Baja","Alta","Leve","Malo",3,1
"8857","Alta","Baja","Leve","Malo",3,0
"8858","Normal","Normal","Fuerte","Regular",2,0
"8859","Alta","Baja","Leve","Bueno",0,1
"8860","Normal","Baja","Leve","Bueno",2,1
"8861","Normal","Normal","Fuerte","Bueno",4,0
"8862","Alta","Alta","Fuerte","Bueno",5,1
"8863","Normal","Baja","Fuerte","Bueno",4,1
"8864","Normal","Alta","Leve","Bueno",1,1
"8865","Normal","Normal","Fuerte","Bueno",6,1
"8866","Alta","Baja","Fuerte","Malo",2,0
"8867","Normal","Normal","Fuerte","Bueno",4,1
"8868","Normal","Baja","Leve","Malo",6,0
"8869","Normal","Baja","Leve","Malo",4,1
"8870","Baja","Normal","Fuerte","Regular",7,1
"8871","Normal","Normal","Fuerte","Bueno",3,1
"8872","Baja","Alta","Leve","Bueno",3,0
"8873","Normal","Normal","Fuerte","Regular",8,0
"8874","Normal","Alta","Fuerte","Regular",6,0
"8875","Baja","Alta","Fuerte","Bueno",5,0
"8876","Normal","Normal","Fuerte","Bueno",10,0
"8877","Normal","Normal","Leve","Regular",7,1
"8878","Normal","Normal","Leve","Malo",2,0
"8879","Baja","Alta","Fuerte","Regular",3,1
"8880","Baja","Alta","Fuerte","Malo",6,0
"8881","Normal","Normal","Fuerte","Regular",2,1
"8882","Baja","Baja","Fuerte","Bueno",3,0
"8883","Normal","Baja","Fuerte","Bueno",3,0
"8884","Normal","Baja","Leve","Bueno",7,1
"8885","Normal","Normal","Fuerte","Malo",2,0
"8886","Normal","Normal","Fuerte","Regular",1,1
"8887","Normal","Normal","Fuerte","Malo",3,1
"8888","Normal","Normal","Fuerte","Regular",2,1
"8889","Normal","Normal","Fuerte","Regular",5,0
"8890","Normal","Baja","Leve","Bueno",4,1
"8891","Normal","Normal","Leve","Bueno",2,1
"8892","Normal","Baja","Fuerte","Bueno",2,1
"8893","Normal","Normal","Fuerte","Regular",5,1
"8894","Normal","Normal","Leve","Malo",0,1
"8895","Normal","Normal","Leve","Regular",3,0
"8896","Normal","Baja","Fuerte","Malo",2,1
"8897","Normal","Baja","Fuerte","Bueno",3,1
"8898","Baja","Alta","Fuerte","Regular",6,0
"8899","Baja","Alta","Leve","Bueno",2,1
"8900","Normal","Alta","Fuerte","Regular",3,1
"8901","Baja","Alta","Leve","Regular",5,1
"8902","Normal","Normal","Leve","Bueno",2,1
"8903","Normal","Normal","Leve","Bueno",4,0
"8904","Normal","Normal","Leve","Regular",3,1
"8905","Alta","Alta","Leve","Malo",6,1
"8906","Normal","Normal","Fuerte","Bueno",4,0
"8907","Alta","Alta","Fuerte","Regular",9,1
"8908","Baja","Alta","Fuerte","Bueno",6,1
"8909","Alta","Baja","Leve","Malo",2,1
"8910","Normal","Baja","Fuerte","Regular",5,1
"8911","Normal","Normal","Fuerte","Bueno",3,0
"8912","Normal","Baja","Fuerte","Bueno",2,0
"8913","Normal","Normal","Fuerte","Regular",6,0
"8914","Normal","Baja","Fuerte","Bueno",7,0
"8915","Baja","Normal","Leve","Malo",2,0
"8916","Normal","Baja","Leve","Bueno",9,0
"8917","Baja","Alta","Leve","Regular",8,0
"8918","Normal","Normal","Fuerte","Bueno",2,0
"8919","Normal","Normal","Fuerte","Regular",3,0
"8920","Baja","Alta","Leve","Malo",5,1
"8921","Normal","Alta","Leve","Regular",2,1
"8922","Normal","Alta","Leve","Regular",3,1
"8923","Baja","Alta","Fuerte","Malo",2,0
"8924","Normal","Alta","Leve","Bueno",8,0
"8925","Normal","Normal","Leve","Bueno",2,0
"8926","Baja","Normal","Leve","Regular",1,0
"8927","Normal","Normal","Leve","Bueno",1,1
"8928","Normal","Normal","Fuerte","Bueno",2,1
"8929","Baja","Alta","Leve","Bueno",3,1
"8930","Normal","Normal","Leve","Bueno",4,0
"8931","Normal","Normal","Leve","Malo",4,1
"8932","Normal","Normal","Leve","Regular",3,0
"8933","Normal","Normal","Fuerte","Bueno",5,1
"8934","Normal","Normal","Fuerte","Bueno",2,1
"8935","Normal","Alta","Fuerte","Regular",3,0
"8936","Baja","Alta","Fuerte","Regular",4,0
"8937","Normal","Normal","Leve","Bueno",5,1
"8938","Normal","Alta","Fuerte","Regular",4,1
"8939","Normal","Alta","Leve","Bueno",1,0
"8940","Alta","Baja","Fuerte","Malo",1,0
"8941","Baja","Alta","Leve","Regular",3,1
"8942","Normal","Normal","Fuerte","Bueno",2,1
"8943","Alta","Baja","Fuerte","Bueno",3,1
"8944","Baja","Alta","Leve","Bueno",5,0
"8945","Normal","Normal","Fuerte","Bueno",1,0
"8946","Normal","Normal","Fuerte","Regular",6,0
"8947","Alta","Normal","Fuerte","Malo",5,0
"8948","Baja","Baja","Leve","Bueno",6,1
"8949","Normal","Baja","Leve","Regular",5,0
"8950","Normal","Normal","Fuerte","Regular",3,0
"8951","Normal","Normal","Fuerte","Malo",3,0
"8952","Normal","Alta","Fuerte","Regular",4,1
"8953","Normal","Baja","Leve","Bueno",6,0
"8954","Normal","Normal","Leve","Bueno",3,1
"8955","Alta","Alta","Leve","Bueno",6,0
"8956","Normal","Normal","Leve","Regular",1,1
"8957","Normal","Normal","Leve","Regular",2,1
"8958","Normal","Normal","Fuerte","Bueno",3,0
"8959","Alta","Alta","Leve","Regular",3,0
"8960","Baja","Alta","Fuerte","Bueno",2,0
"8961","Baja","Normal","Fuerte","Malo",2,0
"8962","Normal","Normal","Leve","Bueno",5,1
"8963","Baja","Alta","Fuerte","Bueno",5,0
"8964","Normal","Normal","Fuerte","Bueno",4,0
"8965","Baja","Normal","Fuerte","Malo",3,1
"8966","Baja","Alta","Fuerte","Regular",3,1
"8967","Normal","Baja","Leve","Regular",3,1
"8968","Normal","Normal","Fuerte","Malo",7,1
"8969","Normal","Normal","Leve","Malo",2,0
"8970","Normal","Normal","Fuerte","Malo",3,1
"8971","Baja","Alta","Fuerte","Bueno",6,1
"8972","Normal","Alta","Leve","Bueno",4,0
"8973","Normal","Normal","Fuerte","Malo",3,1
"8974","Normal","Normal","Leve","Bueno",2,0
"8975","Normal","Alta","Fuerte","Bueno",6,1
"8976","Normal","Normal","Fuerte","Regular",5,1
"8977","Normal","Normal","Leve","Bueno",4,1
"8978","Baja","Alta","Leve","Regular",4,1
"8979","Alta","Alta","Fuerte","Regular",3,1
"8980","Normal","Baja","Fuerte","Regular",3,0
"8981","Normal","Alta","Fuerte","Regular",5,1
"8982","Normal","Normal","Fuerte","Bueno",2,0
"8983","Normal","Baja","Leve","Bueno",3,1
"8984","Normal","Baja","Leve","Bueno",0,1
"8985","Normal","Baja","Fuerte","Regular",8,0
"8986","Normal","Normal","Leve","Malo",5,1
"8987","Alta","Normal","Leve","Bueno",5,1
"8988","Normal","Normal","Leve","Bueno",2,1
"8989","Normal","Normal","Fuerte","Bueno",3,0
"8990","Normal","Normal","Leve","Regular",2,0
"8991","Normal","Baja","Fuerte","Regular",2,1
"8992","Normal","Baja","Leve","Regular",3,1
"8993","Normal","Alta","Leve","Regular",5,1
"8994","Baja","Baja","Leve","Regular",5,1
"8995","Baja","Alta","Fuerte","Regular",7,0
"8996","Normal","Normal","Leve","Regular",7,1
"8997","Normal","Normal","Leve","Bueno",6,1
"8998","Normal","Normal","Fuerte","Bueno",2,1
"8999","Normal","Alta","Leve","Regular",7,1
"9000","Normal","Normal","Fuerte","Regular",2,1
"9001","Normal","Normal","Fuerte","Bueno",4,0
"9002","Alta","Alta","Leve","Malo",4,1
"9003","Normal","Normal","Fuerte","Bueno",0,1
"9004","Normal","Alta","Leve","Regular",2,0
"9005","Normal","Alta","Fuerte","Bueno",5,1
"9006","Normal","Normal","Leve","Regular",8,1
"9007","Normal","Baja","Fuerte","Bueno",7,0
"9008","Baja","Alta","Leve","Bueno",6,0
"9009","Normal","Normal","Leve","Regular",4,0
"9010","Baja","Alta","Fuerte","Malo",2,1
"9011","Alta","Baja","Fuerte","Malo",2,1
"9012","Alta","Normal","Leve","Malo",2,0
"9013","Normal","Normal","Leve","Regular",6,1
"9014","Baja","Alta","Leve","Malo",6,0
"9015","Baja","Alta","Fuerte","Regular",5,1
"9016","Alta","Normal","Leve","Malo",4,0
"9017","Alta","Normal","Leve","Bueno",3,1
"9018","Normal","Normal","Fuerte","Regular",5,1
"9019","Baja","Alta","Fuerte","Bueno",5,1
"9020","Baja","Alta","Fuerte","Bueno",3,1
"9021","Normal","Normal","Leve","Malo",5,1
"9022","Alta","Alta","Leve","Malo",6,0
"9023","Normal","Normal","Fuerte","Regular",2,0
"9024","Normal","Normal","Leve","Regular",2,0
"9025","Normal","Normal","Fuerte","Bueno",6,0
"9026","Normal","Baja","Leve","Bueno",3,0
"9027","Normal","Baja","Leve","Malo",1,1
"9028","Normal","Normal","Fuerte","Malo",6,1
"9029","Normal","Normal","Leve","Bueno",7,1
"9030","Normal","Normal","Fuerte","Malo",8,1
"9031","Baja","Baja","Fuerte","Regular",7,1
"9032","Baja","Alta","Fuerte","Regular",5,0
"9033","Alta","Normal","Fuerte","Bueno",5,0
"9034","Normal","Normal","Fuerte","Bueno",2,1
"9035","Normal","Baja","Leve","Bueno",1,0
"9036","Normal","Normal","Leve","Bueno",3,1
"9037","Normal","Normal","Leve","Bueno",3,1
"9038","Normal","Baja","Leve","Bueno",3,1
"9039","Normal","Normal","Fuerte","Bueno",2,0
"9040","Normal","Normal","Fuerte","Regular",5,1
"9041","Normal","Normal","Leve","Regular",1,0
"9042","Normal","Normal","Leve","Bueno",5,1
"9043","Normal","Normal","Leve","Regular",6,1
"9044","Normal","Normal","Leve","Bueno",3,1
"9045","Normal","Normal","Fuerte","Regular",6,1
"9046","Normal","Alta","Leve","Malo",1,0
"9047","Normal","Normal","Leve","Bueno",5,0
"9048","Normal","Normal","Fuerte","Regular",5,0
"9049","Normal","Normal","Fuerte","Bueno",4,0
"9050","Normal","Normal","Leve","Regular",3,0
"9051","Normal","Normal","Leve","Regular",2,0
"9052","Normal","Alta","Fuerte","Bueno",8,1
"9053","Normal","Normal","Fuerte","Bueno",5,0
"9054","Normal","Alta","Fuerte","Malo",4,1
"9055","Normal","Alta","Fuerte","Bueno",3,1
"9056","Normal","Normal","Fuerte","Regular",4,1
"9057","Baja","Alta","Fuerte","Bueno",2,0
"9058","Normal","Normal","Fuerte","Bueno",11,1
"9059","Normal","Normal","Fuerte","Malo",3,1
"9060","Normal","Normal","Leve","Bueno",3,1
"9061","Normal","Normal","Leve","Regular",2,1
"9062","Normal","Normal","Leve","Regular",2,0
"9063","Baja","Alta","Fuerte","Malo",4,0
"9064","Normal","Normal","Fuerte","Regular",4,1
"9065","Normal","Normal","Fuerte","Malo",4,1
"9066","Normal","Normal","Fuerte","Regular",2,1
"9067","Normal","Alta","Fuerte","Bueno",7,0
"9068","Normal","Normal","Fuerte","Bueno",5,0
"9069","Baja","Alta","Fuerte","Bueno",7,0
"9070","Alta","Alta","Leve","Bueno",2,0
"9071","Normal","Normal","Leve","Malo",3,0
"9072","Baja","Alta","Leve","Bueno",8,0
"9073","Alta","Baja","Fuerte","Bueno",4,0
"9074","Baja","Alta","Fuerte","Bueno",5,0
"9075","Normal","Normal","Leve","Bueno",3,0
"9076","Baja","Alta","Leve","Regular",2,0
"9077","Normal","Normal","Leve","Regular",6,1
"9078","Baja","Alta","Leve","Regular",7,1
"9079","Baja","Alta","Leve","Regular",2,1
"9080","Normal","Alta","Leve","Malo",5,0
"9081","Normal","Alta","Fuerte","Malo",3,1
"9082","Normal","Alta","Leve","Bueno",1,0
"9083","Normal","Normal","Leve","Regular",1,1
"9084","Baja","Alta","Leve","Regular",3,0
"9085","Baja","Alta","Leve","Bueno",5,0
"9086","Normal","Baja","Leve","Regular",2,1
"9087","Normal","Normal","Fuerte","Regular",2,1
"9088","Normal","Normal","Fuerte","Regular",2,1
"9089","Normal","Normal","Leve","Malo",1,1
"9090","Normal","Alta","Leve","Regular",5,1
"9091","Normal","Normal","Fuerte","Bueno",5,0
"9092","Normal","Normal","Fuerte","Malo",4,0
"9093","Alta","Baja","Leve","Regular",5,1
"9094","Baja","Normal","Fuerte","Regular",4,0
"9095","Normal","Normal","Leve","Malo",5,1
"9096","Normal","Normal","Fuerte","Regular",6,1
"9097","Normal","Normal","Fuerte","Regular",3,1
"9098","Baja","Alta","Leve","Bueno",3,0
"9099","Normal","Normal","Fuerte","Malo",2,0
"9100","Normal","Normal","Leve","Bueno",3,1
"9101","Baja","Baja","Fuerte","Regular",1,0
"9102","Normal","Alta","Leve","Bueno",2,1
"9103","Baja","Alta","Leve","Regular",2,0
"9104","Normal","Baja","Fuerte","Regular",5,0
"9105","Normal","Alta","Fuerte","Bueno",3,1
"9106","Alta","Normal","Leve","Regular",4,1
"9107","Normal","Normal","Leve","Regular",3,1
"9108","Normal","Normal","Fuerte","Malo",2,0
"9109","Normal","Normal","Leve","Malo",3,1
"9110","Alta","Baja","Leve","Regular",2,1
"9111","Baja","Alta","Fuerte","Bueno",3,1
"9112","Normal","Normal","Fuerte","Malo",0,1
"9113","Normal","Normal","Fuerte","Malo",3,1
"9114","Normal","Normal","Leve","Regular",5,1
"9115","Baja","Alta","Leve","Regular",0,1
"9116","Normal","Normal","Fuerte","Bueno",6,1
"9117","Normal","Normal","Fuerte","Regular",3,1
"9118","Normal","Normal","Leve","Malo",0,1
"9119","Normal","Normal","Fuerte","Regular",1,0
"9120","Normal","Normal","Leve","Malo",5,0
"9121","Baja","Alta","Leve","Bueno",3,1
"9122","Normal","Normal","Leve","Malo",3,1
"9123","Normal","Normal","Leve","Bueno",6,1
"9124","Baja","Alta","Leve","Malo",4,1
"9125","Baja","Alta","Fuerte","Regular",5,0
"9126","Normal","Alta","Leve","Regular",3,0
"9127","Normal","Alta","Fuerte","Bueno",3,1
"9128","Baja","Alta","Fuerte","Regular",3,0
"9129","Normal","Normal","Fuerte","Bueno",4,0
"9130","Baja","Alta","Fuerte","Regular",4,1
"9131","Baja","Alta","Leve","Bueno",3,0
"9132","Normal","Baja","Leve","Malo",3,0
"9133","Normal","Normal","Leve","Malo",8,1
"9134","Alta","Normal","Leve","Regular",2,1
"9135","Normal","Alta","Leve","Regular",7,0
"9136","Normal","Baja","Fuerte","Malo",8,1
"9137","Normal","Alta","Fuerte","Bueno",3,1
"9138","Baja","Alta","Fuerte","Regular",5,0
"9139","Baja","Alta","Fuerte","Malo",5,0
"9140","Normal","Normal","Fuerte","Regular",5,0
"9141","Normal","Alta","Leve","Regular",3,0
"9142","Normal","Normal","Fuerte","Regular",3,0
"9143","Normal","Baja","Leve","Regular",0,1
"9144","Baja","Alta","Fuerte","Bueno",5,0
"9145","Normal","Normal","Leve","Regular",4,1
"9146","Normal","Alta","Fuerte","Regular",3,0
"9147","Baja","Alta","Fuerte","Bueno",6,0
"9148","Normal","Baja","Fuerte","Malo",9,0
"9149","Alta","Alta","Fuerte","Regular",0,1
"9150","Baja","Baja","Fuerte","Bueno",3,1
"9151","Baja","Normal","Leve","Regular",3,0
"9152","Normal","Normal","Leve","Regular",3,0
"9153","Baja","Normal","Leve","Malo",5,0
"9154","Normal","Normal","Leve","Bueno",5,0
"9155","Normal","Normal","Leve","Bueno",9,1
"9156","Normal","Alta","Leve","Bueno",3,1
"9157","Normal","Normal","Leve","Regular",2,1
"9158","Normal","Normal","Leve","Regular",4,0
"9159","Alta","Normal","Leve","Malo",4,1
"9160","Baja","Alta","Leve","Regular",2,0
"9161","Normal","Alta","Leve","Malo",5,1
"9162","Baja","Alta","Fuerte","Bueno",5,1
"9163","Alta","Baja","Fuerte","Malo",3,1
"9164","Normal","Baja","Fuerte","Regular",2,1
"9165","Normal","Alta","Fuerte","Bueno",2,0
"9166","Normal","Normal","Leve","Bueno",2,0
"9167","Baja","Alta","Fuerte","Bueno",3,1
"9168","Normal","Normal","Leve","Malo",6,1
"9169","Normal","Normal","Leve","Regular",2,0
"9170","Normal","Normal","Fuerte","Regular",3,1
"9171","Normal","Normal","Leve","Regular",8,0
"9172","Normal","Normal","Leve","Bueno",5,1
"9173","Baja","Alta","Fuerte","Regular",4,1
"9174","Baja","Normal","Leve","Bueno",6,0
"9175","Baja","Alta","Leve","Bueno",5,0
"9176","Normal","Normal","Fuerte","Bueno",4,1
"9177","Normal","Alta","Leve","Malo",3,0
"9178","Normal","Normal","Leve","Regular",5,0
"9179","Normal","Normal","Leve","Malo",3,1
"9180","Normal","Baja","Fuerte","Bueno",2,0
"9181","Normal","Alta","Fuerte","Bueno",8,1
"9182","Normal","Baja","Leve","Malo",4,1
"9183","Normal","Normal","Leve","Malo",1,1
"9184","Baja","Alta","Leve","Bueno",5,0
"9185","Alta","Baja","Fuerte","Bueno",3,1
"9186","Normal","Baja","Leve","Regular",5,0
"9187","Baja","Baja","Fuerte","Bueno",5,0
"9188","Normal","Alta","Fuerte","Bueno",3,1
"9189","Normal","Baja","Leve","Regular",2,1
"9190","Normal","Baja","Leve","Regular",3,0
"9191","Alta","Normal","Fuerte","Regular",5,1
"9192","Normal","Baja","Fuerte","Regular",7,0
"9193","Normal","Normal","Fuerte","Malo",7,0
"9194","Normal","Normal","Fuerte","Bueno",1,1
"9195","Normal","Baja","Leve","Bueno",7,0
"9196","Baja","Alta","Leve","Bueno",3,1
"9197","Normal","Normal","Fuerte","Regular",4,1
"9198","Normal","Normal","Leve","Malo",1,1
"9199","Baja","Alta","Fuerte","Bueno",7,0
"9200","Baja","Alta","Leve","Malo",8,1
"9201","Normal","Normal","Fuerte","Regular",6,1
"9202","Normal","Normal","Leve","Regular",4,0
"9203","Normal","Normal","Fuerte","Malo",6,1
"9204","Alta","Alta","Fuerte","Malo",0,1
"9205","Normal","Alta","Fuerte","Regular",6,1
"9206","Alta","Normal","Leve","Regular",4,1
"9207","Baja","Alta","Leve","Bueno",5,0
"9208","Baja","Alta","Fuerte","Regular",3,1
"9209","Normal","Normal","Fuerte","Bueno",1,1
"9210","Normal","Alta","Leve","Regular",7,0
"9211","Normal","Alta","Fuerte","Malo",5,0
"9212","Normal","Normal","Fuerte","Bueno",8,1
"9213","Normal","Alta","Fuerte","Regular",6,0
"9214","Alta","Alta","Fuerte","Regular",3,1
"9215","Normal","Alta","Leve","Regular",4,1
"9216","Normal","Normal","Leve","Regular",3,1
"9217","Normal","Normal","Leve","Regular",1,1
"9218","Alta","Baja","Fuerte","Malo",4,1
"9219","Normal","Normal","Fuerte","Regular",2,1
"9220","Normal","Alta","Fuerte","Regular",3,1
"9221","Normal","Normal","Fuerte","Regular",4,0
"9222","Normal","Baja","Leve","Bueno",1,1
"9223","Normal","Alta","Leve","Regular",2,1
"9224","Baja","Alta","Fuerte","Regular",6,0
"9225","Normal","Normal","Fuerte","Regular",4,0
"9226","Normal","Normal","Leve","Malo",3,1
"9227","Normal","Normal","Fuerte","Malo",4,1
"9228","Normal","Normal","Fuerte","Regular",8,1
"9229","Baja","Alta","Leve","Malo",2,0
"9230","Alta","Alta","Fuerte","Regular",4,1
"9231","Normal","Baja","Leve","Bueno",3,1
"9232","Normal","Normal","Fuerte","Regular",7,0
"9233","Baja","Alta","Fuerte","Bueno",3,1
"9234","Baja","Alta","Leve","Regular",5,1
"9235","Normal","Alta","Fuerte","Bueno",1,0
"9236","Normal","Normal","Fuerte","Regular",10,1
"9237","Baja","Baja","Leve","Bueno",1,1
"9238","Baja","Alta","Fuerte","Bueno",3,0
"9239","Normal","Alta","Fuerte","Bueno",3,0
"9240","Normal","Normal","Leve","Bueno",2,1
"9241","Baja","Alta","Fuerte","Bueno",6,1
"9242","Normal","Baja","Leve","Bueno",2,1
"9243","Baja","Alta","Leve","Malo",2,0
"9244","Normal","Normal","Fuerte","Malo",6,0
"9245","Normal","Normal","Fuerte","Regular",2,1
"9246","Alta","Alta","Leve","Malo",6,0
"9247","Normal","Normal","Fuerte","Bueno",1,1
"9248","Normal","Normal","Fuerte","Bueno",2,1
"9249","Normal","Alta","Fuerte","Regular",2,1
"9250","Baja","Alta","Leve","Bueno",4,1
"9251","Normal","Baja","Fuerte","Regular",3,0
"9252","Baja","Alta","Leve","Regular",4,0
"9253","Normal","Alta","Leve","Malo",2,0
"9254","Normal","Baja","Leve","Regular",2,1
"9255","Normal","Normal","Leve","Regular",3,0
"9256","Normal","Baja","Fuerte","Malo",2,0
"9257","Normal","Normal","Leve","Regular",3,0
"9258","Normal","Baja","Leve","Bueno",8,1
"9259","Alta","Normal","Fuerte","Regular",4,1
"9260","Normal","Alta","Fuerte","Malo",1,0
"9261","Normal","Normal","Fuerte","Regular",2,0
"9262","Normal","Baja","Fuerte","Bueno",2,0
"9263","Baja","Alta","Leve","Regular",1,1
"9264","Normal","Normal","Leve","Regular",5,1
"9265","Normal","Normal","Leve","Regular",3,1
"9266","Normal","Baja","Leve","Malo",4,0
"9267","Normal","Normal","Leve","Bueno",3,0
"9268","Normal","Normal","Fuerte","Bueno",1,0
"9269","Normal","Alta","Leve","Malo",6,0
"9270","Baja","Alta","Leve","Malo",1,0
"9271","Normal","Normal","Fuerte","Regular",4,1
"9272","Normal","Normal","Leve","Bueno",6,0
"9273","Normal","Alta","Leve","Regular",3,0
"9274","Normal","Normal","Leve","Bueno",2,1
"9275","Normal","Normal","Leve","Bueno",1,1
"9276","Baja","Alta","Fuerte","Malo",2,1
"9277","Baja","Alta","Leve","Regular",2,0
"9278","Normal","Alta","Leve","Bueno",6,0
"9279","Baja","Alta","Leve","Bueno",4,0
"9280","Baja","Normal","Fuerte","Regular",4,0
"9281","Baja","Alta","Fuerte","Malo",4,0
"9282","Baja","Alta","Fuerte","Bueno",7,0
"9283","Baja","Alta","Fuerte","Regular",5,1
"9284","Baja","Alta","Leve","Regular",4,0
"9285","Normal","Normal","Leve","Regular",6,1
"9286","Normal","Normal","Leve","Malo",2,0
"9287","Baja","Baja","Leve","Bueno",5,0
"9288","Alta","Normal","Fuerte","Bueno",4,0
"9289","Normal","Normal","Leve","Regular",3,1
"9290","Baja","Alta","Leve","Bueno",2,1
"9291","Normal","Baja","Leve","Regular",7,1
"9292","Normal","Normal","Fuerte","Bueno",6,0
"9293","Normal","Normal","Fuerte","Malo",1,1
"9294","Normal","Normal","Leve","Bueno",7,1
"9295","Baja","Alta","Leve","Regular",1,1
"9296","Normal","Alta","Leve","Regular",3,1
"9297","Normal","Normal","Leve","Malo",6,1
"9298","Alta","Alta","Fuerte","Regular",7,0
"9299","Alta","Baja","Fuerte","Regular",4,0
"9300","Normal","Baja","Leve","Bueno",0,1
"9301","Normal","Alta","Fuerte","Bueno",3,0
"9302","Alta","Baja","Fuerte","Malo",2,1
"9303","Baja","Normal","Leve","Bueno",2,0
"9304","Baja","Alta","Fuerte","Bueno",3,0
"9305","Normal","Alta","Leve","Regular",4,1
"9306","Normal","Baja","Leve","Bueno",7,1
"9307","Normal","Alta","Fuerte","Bueno",2,0
"9308","Normal","Normal","Fuerte","Bueno",6,1
"9309","Normal","Baja","Fuerte","Regular",2,0
"9310","Baja","Normal","Fuerte","Bueno",1,0
"9311","Baja","Alta","Leve","Regular",2,1
"9312","Normal","Normal","Fuerte","Bueno",2,1
"9313","Normal","Baja","Leve","Bueno",5,1
"9314","Normal","Normal","Leve","Malo",1,1
"9315","Baja","Alta","Leve","Regular",2,1
"9316","Baja","Normal","Fuerte","Malo",3,1
"9317","Normal","Normal","Fuerte","Regular",7,0
"9318","Baja","Normal","Leve","Bueno",4,1
"9319","Normal","Normal","Fuerte","Bueno",2,1
"9320","Alta","Normal","Fuerte","Malo",5,0
"9321","Baja","Alta","Leve","Malo",10,1
"9322","Alta","Normal","Leve","Bueno",3,1
"9323","Baja","Alta","Leve","Malo",5,1
"9324","Baja","Alta","Fuerte","Bueno",2,0
"9325","Normal","Alta","Fuerte","Bueno",6,1
"9326","Normal","Baja","Leve","Regular",1,0
"9327","Normal","Normal","Fuerte","Bueno",3,1
"9328","Baja","Alta","Leve","Malo",3,1
"9329","Normal","Normal","Fuerte","Regular",5,1
"9330","Normal","Normal","Fuerte","Regular",5,1
"9331","Normal","Normal","Fuerte","Bueno",2,0
"9332","Normal","Alta","Fuerte","Malo",4,1
"9333","Normal","Baja","Leve","Bueno",5,1
"9334","Normal","Normal","Leve","Bueno",8,0
"9335","Normal","Baja","Fuerte","Bueno",8,1
"9336","Normal","Alta","Fuerte","Bueno",5,1
"9337","Normal","Baja","Fuerte","Regular",4,0
"9338","Baja","Alta","Fuerte","Bueno",6,1
"9339","Baja","Alta","Leve","Regular",5,1
"9340","Normal","Baja","Fuerte","Bueno",4,0
"9341","Alta","Normal","Leve","Malo",6,1
"9342","Normal","Normal","Fuerte","Bueno",4,1
"9343","Baja","Alta","Fuerte","Regular",2,1
"9344","Normal","Baja","Leve","Bueno",2,1
"9345","Normal","Baja","Fuerte","Regular",5,1
"9346","Normal","Normal","Leve","Regular",5,1
"9347","Baja","Alta","Leve","Regular",4,0
"9348","Normal","Normal","Fuerte","Bueno",1,1
"9349","Alta","Normal","Leve","Bueno",8,1
"9350","Normal","Normal","Fuerte","Regular",4,1
"9351","Normal","Alta","Leve","Regular",4,1
"9352","Baja","Alta","Leve","Bueno",4,1
"9353","Normal","Normal","Fuerte","Regular",6,1
"9354","Normal","Normal","Fuerte","Regular",3,0
"9355","Baja","Alta","Leve","Regular",2,1
"9356","Normal","Baja","Fuerte","Malo",2,1
"9357","Normal","Normal","Leve","Regular",3,0
"9358","Normal","Normal","Fuerte","Bueno",1,0
"9359","Normal","Normal","Leve","Regular",3,1
"9360","Normal","Normal","Leve","Regular",3,0
"9361","Baja","Alta","Leve","Regular",2,1
"9362","Normal","Baja","Leve","Bueno",2,1
"9363","Normal","Normal","Leve","Regular",3,1
"9364","Normal","Normal","Leve","Bueno",6,1
"9365","Normal","Alta","Leve","Bueno",3,1
"9366","Alta","Normal","Fuerte","Bueno",1,0
"9367","Normal","Alta","Fuerte","Bueno",2,0
"9368","Alta","Baja","Fuerte","Malo",3,1
"9369","Normal","Normal","Leve","Bueno",5,1
"9370","Baja","Alta","Leve","Bueno",2,1
"9371","Normal","Normal","Fuerte","Bueno",2,0
"9372","Alta","Normal","Leve","Regular",3,1
"9373","Normal","Normal","Leve","Regular",2,0
"9374","Normal","Alta","Fuerte","Regular",3,0
"9375","Normal","Normal","Leve","Malo",4,0
"9376","Baja","Normal","Fuerte","Regular",3,0
"9377","Normal","Normal","Fuerte","Regular",3,0
"9378","Normal","Normal","Leve","Bueno",2,1
"9379","Baja","Alta","Leve","Bueno",4,1
"9380","Normal","Alta","Leve","Malo",6,1
"9381","Normal","Normal","Fuerte","Bueno",2,0
"9382","Baja","Baja","Leve","Bueno",4,0
"9383","Alta","Alta","Leve","Bueno",0,1
"9384","Normal","Normal","Leve","Regular",6,0
"9385","Normal","Normal","Fuerte","Bueno",3,1
"9386","Alta","Normal","Leve","Regular",2,1
"9387","Normal","Normal","Fuerte","Bueno",5,0
"9388","Baja","Alta","Fuerte","Malo",7,1
"9389","Normal","Normal","Leve","Bueno",3,0
"9390","Normal","Alta","Fuerte","Regular",0,1
"9391","Alta","Normal","Fuerte","Regular",2,0
"9392","Normal","Normal","Fuerte","Malo",1,1
"9393","Normal","Baja","Leve","Bueno",9,0
"9394","Normal","Alta","Fuerte","Malo",3,0
"9395","Normal","Normal","Fuerte","Regular",5,0
"9396","Normal","Alta","Fuerte","Malo",4,1
"9397","Normal","Normal","Fuerte","Malo",4,0
"9398","Normal","Baja","Leve","Bueno",5,1
"9399","Normal","Normal","Fuerte","Bueno",7,0
"9400","Normal","Baja","Fuerte","Bueno",3,1
"9401","Normal","Normal","Leve","Regular",5,0
"9402","Normal","Normal","Fuerte","Bueno",4,0
"9403","Alta","Normal","Leve","Malo",4,1
"9404","Normal","Normal","Fuerte","Malo",4,0
"9405","Baja","Baja","Fuerte","Malo",7,0
"9406","Normal","Normal","Fuerte","Regular",8,0
"9407","Baja","Alta","Leve","Malo",3,0
"9408","Normal","Normal","Fuerte","Regular",9,1
"9409","Normal","Normal","Fuerte","Regular",2,1
"9410","Baja","Alta","Fuerte","Malo",6,1
"9411","Normal","Normal","Leve","Bueno",3,1
"9412","Normal","Alta","Leve","Malo",3,1
"9413","Normal","Normal","Fuerte","Malo",6,0
"9414","Normal","Normal","Leve","Bueno",4,1
"9415","Normal","Normal","Leve","Bueno",2,1
"9416","Normal","Normal","Leve","Regular",2,0
"9417","Normal","Alta","Leve","Bueno",1,1
"9418","Normal","Alta","Fuerte","Malo",7,1
"9419","Normal","Normal","Leve","Regular",2,1
"9420","Alta","Baja","Fuerte","Regular",3,0
"9421","Normal","Normal","Fuerte","Bueno",4,1
"9422","Normal","Alta","Leve","Bueno",6,1
"9423","Normal","Normal","Leve","Bueno",4,0
"9424","Normal","Alta","Leve","Bueno",4,0
"9425","Normal","Alta","Leve","Malo",5,1
"9426","Normal","Baja","Fuerte","Regular",1,0
"9427","Normal","Alta","Leve","Bueno",5,0
"9428","Normal","Alta","Fuerte","Regular",1,0
"9429","Normal","Normal","Fuerte","Regular",2,1
"9430","Normal","Normal","Fuerte","Bueno",8,1
"9431","Normal","Normal","Fuerte","Bueno",4,0
"9432","Normal","Baja","Leve","Regular",3,0
"9433","Alta","Baja","Fuerte","Regular",4,1
"9434","Alta","Normal","Fuerte","Bueno",3,1
"9435","Normal","Normal","Leve","Bueno",4,0
"9436","Baja","Baja","Fuerte","Bueno",4,1
"9437","Normal","Normal","Fuerte","Regular",2,1
"9438","Alta","Baja","Leve","Malo",4,0
"9439","Alta","Alta","Leve","Regular",9,0
"9440","Normal","Normal","Leve","Regular",4,0
"9441","Alta","Alta","Leve","Regular",6,1
"9442","Normal","Alta","Leve","Regular",4,0
"9443","Normal","Normal","Leve","Bueno",3,1
"9444","Baja","Alta","Fuerte","Regular",4,1
"9445","Normal","Normal","Leve","Regular",2,1
"9446","Baja","Alta","Leve","Regular",5,0
"9447","Baja","Normal","Fuerte","Regular",3,1
"9448","Normal","Normal","Leve","Regular",4,1
"9449","Baja","Alta","Leve","Bueno",2,1
"9450","Normal","Normal","Fuerte","Regular",5,0
"9451","Normal","Normal","Leve","Regular",0,1
"9452","Alta","Normal","Leve","Regular",3,1
"9453","Alta","Baja","Leve","Regular",0,1
"9454","Normal","Normal","Fuerte","Malo",4,1
"9455","Normal","Alta","Fuerte","Bueno",8,0
"9456","Baja","Alta","Fuerte","Malo",4,0
"9457","Normal","Alta","Leve","Regular",5,1
"9458","Baja","Alta","Leve","Bueno",5,0
"9459","Normal","Normal","Leve","Bueno",5,0
"9460","Normal","Alta","Fuerte","Malo",1,1
"9461","Normal","Baja","Fuerte","Bueno",1,0
"9462","Normal","Baja","Fuerte","Bueno",7,1
"9463","Normal","Normal","Leve","Regular",4,1
"9464","Baja","Alta","Leve","Regular",3,0
"9465","Normal","Normal","Fuerte","Bueno",10,0
"9466","Normal","Normal","Fuerte","Regular",3,1
"9467","Baja","Alta","Fuerte","Bueno",3,0
"9468","Normal","Alta","Fuerte","Malo",5,1
"9469","Alta","Baja","Leve","Regular",3,0
"9470","Normal","Normal","Fuerte","Malo",1,1
"9471","Normal","Alta","Leve","Bueno",8,1
"9472","Normal","Normal","Leve","Regular",5,1
"9473","Normal","Normal","Leve","Malo",2,1
"9474","Normal","Normal","Fuerte","Bueno",3,0
"9475","Normal","Normal","Fuerte","Regular",5,1
"9476","Normal","Normal","Fuerte","Malo",4,0
"9477","Baja","Alta","Leve","Malo",3,0
"9478","Normal","Alta","Fuerte","Bueno",5,1
"9479","Normal","Baja","Leve","Malo",1,0
"9480","Alta","Baja","Fuerte","Malo",5,1
"9481","Normal","Normal","Fuerte","Regular",9,1
"9482","Normal","Normal","Leve","Regular",1,1
"9483","Normal","Normal","Leve","Regular",6,0
"9484","Alta","Normal","Leve","Regular",7,0
"9485","Alta","Baja","Fuerte","Regular",2,0
"9486","Normal","Normal","Fuerte","Regular",5,1
"9487","Normal","Normal","Leve","Regular",5,1
"9488","Normal","Normal","Fuerte","Regular",2,0
"9489","Normal","Normal","Leve","Bueno",2,0
"9490","Normal","Normal","Fuerte","Malo",2,0
"9491","Baja","Alta","Fuerte","Bueno",3,1
"9492","Normal","Normal","Leve","Regular",2,1
"9493","Normal","Normal","Leve","Regular",7,1
"9494","Normal","Alta","Fuerte","Malo",4,1
"9495","Baja","Alta","Fuerte","Regular",5,0
"9496","Normal","Baja","Leve","Bueno",2,0
"9497","Baja","Alta","Fuerte","Malo",3,1
"9498","Baja","Alta","Leve","Regular",5,0
"9499","Normal","Baja","Fuerte","Regular",6,0
"9500","Baja","Alta","Leve","Bueno",4,0
"9501","Normal","Normal","Fuerte","Regular",1,1
"9502","Baja","Alta","Fuerte","Bueno",3,1
"9503","Normal","Baja","Leve","Regular",4,1
"9504","Normal","Normal","Leve","Malo",4,0
"9505","Normal","Baja","Fuerte","Regular",2,0
"9506","Normal","Normal","Leve","Bueno",3,1
"9507","Alta","Alta","Fuerte","Malo",5,1
"9508","Normal","Normal","Leve","Malo",8,0
"9509","Alta","Normal","Leve","Malo",2,0
"9510","Normal","Normal","Leve","Regular",3,0
"9511","Alta","Baja","Leve","Regular",0,1
"9512","Alta","Normal","Leve","Bueno",11,0
"9513","Normal","Normal","Leve","Bueno",9,1
"9514","Baja","Alta","Fuerte","Regular",4,1
"9515","Normal","Normal","Fuerte","Bueno",1,1
"9516","Normal","Normal","Fuerte","Bueno",5,1
"9517","Normal","Normal","Fuerte","Bueno",6,1
"9518","Normal","Normal","Fuerte","Regular",7,0
"9519","Baja","Alta","Fuerte","Regular",5,1
"9520","Normal","Normal","Leve","Bueno",2,1
"9521","Normal","Baja","Leve","Regular",5,0
"9522","Normal","Normal","Leve","Regular",4,1
"9523","Baja","Alta","Fuerte","Bueno",6,0
"9524","Baja","Alta","Fuerte","Malo",3,0
"9525","Alta","Baja","Fuerte","Malo",7,0
"9526","Baja","Normal","Fuerte","Bueno",3,0
"9527","Normal","Normal","Fuerte","Regular",5,0
"9528","Normal","Normal","Fuerte","Regular",5,0
"9529","Alta","Alta","Fuerte","Bueno",3,1
"9530","Normal","Normal","Leve","Bueno",5,1
"9531","Alta","Normal","Leve","Regular",2,0
"9532","Normal","Normal","Fuerte","Bueno",4,1
"9533","Normal","Normal","Fuerte","Malo",7,1
"9534","Normal","Baja","Leve","Bueno",4,0
"9535","Normal","Normal","Leve","Regular",1,1
"9536","Baja","Alta","Leve","Regular",1,0
"9537","Normal","Alta","Leve","Regular",3,1
"9538","Normal","Normal","Fuerte","Bueno",1,0
"9539","Normal","Normal","Leve","Regular",3,1
"9540","Normal","Normal","Leve","Bueno",3,0
"9541","Normal","Alta","Fuerte","Regular",5,1
"9542","Baja","Alta","Leve","Regular",3,1
"9543","Normal","Alta","Fuerte","Regular",1,1
"9544","Normal","Normal","Leve","Regular",4,1
"9545","Normal","Alta","Leve","Bueno",2,1
"9546","Baja","Alta","Leve","Bueno",4,0
"9547","Normal","Normal","Fuerte","Regular",2,0
"9548","Normal","Normal","Fuerte","Regular",7,1
"9549","Normal","Baja","Leve","Regular",3,1
"9550","Normal","Normal","Fuerte","Bueno",6,1
"9551","Normal","Alta","Leve","Regular",4,0
"9552","Alta","Baja","Fuerte","Malo",2,1
"9553","Baja","Normal","Fuerte","Regular",5,0
"9554","Normal","Normal","Leve","Regular",5,1
"9555","Normal","Alta","Leve","Malo",9,1
"9556","Normal","Normal","Fuerte","Bueno",1,1
"9557","Baja","Alta","Leve","Bueno",5,0
"9558","Normal","Alta","Leve","Bueno",4,1
"9559","Normal","Normal","Leve","Malo",3,1
"9560","Normal","Normal","Fuerte","Bueno",11,0
"9561","Normal","Normal","Fuerte","Regular",6,1
"9562","Normal","Baja","Leve","Bueno",5,0
"9563","Normal","Normal","Fuerte","Bueno",3,1
"9564","Baja","Alta","Leve","Regular",3,0
"9565","Normal","Normal","Fuerte","Bueno",2,1
"9566","Normal","Alta","Fuerte","Regular",6,1
"9567","Baja","Alta","Leve","Malo",0,1
"9568","Normal","Normal","Fuerte","Bueno",4,1
"9569","Normal","Baja","Leve","Bueno",5,1
"9570","Normal","Normal","Leve","Malo",3,1
"9571","Normal","Normal","Fuerte","Bueno",5,1
"9572","Normal","Baja","Leve","Regular",9,1
"9573","Normal","Alta","Leve","Regular",3,1
"9574","Alta","Alta","Fuerte","Malo",4,1
"9575","Normal","Normal","Leve","Malo",3,0
"9576","Normal","Normal","Fuerte","Bueno",3,0
"9577","Normal","Alta","Fuerte","Bueno",4,1
"9578","Normal","Normal","Fuerte","Malo",7,0
"9579","Baja","Alta","Leve","Malo",9,0
"9580","Normal","Baja","Leve","Malo",7,1
"9581","Baja","Alta","Leve","Regular",3,0
"9582","Normal","Normal","Leve","Malo",2,0
"9583","Normal","Baja","Leve","Malo",2,1
"9584","Baja","Alta","Leve","Regular",2,1
"9585","Normal","Normal","Fuerte","Malo",5,1
"9586","Normal","Alta","Fuerte","Malo",6,1
"9587","Normal","Alta","Fuerte","Bueno",2,1
"9588","Normal","Normal","Fuerte","Bueno",0,1
"9589","Normal","Normal","Fuerte","Bueno",4,0
"9590","Normal","Normal","Leve","Malo",4,1
"9591","Normal","Normal","Fuerte","Regular",6,0
"9592","Baja","Alta","Leve","Bueno",8,0
"9593","Alta","Normal","Fuerte","Malo",4,0
"9594","Normal","Alta","Leve","Regular",3,1
"9595","Alta","Baja","Leve","Bueno",7,0
"9596","Normal","Normal","Leve","Bueno",3,0
"9597","Normal","Normal","Leve","Regular",6,1
"9598","Normal","Alta","Fuerte","Regular",1,1
"9599","Baja","Alta","Leve","Malo",4,0
"9600","Normal","Baja","Leve","Malo",7,0
"9601","Normal","Normal","Leve","Bueno",9,1
"9602","Normal","Baja","Leve","Regular",5,0
"9603","Normal","Alta","Fuerte","Malo",6,0
"9604","Normal","Normal","Leve","Regular",1,0
"9605","Normal","Alta","Leve","Malo",3,0
"9606","Normal","Normal","Leve","Regular",4,0
"9607","Normal","Normal","Fuerte","Bueno",4,1
"9608","Normal","Baja","Fuerte","Regular",3,1
"9609","Alta","Baja","Fuerte","Bueno",2,1
"9610","Normal","Normal","Leve","Malo",4,1
"9611","Baja","Alta","Leve","Bueno",6,0
"9612","Normal","Normal","Leve","Regular",5,1
"9613","Normal","Alta","Leve","Malo",4,1
"9614","Normal","Normal","Leve","Bueno",5,0
"9615","Normal","Baja","Leve","Regular",4,0
"9616","Normal","Normal","Fuerte","Malo",5,1
"9617","Normal","Normal","Leve","Bueno",1,0
"9618","Alta","Baja","Leve","Bueno",6,1
"9619","Alta","Normal","Leve","Regular",6,0
"9620","Normal","Normal","Leve","Regular",6,0
"9621","Normal","Baja","Leve","Bueno",0,1
"9622","Baja","Baja","Fuerte","Malo",5,0
"9623","Normal","Normal","Leve","Bueno",5,1
"9624","Normal","Normal","Fuerte","Malo",7,1
"9625","Normal","Alta","Leve","Bueno",3,0
"9626","Normal","Normal","Leve","Malo",2,1
"9627","Normal","Normal","Leve","Bueno",2,1
"9628","Normal","Normal","Leve","Bueno",3,1
"9629","Alta","Alta","Leve","Bueno",6,1
"9630","Normal","Normal","Leve","Regular",3,1
"9631","Normal","Normal","Leve","Regular",4,0
"9632","Normal","Normal","Leve","Regular",3,0
"9633","Alta","Alta","Leve","Bueno",1,0
"9634","Normal","Normal","Fuerte","Regular",2,1
"9635","Normal","Normal","Fuerte","Malo",1,0
"9636","Normal","Alta","Leve","Malo",3,1
"9637","Normal","Normal","Fuerte","Regular",6,0
"9638","Baja","Baja","Leve","Regular",2,0
"9639","Normal","Alta","Fuerte","Bueno",3,1
"9640","Normal","Normal","Fuerte","Regular",2,1
"9641","Alta","Normal","Fuerte","Malo",2,0
"9642","Baja","Alta","Fuerte","Malo",5,1
"9643","Baja","Alta","Leve","Regular",7,0
"9644","Baja","Alta","Fuerte","Malo",3,1
"9645","Normal","Normal","Fuerte","Regular",6,0
"9646","Normal","Alta","Leve","Bueno",6,1
"9647","Normal","Normal","Leve","Regular",3,0
"9648","Normal","Normal","Leve","Regular",3,1
"9649","Baja","Alta","Leve","Malo",4,0
"9650","Normal","Normal","Fuerte","Bueno",5,1
"9651","Normal","Normal","Fuerte","Bueno",3,0
"9652","Normal","Normal","Leve","Malo",4,1
"9653","Normal","Normal","Leve","Bueno",4,0
"9654","Normal","Normal","Leve","Malo",2,1
"9655","Normal","Alta","Leve","Bueno",3,0
"9656","Baja","Baja","Fuerte","Regular",4,1
"9657","Normal","Normal","Leve","Regular",2,1
"9658","Alta","Alta","Fuerte","Regular",3,1
"9659","Normal","Normal","Leve","Regular",3,1
"9660","Normal","Normal","Fuerte","Regular",5,1
"9661","Normal","Baja","Leve","Bueno",4,0
"9662","Normal","Baja","Fuerte","Bueno",3,1
"9663","Normal","Normal","Leve","Bueno",4,1
"9664","Normal","Normal","Fuerte","Bueno",3,1
"9665","Normal","Normal","Fuerte","Bueno",2,0
"9666","Normal","Normal","Leve","Bueno",5,0
"9667","Baja","Alta","Fuerte","Malo",1,1
"9668","Normal","Baja","Fuerte","Bueno",0,1
"9669","Baja","Alta","Fuerte","Regular",3,0
"9670","Normal","Normal","Leve","Bueno",3,1
"9671","Baja","Alta","Fuerte","Bueno",5,0
"9672","Alta","Baja","Fuerte","Bueno",5,0
"9673","Alta","Baja","Leve","Regular",1,1
"9674","Normal","Normal","Leve","Regular",4,1
"9675","Normal","Baja","Fuerte","Malo",4,1
"9676","Normal","Normal","Fuerte","Bueno",6,1
"9677","Baja","Normal","Leve","Bueno",5,0
"9678","Baja","Alta","Leve","Regular",6,1
"9679","Normal","Baja","Fuerte","Regular",5,1
"9680","Normal","Normal","Fuerte","Regular",4,1
"9681","Normal","Baja","Fuerte","Regular",2,0
"9682","Baja","Alta","Fuerte","Bueno",1,1
"9683","Normal","Baja","Leve","Bueno",6,0
"9684","Normal","Normal","Fuerte","Malo",3,0
"9685","Alta","Normal","Leve","Regular",4,1
"9686","Normal","Normal","Leve","Bueno",4,0
"9687","Normal","Normal","Fuerte","Regular",2,1
"9688","Normal","Normal","Leve","Bueno",6,0
"9689","Normal","Alta","Fuerte","Malo",5,0
"9690","Normal","Normal","Leve","Malo",2,1
"9691","Normal","Baja","Fuerte","Bueno",3,1
"9692","Normal","Baja","Leve","Malo",2,1
"9693","Normal","Normal","Leve","Malo",4,0
"9694","Normal","Alta","Leve","Bueno",7,0
"9695","Normal","Normal","Fuerte","Malo",1,1
"9696","Normal","Normal","Fuerte","Regular",4,0
"9697","Normal","Baja","Fuerte","Malo",1,1
"9698","Alta","Baja","Fuerte","Bueno",5,0
"9699","Normal","Normal","Leve","Regular",3,1
"9700","Baja","Alta","Leve","Regular",6,1
"9701","Normal","Normal","Leve","Regular",4,0
"9702","Baja","Alta","Leve","Malo",5,0
"9703","Normal","Baja","Fuerte","Bueno",4,1
"9704","Normal","Normal","Leve","Bueno",9,1
"9705","Normal","Normal","Fuerte","Regular",10,0
"9706","Normal","Alta","Leve","Regular",3,0
"9707","Alta","Baja","Fuerte","Malo",4,1
"9708","Baja","Normal","Leve","Bueno",4,1
"9709","Baja","Alta","Fuerte","Regular",2,0
"9710","Normal","Normal","Leve","Bueno",4,0
"9711","Baja","Alta","Leve","Bueno",2,0
"9712","Normal","Normal","Fuerte","Bueno",4,1
"9713","Normal","Normal","Fuerte","Bueno",4,0
"9714","Alta","Alta","Fuerte","Bueno",7,1
"9715","Normal","Normal","Fuerte","Regular",2,1
"9716","Normal","Baja","Leve","Regular",2,0
"9717","Normal","Alta","Leve","Regular",7,1
"9718","Normal","Normal","Leve","Bueno",9,1
"9719","Baja","Alta","Leve","Bueno",3,1
"9720","Normal","Normal","Fuerte","Bueno",6,1
"9721","Baja","Alta","Leve","Malo",3,1
"9722","Baja","Alta","Fuerte","Regular",4,0
"9723","Normal","Baja","Leve","Regular",3,1
"9724","Normal","Normal","Fuerte","Regular",5,0
"9725","Baja","Alta","Leve","Regular",2,0
"9726","Normal","Alta","Fuerte","Bueno",8,0
"9727","Normal","Alta","Fuerte","Bueno",6,1
"9728","Baja","Alta","Leve","Bueno",3,1
"9729","Normal","Normal","Fuerte","Malo",4,1
"9730","Normal","Baja","Leve","Malo",1,0
"9731","Normal","Alta","Leve","Regular",6,0
"9732","Baja","Alta","Fuerte","Regular",3,1
"9733","Baja","Alta","Leve","Regular",1,1
"9734","Alta","Baja","Leve","Bueno",4,1
"9735","Normal","Normal","Leve","Regular",2,0
"9736","Normal","Normal","Fuerte","Malo",1,1
"9737","Normal","Baja","Leve","Bueno",4,1
"9738","Normal","Alta","Fuerte","Bueno",1,1
"9739","Normal","Baja","Fuerte","Bueno",5,1
"9740","Baja","Alta","Leve","Malo",0,1
"9741","Normal","Alta","Fuerte","Bueno",8,1
"9742","Normal","Alta","Leve","Regular",5,0
"9743","Normal","Normal","Leve","Regular",4,1
"9744","Normal","Normal","Leve","Bueno",4,1
"9745","Alta","Alta","Fuerte","Regular",4,1
"9746","Normal","Baja","Leve","Regular",4,1
"9747","Baja","Baja","Leve","Regular",1,0
"9748","Normal","Baja","Leve","Malo",2,0
"9749","Normal","Normal","Leve","Regular",3,1
"9750","Normal","Alta","Fuerte","Bueno",4,1
"9751","Normal","Normal","Fuerte","Regular",6,0
"9752","Baja","Alta","Leve","Regular",1,1
"9753","Normal","Normal","Leve","Bueno",6,1
"9754","Baja","Alta","Leve","Bueno",5,0
"9755","Normal","Normal","Fuerte","Regular",2,0
"9756","Normal","Baja","Leve","Regular",2,1
"9757","Baja","Baja","Fuerte","Regular",4,1
"9758","Baja","Alta","Fuerte","Malo",3,1
"9759","Baja","Alta","Fuerte","Regular",0,1
"9760","Normal","Alta","Leve","Malo",6,0
"9761","Alta","Baja","Leve","Regular",8,1
"9762","Normal","Alta","Leve","Bueno",4,1
"9763","Baja","Alta","Fuerte","Bueno",7,0
"9764","Alta","Alta","Leve","Malo",6,1
"9765","Normal","Alta","Fuerte","Regular",4,0
"9766","Alta","Baja","Fuerte","Regular",4,0
"9767","Baja","Alta","Fuerte","Regular",7,0
"9768","Normal","Alta","Fuerte","Bueno",1,0
"9769","Normal","Normal","Fuerte","Regular",5,0
"9770","Baja","Alta","Fuerte","Malo",5,1
"9771","Alta","Normal","Fuerte","Bueno",6,0
"9772","Normal","Baja","Leve","Malo",3,1
"9773","Baja","Alta","Leve","Regular",7,1
"9774","Normal","Normal","Leve","Malo",4,1
"9775","Normal","Normal","Leve","Regular",5,0
"9776","Normal","Normal","Leve","Bueno",4,1
"9777","Normal","Normal","Leve","Regular",5,1
"9778","Normal","Normal","Fuerte","Regular",2,1
"9779","Normal","Normal","Leve","Regular",2,0
"9780","Baja","Alta","Fuerte","Bueno",7,1
"9781","Alta","Normal","Fuerte","Regular",6,0
"9782","Normal","Normal","Fuerte","Bueno",3,0
"9783","Baja","Alta","Leve","Malo",3,1
"9784","Normal","Normal","Fuerte","Malo",3,0
"9785","Normal","Alta","Leve","Malo",3,0
"9786","Normal","Normal","Leve","Bueno",7,1
"9787","Baja","Alta","Fuerte","Regular",7,1
"9788","Normal","Alta","Fuerte","Regular",6,0
"9789","Normal","Normal","Leve","Bueno",2,0
"9790","Normal","Normal","Leve","Regular",4,1
"9791","Normal","Normal","Fuerte","Bueno",1,1
"9792","Normal","Normal","Leve","Bueno",2,1
"9793","Normal","Normal","Leve","Regular",2,1
"9794","Baja","Alta","Fuerte","Regular",7,1
"9795","Normal","Alta","Leve","Bueno",6,1
"9796","Normal","Normal","Fuerte","Bueno",4,0
"9797","Normal","Baja","Leve","Regular",9,0
"9798","Normal","Normal","Leve","Bueno",6,1
"9799","Normal","Alta","Leve","Bueno",7,1
"9800","Baja","Alta","Fuerte","Bueno",6,1
"9801","Normal","Baja","Fuerte","Bueno",4,1
"9802","Baja","Alta","Fuerte","Bueno",2,0
"9803","Baja","Baja","Leve","Regular",3,0
"9804","Normal","Normal","Fuerte","Malo",6,1
"9805","Normal","Normal","Fuerte","Bueno",4,0
"9806","Normal","Normal","Leve","Regular",8,0
"9807","Normal","Alta","Fuerte","Regular",4,0
"9808","Baja","Alta","Leve","Bueno",3,1
"9809","Normal","Normal","Fuerte","Regular",4,0
"9810","Normal","Alta","Leve","Regular",9,0
"9811","Normal","Alta","Fuerte","Malo",4,0
"9812","Normal","Normal","Leve","Malo",3,0
"9813","Baja","Alta","Fuerte","Regular",6,0
"9814","Normal","Normal","Leve","Bueno",6,0
"9815","Alta","Normal","Leve","Bueno",3,1
"9816","Normal","Normal","Leve","Bueno",4,1
"9817","Baja","Alta","Fuerte","Bueno",4,1
"9818","Normal","Alta","Leve","Bueno",5,1
"9819","Baja","Alta","Leve","Regular",6,1
"9820","Baja","Alta","Leve","Bueno",4,1
"9821","Normal","Alta","Leve","Bueno",5,1
"9822","Normal","Normal","Leve","Bueno",3,1
"9823","Normal","Baja","Fuerte","Bueno",5,1
"9824","Normal","Alta","Leve","Malo",6,0
"9825","Normal","Alta","Fuerte","Regular",2,1
"9826","Alta","Baja","Fuerte","Bueno",1,1
"9827","Baja","Alta","Leve","Regular",2,1
"9828","Normal","Alta","Leve","Bueno",4,1
"9829","Baja","Baja","Fuerte","Regular",1,1
"9830","Baja","Normal","Leve","Bueno",3,1
"9831","Normal","Normal","Fuerte","Bueno",5,0
"9832","Normal","Normal","Fuerte","Malo",7,1
"9833","Normal","Normal","Leve","Regular",0,1
"9834","Normal","Normal","Leve","Malo",6,0
"9835","Baja","Alta","Leve","Bueno",3,1
"9836","Normal","Normal","Fuerte","Malo",3,1
"9837","Normal","Normal","Fuerte","Bueno",6,1
"9838","Baja","Alta","Leve","Bueno",4,1
"9839","Alta","Normal","Leve","Bueno",5,1
"9840","Normal","Normal","Fuerte","Bueno",1,1
"9841","Alta","Alta","Leve","Bueno",10,0
"9842","Alta","Normal","Fuerte","Regular",3,1
"9843","Normal","Baja","Fuerte","Regular",2,1
"9844","Alta","Alta","Leve","Regular",4,1
"9845","Normal","Baja","Leve","Malo",3,1
"9846","Normal","Baja","Fuerte","Bueno",2,1
"9847","Normal","Normal","Fuerte","Regular",1,1
"9848","Baja","Normal","Fuerte","Bueno",3,0
"9849","Baja","Alta","Leve","Malo",3,1
"9850","Normal","Baja","Leve","Regular",3,1
"9851","Normal","Normal","Fuerte","Bueno",5,1
"9852","Normal","Baja","Leve","Malo",3,1
"9853","Alta","Baja","Leve","Bueno",7,1
"9854","Normal","Normal","Fuerte","Bueno",6,1
"9855","Alta","Alta","Fuerte","Bueno",2,1
"9856","Baja","Alta","Fuerte","Bueno",2,0
"9857","Normal","Normal","Fuerte","Malo",3,0
"9858","Normal","Normal","Fuerte","Regular",3,0
"9859","Baja","Normal","Fuerte","Bueno",4,1
"9860","Normal","Alta","Fuerte","Malo",6,0
"9861","Normal","Baja","Leve","Regular",7,1
"9862","Normal","Normal","Fuerte","Bueno",6,1
"9863","Normal","Normal","Fuerte","Regular",4,1
"9864","Normal","Baja","Fuerte","Bueno",7,0
"9865","Normal","Baja","Fuerte","Bueno",4,0
"9866","Normal","Normal","Leve","Bueno",6,0
"9867","Baja","Normal","Fuerte","Malo",6,1
"9868","Baja","Alta","Fuerte","Regular",3,1
"9869","Normal","Normal","Leve","Regular",7,1
"9870","Normal","Baja","Fuerte","Bueno",6,0
"9871","Normal","Normal","Fuerte","Regular",4,1
"9872","Normal","Baja","Fuerte","Malo",4,1
"9873","Normal","Baja","Leve","Malo",2,1
"9874","Normal","Baja","Fuerte","Malo",3,1
"9875","Normal","Alta","Leve","Regular",3,1
"9876","Alta","Alta","Fuerte","Bueno",1,1
"9877","Normal","Normal","Fuerte","Bueno",3,0
"9878","Baja","Alta","Leve","Malo",3,0
"9879","Alta","Alta","Fuerte","Bueno",3,1
"9880","Baja","Baja","Leve","Regular",5,0
"9881","Baja","Alta","Leve","Regular",1,0
"9882","Normal","Normal","Fuerte","Malo",5,0
"9883","Normal","Normal","Leve","Malo",9,1
"9884","Normal","Normal","Fuerte","Regular",5,1
"9885","Normal","Baja","Fuerte","Bueno",1,1
"9886","Baja","Normal","Leve","Bueno",6,0
"9887","Normal","Normal","Fuerte","Regular",6,0
"9888","Normal","Normal","Fuerte","Regular",8,1
"9889","Baja","Alta","Fuerte","Malo",2,1
"9890","Normal","Normal","Fuerte","Bueno",10,0
"9891","Normal","Normal","Fuerte","Malo",4,0
"9892","Normal","Normal","Leve","Bueno",6,1
"9893","Normal","Alta","Fuerte","Bueno",2,0
"9894","Normal","Normal","Fuerte","Bueno",6,1
"9895","Baja","Baja","Fuerte","Malo",2,1
"9896","Normal","Baja","Leve","Regular",6,0
"9897","Alta","Normal","Leve","Regular",2,0
"9898","Normal","Baja","Fuerte","Regular",4,1
"9899","Normal","Normal","Leve","Malo",3,1
"9900","Baja","Alta","Leve","Bueno",5,0
"9901","Normal","Alta","Fuerte","Regular",9,1
"9902","Normal","Baja","Leve","Regular",3,1
"9903","Normal","Baja","Fuerte","Malo",6,0
"9904","Alta","Baja","Leve","Regular",6,1
"9905","Normal","Baja","Fuerte","Malo",7,1
"9906","Normal","Alta","Fuerte","Regular",2,1
"9907","Baja","Alta","Fuerte","Regular",4,1
"9908","Normal","Normal","Leve","Malo",6,1
"9909","Normal","Normal","Leve","Regular",2,0
"9910","Normal","Baja","Leve","Regular",3,1
"9911","Normal","Normal","Leve","Bueno",8,1
"9912","Normal","Baja","Fuerte","Regular",3,0
"9913","Normal","Baja","Leve","Malo",3,1
"9914","Normal","Normal","Fuerte","Malo",5,1
"9915","Normal","Normal","Fuerte","Malo",1,1
"9916","Normal","Normal","Fuerte","Regular",6,1
"9917","Baja","Alta","Fuerte","Malo",2,1
"9918","Normal","Normal","Leve","Bueno",5,1
"9919","Baja","Alta","Fuerte","Bueno",3,1
"9920","Normal","Baja","Leve","Regular",4,0
"9921","Baja","Alta","Leve","Malo",4,1
"9922","Normal","Normal","Leve","Regular",2,0
"9923","Normal","Normal","Fuerte","Bueno",3,1
"9924","Baja","Alta","Fuerte","Regular",2,1
"9925","Normal","Normal","Fuerte","Bueno",3,0
"9926","Normal","Baja","Leve","Bueno",6,0
"9927","Normal","Normal","Fuerte","Malo",2,0
"9928","Alta","Normal","Fuerte","Regular",3,0
"9929","Normal","Baja","Leve","Bueno",5,1
"9930","Normal","Normal","Fuerte","Regular",3,1
"9931","Normal","Normal","Fuerte","Bueno",5,1
"9932","Normal","Normal","Leve","Malo",2,1
"9933","Normal","Normal","Fuerte","Regular",2,0
"9934","Normal","Normal","Fuerte","Bueno",4,1
"9935","Alta","Normal","Fuerte","Bueno",4,1
"9936","Normal","Normal","Leve","Regular",4,1
"9937","Normal","Normal","Leve","Bueno",3,1
"9938","Normal","Normal","Leve","Bueno",3,1
"9939","Baja","Alta","Fuerte","Malo",4,0
"9940","Alta","Normal","Leve","Malo",5,1
"9941","Baja","Alta","Leve","Bueno",9,0
"9942","Baja","Alta","Fuerte","Malo",3,0
"9943","Alta","Baja","Leve","Malo",3,1
"9944","Normal","Alta","Fuerte","Bueno",6,1
"9945","Normal","Normal","Leve","Bueno",4,0
"9946","Baja","Alta","Leve","Regular",4,0
"9947","Normal","Baja","Leve","Malo",3,0
"9948","Normal","Alta","Fuerte","Regular",2,1
"9949","Normal","Normal","Leve","Malo",3,1
"9950","Normal","Alta","Fuerte","Bueno",2,1
"9951","Normal","Alta","Leve","Malo",3,1
"9952","Normal","Baja","Fuerte","Bueno",1,0
"9953","Normal","Baja","Leve","Regular",1,1
"9954","Baja","Alta","Fuerte","Malo",4,0
"9955","Normal","Alta","Leve","Bueno",2,1
"9956","Alta","Alta","Fuerte","Regular",3,0
"9957","Baja","Baja","Fuerte","Malo",2,1
"9958","Baja","Alta","Fuerte","Malo",3,1
"9959","Normal","Alta","Fuerte","Regular",7,1
"9960","Normal","Normal","Fuerte","Bueno",7,0
"9961","Normal","Normal","Leve","Regular",2,1
"9962","Normal","Normal","Leve","Bueno",3,1
"9963","Baja","Alta","Leve","Bueno",3,0
"9964","Normal","Alta","Leve","Bueno",8,1
"9965","Normal","Baja","Leve","Bueno",6,0
"9966","Normal","Normal","Leve","Regular",5,1
"9967","Alta","Normal","Fuerte","Regular",3,1
"9968","Baja","Alta","Leve","Bueno",5,0
"9969","Normal","Normal","Fuerte","Malo",6,1
"9970","Normal","Normal","Fuerte","Regular",3,0
"9971","Normal","Normal","Leve","Bueno",5,1
"9972","Normal","Normal","Leve","Malo",2,0
"9973","Normal","Normal","Fuerte","Regular",5,1
"9974","Normal","Alta","Leve","Malo",2,1
"9975","Normal","Baja","Fuerte","Regular",4,1
"9976","Normal","Normal","Fuerte","Bueno",8,1
"9977","Normal","Normal","Leve","Regular",4,1
"9978","Normal","Normal","Leve","Malo",7,1
"9979","Normal","Normal","Leve","Bueno",3,1
"9980","Alta","Alta","Fuerte","Regular",3,1
"9981","Baja","Alta","Leve","Regular",5,1
"9982","Normal","Normal","Leve","Malo",7,0
"9983","Normal","Baja","Leve","Malo",8,0
"9984","Normal","Normal","Leve","Malo",3,0
"9985","Baja","Alta","Fuerte","Bueno",5,0
"9986","Normal","Normal","Leve","Regular",3,1
"9987","Baja","Alta","Fuerte","Regular",3,1
"9988","Normal","Baja","Leve","Bueno",2,1
"9989","Normal","Alta","Leve","Malo",9,1
"9990","Normal","Alta","Fuerte","Regular",2,1
"9991","Normal","Baja","Fuerte","Bueno",3,0
"9992","Normal","Normal","Leve","Regular",4,0
"9993","Normal","Normal","Fuerte","Malo",7,1
"9994","Normal","Baja","Fuerte","Bueno",6,0
"9995","Alta","Alta","Fuerte","Regular",3,1
"9996","Normal","Normal","Leve","Bueno",3,0
"9997","Normal","Alta","Leve","Regular",3,0
"9998","Normal","Alta","Leve","Regular",5,0
"9999","Baja","Normal","Fuerte","Regular",2,1
"10000","Normal","Alta","Fuerte","Regular",3,1
