"X1","X2","X3","Y"
4.45568622973692,1.56139178655856,5.16670943068167,0
4.79711609157461,3.00849441793417,6.34523290986814,0
3.2123422772545,6.85471256863232,6.706505141445,0
2.82148753491377,2.85349442378618,3.55287182929976,0
3.68850422592654,0.403363316468667,5.19777811552828,0
2.42192911866052,3.42075311164422,6.2523130391766,0
5.04984178672797,5.03939559078603,5.29276280200561,0
5.07572858229645,5.55438792955317,8.54862738830676,0
1.97291188891112,3.08215615937793,3.68870930793721,0
9.69330958902235,6.58828829133551,8.46616627715351,0
5.1872889272866,4.8884311258114,6.7902030928874,0
5.58022885809453,5.37005513483781,6.96893569868253,0
4.29604053775207,5.90702686516691,7.98631110836258,0
4.65136376604397,5.62805041890212,7.54103246341055,0
4.72227364628448,4.38234503993551,4.60023206348497,0
4.02352445852169,5.22583902933186,6.16626529891205,0
4.76687730723487,3.45965014107605,2.6130862472427,0
7.15927722988264,5.53827811038682,10.2084841614374,0
3.96129504160145,5.03241269661039,4.06295721691444,0
5.60595048562002,4.5803073206871,2.59745398817293,0
1.96313091006147,1.6151415738133,1.40031265089562,0
8.39618293657155,4.93864315140088,3.39417959984809,0
4.92221870563967,4.85823189133712,4.50250859800358,0
3.02667759933684,2.18590083284852,2.78559489385871,0
4.97324017038245,4.65246212548262,8.73945927815689,0
6.97925920585118,5.46290238107262,4.84685176016856,0
4.09194853234061,5.9192524824962,4.60192957145926,0
5.40191004238872,5.81829655296435,4.00945885724325,0
2.97764868194832,2.93176897679259,1.87466687014999,0
5.18752724062537,6.17869774949531,4.44871847997751,0
2.96258494584777,3.50171104454321,3.65604634576011,0
7.41013922636644,4.07726316846458,2.29832086395979,0
3.12825192248032,2.90702930973358,7.93835602550608,0
5.33459344171139,6.7880172975815,8.55130606714884,0
9.232893279877,5.28436584699376,6.01400243798866,0
6.25339856045446,3.53010562357207,1.58602060215205,0
3.85440079850365,4.67184460814899,6.64322271399614,0
4.8534733073818,3.93792652276935,5.76010511315298,0
2.57642804326262,0.767671722010131,4.71846419758921,0
6.4638110573958,5.79384369901131,5.83996096481074,0
3.36218343624266,3.2461577128557,7.8085963620958,0
7.52248987687771,4.04309280205968,6.44581597981672,0
4.00669688223571,5.065002326056,3.65985021758013,0
2.54903348730761,1.56456222506554,4.13002783784287,0
3.12797683634387,4.65871507756089,4.68519812293326,0
5.24084478772969,3.17687185745596,6.44730581192724,0
4.26346439374364,4.42111128766552,5.16965176359499,0
5.03447480002642,1.48651977542254,2.05867236923862,0
7.58201117425582,4.9491203610159,-1.5212899067336,0
6.18380507281413,5.13273847056962,6.03820964581442,0
5.85704246881093,3.70872318427043,2.45119699893082,0
8.99586521195384,7.36166433706731,5.05301437492075,0
4.79166256178739,6.69369148172719,9.75074400315713,0
4.62218293034158,2.67849852553827,4.46032788831996,0
3.79414530712428,6.12802471350249,9.45385167773698,0
6.66347442108646,5.23515451231807,5.6448372023104,0
6.02780584291201,5.87904473975481,11.2744142845774,0
2.98938963766666,3.26624500873536,3.94306960659757,0
4.78342637162353,2.35275111564682,6.29856961422615,0
5.0926594813651,3.17920750169991,3.62363644332522,0
7.44348195309168,7.15561891837975,7.1251279103323,0
6.84137520195142,3.0231183648861,4.1610104182124,0
7.84066198878728,5.26541637418303,3.77433982808843,0
6.94394271256061,5.05994915045805,5.624296200517,0
6.27844978816312,3.1690566685819,5.06385731447904,0
2.47282375327887,4.14929040370395,1.57430134604802,0
3.78551113669484,4.31314317304201,1.38926503150791,0
6.00849944391937,4.66410432014452,5.04887585780557,0
3.82215532777844,6.71683703675606,6.90086398469921,0
6.57593131856274,3.6213306270602,7.83506090700281,0
5.26616503571069,3.85830797081272,4.63879407176925,0
4.52453267903895,5.52082206902602,6.63784750973384,0
7.07305387379282,6.78741300860349,9.19723568455935,0
5.99269533546647,5.72086552999616,6.47037538333511,0
6.00507756260434,5.41894219257789,5.68763208317457,0
2.47573059658222,1.94763504985206,4.74424449468783,0
7.16998216802294,6.16821181757364,6.74816523435691,0
1.16790558521691,2.87610628888628,3.34880763810451,0
8.73824500535029,4.1187024580396,4.82775173837206,0
6.89979933680688,5.7278207998946,7.42501692004732,0
7.01898758111421,5.09894779720648,4.7248655520164,0
6.66407961298183,3.65249167998934,4.3788016052994,0
5.79894148349387,6.81599467066568,6.62411789712989,0
7.82006004459229,6.24212177676627,6.54148027632709,0
6.6325426148093,4.40075732898358,3.93253341351827,0
3.00907721182925,1.07666023723415,2.61780458799657,0
3.13026838068595,3.03177676331394,3.2581481123798,0
5.69888958757256,6.42011934863904,3.6250753983402,0
4.54469468381174,2.80430795646744,0.376120113944249,0
4.20720845896835,3.03973912895153,0.740564851863625,0
3.31260628904344,3.74128574861549,2.77748422603543,0
4.71367177475148,3.2472278052555,8.99807686805971,0
5.46061414204317,4.38496815722758,8.99936472443419,0
6.55340812780655,4.35187119480317,7.53519660698451,0
2.84089581657759,6.25888479252115,5.28751497934404,0
7.80216157731023,6.90263250114245,5.97425201967385,0
8.85690947168501,6.54722278383226,7.90693734710835,0
3.44923860119306,-1.06872114326051,0.789617502160187,0
6.50236202189282,2.46955305482962,3.98493889788514,0
6.46313146328037,6.60440141845324,9.44878257259385,0
7.63735537392031,4.11741698553086,4.24403386884385,0
5.81465840113024,4.73703748067739,5.83888832050085,0
5.89055387767357,5.4637445062439,4.09953520969318,0
7.29352382802574,3.72644840419357,2.77783219773769,0
6.96208992100261,5.00674206630153,4.82250095100816,0
6.51158722021966,4.96945835339747,1.92784695933238,0
4.16553747034563,2.33926463314992,6.63722684339119,0
2.113759926527,2.28839631108282,4.16600391696905,0
4.55058929227551,4.80312210074062,6.42309551406725,0
3.76860412086488,5.19139091519744,8.11160727941783,0
2.33284405814061,5.48831638376567,9.18376631185973,0
6.79565922212072,6.64959265637181,7.25566846417566,0
6.51113461190196,5.21139327585261,2.90320146814755,0
4.21021873153685,2.34976408195642,0.789896832638059,0
6.72856496271171,5.09697299809112,5.96390277511373,0
6.0996425668201,4.0024011565115,6.71383734401408,0
6.17312614766339,3.54076151742435,0.528214680264517,0
2.00923958921875,3.58384274186,8.85086735318635,0
4.85684140712307,4.56067002414911,7.97788795733963,0
2.26401446852767,3.48568571691338,5.86288078229465,0
6.39272735373861,3.89257022158301,6.23912923210661,0
4.86778793985751,4.16725554775058,7.65586586120547,0
5.92901684361354,5.19123432338567,5.21053679604982,0
4.98289222977945,7.60402693043448,5.6014514880109,0
4.41341006922563,2.86713292677101,7.62297668230945,0
2.29338729121614,1.79005997851577,6.87289101771204,0
4.23273825085894,6.83006376534485,8.27826983093934,0
3.95129015919465,4.62470385961626,0.212618566344184,0
3.30169409041383,3.56684868604858,6.57883584165238,0
5.5548087709774,4.95595042321268,4.76007858520145,0
3.45495574014362,4.16658024142463,4.46796223073068,0
5.62514841414289,2.2352249583884,6.53370230208193,0
3.39907050759843,1.58404153414887,-1.10029805387235,0
5.62946827412323,3.98819678483001,4.08674324721722,0
2.59368830201982,4.41364108406734,5.51014655682101,0
1.95962739655346,4.40812479100275,2.76628568573589,0
6.25473423781036,3.01029860704897,5.91768449159001,0
8.71763104325578,8.15959809796098,3.91166761338657,0
5.32340270420683,5.88130349917042,3.79610946326136,0
4.95860615393529,3.63533005150879,6.77056098943988,0
5.31120794928918,4.53250342481109,4.3610869098356,0
5.44048449095012,4.95436217845532,5.08369563111727,0
4.87007138165154,4.84598298200136,5.19958971399926,0
6.76875171374821,5.87340943673677,3.01575075135499,0
3.14466308795874,4.67469738799416,4.54629247240779,0
5.95068002903465,8.11602783261527,8.88987365393077,0
5.42804245537551,3.12176063718691,4.50053631441214,0
6.90576815629873,4.15306246489954,8.0755364893129,0
5.91035954347245,3.8829054767637,4.35321599120212,0
5.75790856558138,6.38234967248744,7.7063696847012,0
6.39477102469105,3.74026873791302,4.63709368990794,0
6.80398147179917,3.38486784196685,3.69421566316832,0
7.6458284307711,6.84512086490248,5.17730388552334,0
3.75972886659608,3.19356465036255,3.03322863192713,0
3.19254462759961,2.22131426317187,1.87837912672079,0
7.79750156095772,6.50238174765828,9.16128431831417,0
2.90940609147458,2.18054171456744,6.35315125030179,0
3.15352955797248,5.90052787934338,7.31438267688492,0
3.31870936734978,6.48200000721164,5.36019656053245,0
5.38053871005338,2.82197779803361,4.03415249373525,0
3.19603821564634,2.78766657675993,9.5247600315683,0
5.82219832177546,2.52418703761127,1.9042652161865,0
5.16704477930336,4.19858401520714,6.21540692090066,0
3.35035921895934,3.08739628440605,3.58842343318223,0
9.25315219913829,7.68627484346918,5.89764998200407,0
8.35920730087995,6.13910317237077,-0.693800836850755,0
7.38244283641441,4.41672593056217,3.87681172199052,0
6.67203933769581,5.80772381534569,5.30736543376637,0
6.30604526969507,6.05836498290626,5.87779722524839,0
3.74980046627877,3.5777174981722,3.36557720701189,0
4.77236934856075,4.58766223119858,6.97709354069254,0
4.39826825779836,2.91620811305024,6.9908868096105,0
3.28145461163759,4.90262050104292,7.15446677682718,0
7.33848824766085,7.01563777405263,6.3976607087985,0
4.58217610713886,1.86194951723097,6.84528958430864,0
3.76603463287606,0.949272895609861,3.26292525260378,0
5.87817479738758,5.78279263952733,9.49119534900794,0
2.42854810580138,2.12260502933739,4.63296198011446,0
4.57356426885291,3.70527512268367,6.36996077551087,0
4.7702558075489,4.36706905347438,6.0494409995523,0
6.71272562158622,6.04531882241241,4.09629934752509,0
4.00696620826492,2.01563557507852,3.91673899006332,0
7.37363661600565,4.80357168931674,-0.395238157341705,0
6.51640263141525,5.18940197077919,7.04195509261765,0
9.75831543731202,6.32555687372415,4.21703203253571,0
10.2204923102782,6.19278302115378,10.056630111517,0
7.09856007379774,6.38795811259427,4.09871769894835,0
2.1617339593045,1.93636936407196,5.01832848333467,0
3.32327148157489,2.98651111502859,3.42141008547044,0
2.34299600017685,3.46779750085473,7.21229510593734,0
7.55021731209507,6.22887990437571,7.90627971874114,0
6.00333982462862,1.77724685296586,5.95697140298838,0
3.76293438844553,4.31584945133909,6.96547598179927,0
4.34164739149285,4.69145251902636,7.7344190792285,0
5.55905378219365,4.32278041541385,6.91888526294893,0
5.37687848091481,2.87813781196078,1.38963695437683,0
3.69908599053065,3.48303530624999,6.49115091075663,0
3.41126098856965,3.97983759818949,5.90685499630531,0
-0.0903296497286679,-0.440926910185426,1.37013707713944,0
3.33378400670716,2.78520846638661,3.76102595615685,0
1.24788656148513,-0.796912919956247,4.2416074479683,0
3.68432092969418,3.23961576122256,3.98537932560746,0
6.65658304893268,4.71024193708569,3.609924008264,0
7.08061328814481,5.69716586892757,7.12370692375045,0
7.2818070282666,6.20556975336442,8.58538385828777,0
6.09406990144042,2.19792730204836,3.97733560218579,0
6.04866863425193,5.23655333445655,4.21510032386106,0
5.30999087182227,3.25118961842744,7.9507449787323,0
3.74477337139847,2.84749039281485,1.77574356864858,0
4.44060755561054,1.86752903521813,1.61112136820864,0
9.11174005754655,5.16622704320812,3.89134352475138,0
3.5461112817878,1.6901323483843,-0.54311447449362,0
9.10631697620956,4.96914959598926,5.19881886233708,0
5.07300895412623,4.23404352753443,8.32312748050229,0
6.98632556544193,5.35106470667513,4.75753772956211,0
4.63970961458264,3.05633823723816,5.23179784274119,0
6.77568641596409,5.96638669311347,5.30559719442066,0
3.48710724307597,3.84067642120469,0.679920526089886,0
7.44628494631645,4.41557221557998,5.29992197631403,0
2.43637522072466,1.21219921197665,0.19745255950764,0
6.69010287841393,5.84542457507283,7.93849103296559,0
8.57488785266793,5.68607227473426,5.12555689534125,0
4.75107924865742,1.08062180659308,2.31690754506886,0
4.76988141426731,1.35054255922377,2.92112826980003,0
3.37005341410102,3.9124663457506,5.51395936793717,0
4.91642994683451,5.22074121999892,4.08084211503357,0
5.72672515390911,6.43510500069734,4.61695194751414,0
3.96993441610697,2.3072198240307,1.68850998677208,0
7.06542520939501,6.26797352300976,10.6268224077162,0
7.48587513464443,3.11939403619496,5.77776024268261,0
5.36830050125394,6.07864599997941,3.72675510400497,0
8.03382251769859,8.62518918839474,8.39766435938206,0
4.56859751156619,3.47147251117539,2.47472096644631,0
3.49266028948785,-0.1161488239441,-0.452423514680873,0
1.56729425807068,2.9339142022488,5.42665566060006,0
5.03978415802611,3.5287479896072,5.7804742552044,0
4.94945985138235,5.45098630263323,4.3715350196895,0
5.22143926621504,5.62123670637073,11.2922322742843,0
5.67931785339739,4.60724228328455,5.34480403019952,0
3.49070634321939,2.461685919585,0.69102265024617,0
9.21023046569052,5.11940280265432,5.73781019399615,0
4.39522931307975,3.03909525857945,11.1120598476479,0
7.532390563532,4.38466066866413,3.80163924468745,0
4.17568831233921,3.78134007773021,5.34205014671106,0
7.70868860988278,3.9726103063894,3.27834059604305,0
5.55052063901221,5.91852988255929,6.61706778989456,0
6.13813653605904,3.92654103566271,8.46213592299778,0
6.030881964895,3.76111527821749,5.6425990298029,0
4.90520469199004,4.65775514283244,6.16137221781923,0
6.77541333773788,5.00994491285746,8.14598869825669,0
4.2372188040525,4.50802909336565,6.85060863942541,0
5.6131714280314,5.24771890902091,6.6231909692275,0
5.01872810247077,4.8199456145361,8.4880541141637,0
3.89489306905467,3.30923280044821,4.78350113050651,0
3.42221517757118,2.79876638910513,5.65047238598707,0
4.46849003896186,2.9832806117211,3.69443938640923,0
0.836454144196717,2.70121429301285,2.51094815481519,0
-2.12996356596361,0.453917506895613,5.27708715310488,0
4.16414913691184,2.07761865951818,3.06143269798356,0
5.60222149695155,2.57258118769131,3.1215052180457,0
3.53213305370428,3.96072489287222,6.81927813766129,0
5.01194242871971,2.76046996210934,6.64634108814343,0
4.54802391754201,2.36487168379435,4.758284843866,0
2.49803539049744,3.02840189135246,3.78383012058905,0
4.22413520740675,2.95619840168851,5.00561295502418,0
4.93313497424607,2.94037142940759,3.6147617635185,0
5.19698634777296,5.74994627458427,11.6879266954916,0
9.13097714748299,5.05391735133744,3.67244014847585,0
5.33682487432822,5.37534734377762,4.00693313869022,0
6.15998371914661,3.85925261774958,2.77686643207212,0
5.46017540172181,6.3888190082176,5.75562124418432,0
4.54463688499727,0.797072897519281,0.166332321441244,0
4.24140382661795,3.51307340355311,6.5676090541766,0
6.07137587491582,4.86170085424857,2.62986354474348,0
5.38052978381997,2.26285321742778,2.67292036609351,0
1.50180825628904,3.24650282946631,9.46225575862514,0
5.55871960374838,2.34859406588839,8.52536650906865,0
2.31702177822431,1.79975971063767,3.69311690102408,0
5.12374724481658,2.675505280722,2.11521914311928,0
4.47089117780409,3.25541262317803,3.642453169194,0
5.35337452728927,4.54168622952566,2.12881251648799,0
7.33059222832927,5.29423690619146,4.86675840488716,0
6.15876925069279,2.94032405786648,0.00854945257856432,0
4.82129154638634,1.75459904297048,3.14993621410948,0
6.6498923765153,4.61388121443457,4.7136059721863,0
5.26731577596924,2.52191555361986,5.13182343417112,0
5.79742062874071,3.7363981295493,2.97663913059935,0
8.47370529797285,5.83445939980574,3.38409829110296,0
1.93590654845494,1.19060801577817,6.53047690039666,0
3.73728211528426,2.19356822753075,3.8822121186987,0
1.88355823886722,0.751129630469159,3.93589457494764,0
6.05305134510234,5.44256743680761,3.72192080932477,0
5.97578502605277,3.98673717879638,0.795238629748134,0
4.70540111991882,5.03533423150089,9.29022078798713,0
5.48945572975223,3.02105144530698,4.03056067970328,0
1.86374030529927,1.74769921593526,2.53355386781404,0
3.54908921878099,1.77741255928571,2.73268704965373,0
4.14391627136961,4.461510669119,3.89072414182329,0
3.42659958936769,3.30686972100902,7.77554283389183,0
3.38990841311115,4.22604715545165,-1.3420537908863,0
6.04633489074983,4.89192220955011,5.88738333348804,0
4.35688657163812,2.67121216796791,8.06312243937705,0
6.12566112982136,3.09683849018123,5.24496134662617,0
0.418143990374145,1.26332424603633,4.70069914023572,0
7.64859862070069,4.30688562086006,3.79224125781168,0
3.44068582905675,4.32609465223377,7.3045630430872,0
6.67134916690307,3.76903124724366,3.81605545162211,0
6.57934340800543,7.37070021752991,7.03702531454642,0
7.62194253765219,3.70245412116528,7.73083535343897,0
4.58537761241594,4.4551385954673,4.82112483345039,0
4.95928793158622,5.11632210045015,6.904548717153,0
6.10026590545859,4.73496269174252,5.62987366532735,0
5.58269497981365,3.42344877771152,5.08149967762209,0
4.88474068418708,4.00046261995199,4.87669853353461,0
6.65154343891764,6.24030544278042,5.11883770496774,0
4.53947225858728,1.0103914437041,5.65914798769762,0
1.9103930487618,1.32272860120529,-0.410947895971493,0
8.85051422484034,3.16634228640346,4.02469941333736,0
6.63378302509535,4.63449871470272,5.06446398690426,0
3.83416569522996,5.23187545080349,5.02460760176948,0
5.80650588385436,4.50771001303254,2.94987355264183,0
5.06713219097547,4.83194910952245,7.1720453067354,0
7.93462393329988,5.02976604545861,6.55398054803308,0
3.52577401664549,3.56554270114392,4.33344663227886,0
3.21219816349885,7.79133386633157,9.87295203690523,0
3.04291896163054,1.78486582888879,4.54420088124418,0
7.93503899187415,5.55128292008016,7.79893440949132,0
4.67002835698225,4.96639219612358,6.03998730343388,0
2.64568545830293,2.78098615277133,0.928498037153812,0
0.242924546950761,0.751159601414925,6.3172531045658,0
8.03167312225221,4.39453432657905,6.08381787888444,0
3.451113643179,2.5366247255009,3.66869811930322,0
6.91067966845869,6.96931767605726,7.42044517106614,0
7.7736064092659,4.16175320496197,3.62281149521463,0
6.86951875342754,5.61455470979457,9.75205437399145,0
2.63990379179531,6.71197054796907,6.93684343308191,0
4.58125572825163,3.82147690024213,2.23422183970088,0
6.65326247729851,6.6557377901955,4.22081878230274,0
2.73169760721422,0.333729277167322,0.655180351014834,0
4.42517256092018,4.20141492130692,6.85345600706828,0
5.28955051565828,4.5425100450512,5.57945095125145,0
2.12278449000609,3.25696153934479,4.34469638926687,0
4.53224182680313,4.34819408569418,4.68468755848441,0
4.37508444637527,3.70794153415872,3.13839178339481,0
6.26768793397642,3.59926493138652,1.35523808871354,0
5.0679577143607,4.89878418129258,10.4659500573239,0
2.08447961897728,-0.252067497628499,1.66752067400761,0
5.41595292475366,3.54897411174541,2.95310772146625,0
5.19218417873072,2.84025670460727,7.9860253134183,0
4.38413488065523,0.495654750689859,1.56406675871242,0
5.95290594160351,5.07468869763659,7.52841176815823,0
4.80208045422787,5.35482561640806,6.28591844940559,0
2.40383570040419,0.514862575631187,4.72445734484577,0
1.15611509431108,1.07703053865269,4.75990606327862,0
5.32247627730618,3.1532012520213,6.38960324784586,0
6.98325535117288,4.92293519638178,3.95086005853457,0
2.31396354193428,5.07194101273429,6.7837696356056,0
5.48428956174511,5.22893789105303,8.32279971690625,0
5.16769869031036,4.27340345642444,2.66205418805383,0
4.57549516729941,1.63010050028087,2.41922434149019,0
6.68996923945601,3.19043004198462,4.00458359763834,0
4.93683271692745,1.2802688336545,4.405395120156,0
3.61992697049488,1.92787883314899,7.5542673322204,0
6.54300502340602,4.17414693200012,4.45494179089833,0
5.06520052187179,4.70308815275361,4.26092415703993,0
7.79828922795737,6.34084147084531,6.02871503078349,0
6.95128130464207,4.81397195559065,5.62054338061031,0
5.18747440399952,3.10659522633635,5.55896430710435,0
4.02482458414992,2.17875283233036,3.45229169067958,0
6.25250581536455,6.37615659933968,9.55835332667952,0
3.84549242635079,2.77874594083012,7.07867745736605,0
3.78417680532867,2.95568172458098,0.153572517417812,0
8.41593181465052,6.96917492643626,10.222236042593,0
4.12084172470178,4.6617080557007,6.78072608560815,0
6.25355754105525,3.5495547406622,8.59304803441045,0
2.53389027934434,2.97467169634107,3.89656298100139,0
5.96546009457392,6.1283963266863,4.09320818980939,0
6.86365757493008,5.69047139648401,4.62027716551216,0
3.20476769087812,2.83617974367219,4.35593413144935,0
5.88136135672055,3.87523770166938,2.26768357799178,0
5.23044487649499,4.16697608514487,9.29299603272324,0
8.14530111835939,7.20244383444553,9.4533894508524,0
9.37416641064959,4.53861586978932,3.76424064439953,0
2.66768973091817,2.31112635622813,5.56871811558413,0
1.62346585603516,1.93149138511834,7.15303844487194,0
4.99695061649402,2.2389091143039,3.44771407131846,0
5.18305375777923,2.80846609212961,2.09581009326119,0
3.09099468414633,1.56519808659833,3.50777015384501,0
7.99212951682866,4.50911958126542,9.07763866134396,0
4.96337396933282,2.32593061401601,3.4060069424211,0
5.19683854774656,4.35697102240962,3.96573966409359,0
2.48480450991269,0.795788064942742,4.78178754431041,0
4.70427137510458,5.31225255681963,6.31459747265529,0
10.7409426785883,8.38615608301303,7.4785779499574,0
7.44750605849321,6.28437122655818,7.14840039011571,0
3.57092864206899,5.25160720887434,5.81200288531881,0
5.62235849494452,3.95624207022076,2.86399102040154,0
5.86698653163121,2.61725663251138,2.08142731347907,0
3.93037217830725,1.71786443630156,4.11018772090156,0
5.94907596342248,5.15224673984157,0.100687528570071,0
2.11486916506813,2.47272169310657,5.02295012083994,0
7.47459195968829,6.44521828698377,7.61385879862349,0
5.02010879022565,4.01372480766795,8.82077984827312,0
6.2476649725757,4.55533771341464,3.51565823497921,0
-0.736797749940164,1.1056821192061,4.03449297545546,0
8.10806346822083,5.29998360186353,6.47917266353782,0
6.19671927992166,4.52355176057653,5.31268188696284,0
7.12873688217572,4.65733874929631,7.93804040150831,0
2.78208821815754,1.38375698927628,2.40647369747067,0
4.95085794670634,3.05095213420834,-0.798496107904684,0
4.23982456743138,2.70354804685644,5.22039453750603,0
5.28107202785783,4.36863507998287,2.72404886538605,0
4.7718580767184,3.43699201919528,1.71533894184522,0
5.16865374022646,3.17341300032447,5.68478999574468,0
2.04024393611335,3.29625845745392,4.88500229343438,0
5.39178772869964,3.09195141512907,3.53902149001749,0
4.5887212414242,3.8763975576656,4.25228407310856,0
5.66017062725842,4.10025557033549,5.38893669497247,0
3.49188933496574,2.91263247769867,9.70454686604632,0
0.340895055398657,3.55881653734569,7.43823941862552,0
6.62919756401922,5.58482465991013,4.79191347688237,0
3.69939947424593,0.677071508687935,5.27081919411338,0
4.21589833708593,4.37466742154705,7.71993897008104,0
6.75540834473415,5.39289922506296,6.30477086696263,0
5.22551071553366,5.23351437695164,4.64276776042959,0
4.94237842673499,5.19467869059994,6.8351881532192,0
7.8992135410153,6.3565168471045,4.69978317626184,0
9.06807484925135,5.42373606258016,5.21595839892193,0
2.9722303502126,1.97826291853633,7.80097320752144,0
9.0423243275626,9.06039305668259,6.34320805664065,0
4.66526754122454,5.24735724093865,6.28687905497302,0
6.19830106307145,4.71943612977054,4.64872560718289,0
6.81296749411716,6.19205753444687,8.45999959097533,0
2.8714690473903,0.573842826290395,2.59033332612725,0
7.40971852465079,4.57404614723828,7.74530631566315,0
6.21175871697365,3.37497096384399,6.25697937609374,0
6.10177164370423,4.08628605368976,6.82133635048172,0
6.504540159346,4.84878983574005,3.96220448335228,0
5.62036889876254,4.56072117147591,6.39876900384698,0
6.10243882506114,4.54553063243956,4.09849674154197,0
5.19166593548876,2.82289697616167,7.18428793870991,0
6.67631427223531,3.71793223845334,5.24356422373581,0
5.71892392515713,4.09218168425319,6.64405078490525,0
7.6268272236263,5.98984374865833,5.59559552688897,0
2.69917505014173,5.85940269604769,5.57010896992818,0
6.54933123806593,2.70793724625869,0.251063376018882,0
7.5606975032648,4.62804070284923,7.7509673052485,0
7.48824666451408,4.67998671576289,8.8309226852944,0
3.93323288831124,4.64469066785156,4.72402363030992,0
3.87918933963711,3.55829446052677,7.76891207776097,0
4.71185491065033,4.13736506532721,6.14662574468707,0
3.53737968126484,5.19570962708498,6.52613463790766,0
2.38464621016775,3.0577317873582,8.3591989527241,0
2.85042170144458,1.28511851470302,3.62174963720748,0
2.24724943336003,3.54766304555792,5.6425035690594,0
9.06664767748638,8.94191963848087,3.89688326713876,0
5.10430385504509,4.35948031412846,1.79517539140623,0
4.47609842252175,3.85996118786646,4.66969192753363,0
6.82880939682987,6.2807985022942,8.8266343828385,0
5.52868586535383,2.63967487231391,0.34773094915676,0
4.60766188633266,5.14213365728661,6.24089290919445,0
4.65259226154017,4.85801371039865,6.74785605135566,0
2.31970344927965,1.41367280612629,3.99723975182111,0
8.17978440201685,4.56029359217485,8.5857640129905,0
2.04487172217265,5.51426934590108,4.22480566225148,0
7.9870245576604,4.71072742814348,7.38382778722383,0
3.88798100780812,6.00398689252192,7.186446751355,0
8.33609728254961,5.713831080701,10.3554461696047,0
8.24865455069918,6.82893486207792,7.87272348996718,0
3.20064241977551,3.84525395072558,7.18643917733839,0
8.53985891978407,6.12580515955845,5.72695791811144,0
6.49194339188181,4.84943221443475,6.70031854376116,0
2.44024966634729,4.03785626716739,3.35091118061783,0
2.63090398246798,3.14577228276,5.12109463976479,0
5.67813203519019,4.85533630213592,5.91881823452188,0
1.61227732438476,2.60709701334783,6.87620128617163,0
7.28581517736507,5.45799183879161,2.51210109305485,0
2.68637195095085,5.15556119604688,8.06129946637322,0
2.49229729163984,3.42751530129235,6.54594924925149,0
5.51959977862035,5.03952398514653,4.78578954950356,0
4.7963490640371,2.46183512315522,4.30386441637306,0
6.42173712430261,3.11436652484577,5.13923579421938,0
4.66853028089646,5.38697741691204,8.82579585518118,0
3.30872915062677,1.79400880360981,2.46653435394529,0
4.9727502029253,4.00445076227395,8.61034808055645,0
2.04646022908337,3.47720833724361,2.10249130450771,0
7.62294171440234,0.985820849639125,2.37888268239161,0
1.89083752861357,4.45878482265379,3.12833456210274,0
5.57626623073961,4.7561479514691,7.36248668738775,0
1.76145101556717,3.63185743570288,3.18161426240577,0
2.88110462628274,1.60877464571238,2.45617237749241,0
0.530052074863169,0.752001205054648,0.387590800194797,0
4.96734553386013,4.33262497593257,7.42051876253544,0
3.95508479310932,3.03092392387666,1.7071464674729,0
5.10623079363037,7.44871496770276,9.03308734083519,0
5.46775461273986,3.74530021736529,7.04409913149111,0
5.82694022123749,4.82412070638504,5.89359326166036,0
5.71668410056121,4.5147818950218,7.49533868004298,0
5.2015353197477,5.93320193705323,8.59679438543435,0
4.65792490770382,3.21563103297019,2.16086446376182,0
4.73227360929698,4.63366239405671,7.1663395053876,0
3.68552821783839,1.94203480950546,2.36955197533698,0
3.17103572491812,4.1049959653162,5.08889295155787,0
3.98071068814316,5.86819111397056,6.65067911385567,0
6.60108273544525,4.18201880144551,6.50379011679602,0
5.66889448352578,2.8566421612224,2.37549670191943,0
4.8008750626162,3.40689519474346,5.09268103592959,0
1.28307018228519,3.27221721631454,4.54670285474985,0
0.478138250700988,0.829835279611053,-1.47379506388406,0
7.29882679919145,4.66257093816934,7.99459680397244,0
7.20059560307439,5.48576667507348,5.27987857442935,0
8.51334471030034,4.65271811490677,1.73632394935632,0
7.2699210940397,4.99291564343574,0.680801979631456,0
5.57241223153714,2.10278995395899,4.10289113972835,0
3.82169201399338,1.6598898133484,3.90403583869747,0
6.90723820018053,6.37020681947612,5.22183665446662,0
8.58211428571423,3.50239586709914,5.49070688599254,0
6.34337885793751,2.82506941635741,3.41358086923202,0
5.66129352172701,5.61497766428112,6.1837854698186,0
6.30672122801941,2.32552273708589,4.47751676645884,0
8.79692982916373,7.36162839130199,7.7247495533642,0
6.14815347438179,3.79360627076805,3.04384475029554,0
1.13912558254027,2.38594570603895,8.23987834981293,0
5.5977276793397,5.82713019742622,3.64772852748345,0
2.64328350534082,3.06585671375633,2.48921081767144,0
4.69456232934415,5.03570639600597,10.5257631525807,0
3.08874684395837,3.51752973105951,2.45296154878051,0
5.51989763893908,6.01533991156611,6.65675506546776,0
8.18286383174661,3.61648689133064,-1.75752252134764,0
4.95157643089078,2.42350817736081,0.206295754983341,0
7.63712200500253,4.27134935569089,8.48159314510134,0
4.51815673340026,3.39203153847029,3.08277513602132,0
8.775514685602,6.98764923080652,10.3446921671876,0
4.89095272557368,4.70583394164556,4.99417585817326,0
6.26150921324677,4.77838443160257,6.03778346942671,0
2.86041297332642,3.69912609421782,4.84598750845501,0
1.69448270562672,0.968122484613052,5.41115524865952,0
3.44880910183252,4.91714197451549,5.74500303996413,0
4.2533100499023,1.02293190853201,-0.603645977327901,0
4.19455213781405,3.01935837446956,3.35157810417477,0
2.82430860544114,2.32732755955652,6.48682548669899,0
5.29504538974988,6.87260560429186,5.86611554761924,0
4.68368892780379,3.20931694307022,5.81636109780811,0
6.47902527164602,4.74750507215333,4.25879465284888,0
3.663795050957,1.42308500909909,7.16733229244225,0
8.74713349009064,4.20705344631463,10.2562507056011,0
4.48033378118387,6.78304419358772,9.45226655433233,0
6.12591124949689,5.24038210202676,7.74238222219981,0
4.52420993043485,6.8962527486515,7.82427584147514,0
1.93336465524867,3.82766868952277,7.38616062846852,0
4.41217677509948,2.39798562758132,4.09571892933786,0
4.89149682295401,3.14618254491211,6.08947459135214,0
4.47501144321499,1.92918243353601,-0.310537141163802,0
4.86239569592836,3.40355430743248,7.31847460090551,0
7.04291226375309,5.97784802044139,6.32412162837334,0
6.931427719834,4.95183588603762,3.99853415432636,0
1.26833222975982,2.60293948353971,4.46477697123401,0
3.92238860423353,4.95421049524556,6.16101218659645,0
2.14530145624967,1.73486019039997,5.82482798727274,0
7.88092847686655,3.38014037317505,4.3751355099107,0
2.26579409471566,3.71376123220234,3.74245428235471,0
1.35071610654455,3.07696456338619,4.35278388149589,0
4.3423663491226,4.06028672612221,5.81765392798132,0
1.27648305935206,2.82018181930554,3.41601793083345,0
0.896125485857191,0.66079026090614,1.86281588085698,0
2.91221455672141,1.74129633879064,3.96684831601856,0
3.81317952963108,4.20953779531991,2.60109523648309,0
8.17880798903601,7.11406309525592,6.52821942593544,0
-1.640450050039,0.160222553428275,4.60242572971648,0
2.70373427511539,5.52908962469958,2.78697737197317,0
3.28538852523781,4.030642765256,5.89126036285379,0
6.91950437081645,6.25510657495015,5.59069910940025,0
2.71531443601941,3.20707673714546,3.30290457283949,0
4.64382565319309,0.778813437495331,3.99648308265824,0
6.80089511868406,6.2784687165345,4.62968501847941,0
4.20341363731006,2.49549371730879,3.61663461331352,0
6.22919260287789,3.21886201642111,2.55995217328871,0
5.01487451275012,1.92940010173637,1.53241115775962,0
6.38584243444311,5.09709016761785,3.82073300234793,0
6.78255503756577,4.07653544237019,3.04506245868484,0
8.19258984486481,3.77980186078613,7.43181422665514,0
8.16031595463354,8.223673599896,8.24860561503753,0
6.36086906703586,7.14873749922433,8.45589864330844,0
0.765870375082945,4.15083708445469,4.94926737073331,0
2.48330915076813,2.69981131550503,2.47469689023783,0
6.35524634942079,3.04829028299125,2.30088891340146,0
5.40001729688546,3.48617859250274,7.30133313757726,0
5.34457827466764,3.50205255024399,3.75486543346171,0
3.88777811914497,3.5260257277983,6.34308400339117,0
4.77908614335751,2.2695562617623,5.77691386401966,0
6.60547052047927,4.80537077682877,5.37858034219291,0
6.28990160415999,2.87490321281723,2.16171359925425,0
6.64050683492293,4.55964233483824,2.26835828387279,0
3.88744689320766,4.62593165966684,6.74729720013845,0
2.09823755494382,2.4799598151957,3.30133746395395,0
6.88668599960291,8.65662617022286,4.83321370777538,0
5.0195710015951,5.15529185013122,6.80952623674258,0
5.02592204740878,2.86545374188252,4.32706790502096,0
4.25320358238199,2.50895145003765,2.94832700306758,0
5.83029143304453,3.9047776574045,6.70197489467503,0
9.65686829865046,6.82452574569444,4.76916023294029,0
4.07937563760051,1.90825865344017,0.173375132553503,0
3.58421270483302,3.02338399105873,6.82077145139094,0
5.67023906762663,4.51972800285478,9.51419101802287,0
1.93795340356992,2.1978587757628,9.32881375169488,0
6.38233688329236,2.41646888869676,-0.0224609539951679,0
6.88932865595934,6.0746430002344,2.42323354800826,0
6.79916628723137,1.81964327043609,6.33021597148905,0
7.35205439531368,7.44272755993626,8.70473602357894,0
3.3245040385901,5.31855819630403,6.18960462894489,0
4.6072389308736,2.96329701250319,1.31682799907835,0
5.44234575850744,6.47669892512934,7.26926170131541,0
5.16092405431528,4.82152323319302,7.91858509971881,0
5.10237841399323,4.01820100438038,1.66117369037251,0
1.955098387373,0.206012319699848,-0.0872755018045845,0
-0.35949502650235,0.306591857726731,2.12344602992811,0
2.50473718996723,3.13705311573614,2.4155176575686,0
6.25654034301785,5.3572115773591,5.70751959688093,0
8.83733393445328,4.42937499845761,8.4739755754756,0
7.79940690786238,5.92533915108069,6.12548096595633,0
4.03182198977366,3.21468052812439,4.99836181676322,0
6.20104667745923,3.01499668602768,3.03578570388348,0
5.3316185851209,3.57450059204616,6.51234897156613,0
3.18360009006913,2.99138009037733,6.47427556485635,0
1.87852734919945,0.592872179943592,-0.467121819246834,0
1.21028607642634,2.50275403965559,4.59655794054508,0
4.72443612965437,3.88360177735959,8.21148527006545,0
5.30499461105255,2.09732162059863,6.67389096784498,0
7.73988665047227,5.39083750536603,3.63377765013889,0
2.4031034733538,2.95121077511726,2.15637487494369,0
4.22837647504143,2.06456741852266,5.38851887094202,0
6.72234741293585,4.10762114213688,1.23124216796968,0
9.30746365266111,4.2131081265469,3.27743797173083,0
4.46158949343787,4.45330022781448,4.36082537142916,0
4.89742867389302,3.04175153932689,3.48935886333892,0
8.35200974281617,4.77775913455898,6.90117728973668,0
3.47604652590975,2.77330648002748,1.62283323285854,0
4.66737931819284,3.63706623494468,2.24688940957425,0
4.6436189996719,4.23234256345596,4.58353916995537,0
3.94392569632537,2.64459702282836,2.18881937477689,0
3.73617823184598,0.888739076192945,2.49244850146029,0
5.64857819219361,7.25851012904571,10.8952975509738,0
1.92981402271678,1.52207806404881,4.44886557256854,0
3.21187836806431,4.00725593691587,8.96470186480489,0
3.97360251041783,6.87430292355259,7.80680345009927,0
6.65733689713886,6.91785055598643,5.09071013055515,0
4.32349365364093,5.26749988320929,7.61232543003146,0
5.27141496038158,2.15581335845365,1.75264537714712,0
4.44402691041891,3.96353491746131,4.38429605913808,0
3.6668096644195,4.61277963204984,8.22663183019665,0
5.7271729085511,3.78568956978687,4.83567818667396,0
5.00702537345871,4.71252316299383,7.28931993864044,0
6.63340919060366,3.36274457182879,-0.183934827358049,0
4.32671090556823,4.22080500114412,6.44516439997417,0
6.29994004950498,2.13957940699325,3.90376707047067,0
8.99011905028354,5.97080574772501,6.70854811879693,0
5.50525530394174,4.74188330484231,7.36568887483797,0
4.32646346537507,3.14622400596219,4.31207511083944,0
6.64662542624595,6.01453572016724,3.51769962160841,0
6.09468787168405,2.48761073158273,5.90513899057411,0
5.89941210428293,1.43533563333603,6.2554579144431,0
3.30140434512518,3.79203929531031,4.36988744865953,0
3.77301020741744,2.41081387940835,3.79443007455065,0
3.22489169339399,5.39435483295799,2.14691511870547,0
7.04481660330629,4.30893954420116,2.83304707011456,0
6.34515053322607,4.65808973802186,6.51624280989853,0
4.93335870882752,2.99402841068546,2.57874775759982,0
7.18708781490253,4.26565189888554,8.29782763059408,0
8.28576745500149,4.69717893923745,5.28130390644805,0
0.766620819577994,1.73472312828913,3.75510070296745,0
3.02670796606751,2.13904303170017,3.61514882837538,0
7.18014611352909,4.7732267670339,8.04574886702261,0
5.30670649901897,4.98525012510857,2.97400534932772,0
5.70782599212987,5.59397012358617,3.73633497562279,0
2.5433262228024,3.58624007896866,3.9264448831003,0
7.97721431396076,3.79216431062807,5.53470170549568,0
2.5004728773332,5.37204744287993,7.79241532495759,0
3.58025068734285,0.00732546319510252,0.0827245550406657,0
4.69233672450524,5.31930887563578,10.9764659469494,0
1.52175285116665,4.59535994500658,3.32527039967501,0
2.93427157460324,4.25239165044329,3.52189373536,0
2.56559658766645,0.635506353498001,1.19288039697488,0
4.13950790884487,4.89541497233624,5.2714939332431,0
5.91148153661968,5.8338722791626,8.38686266996504,0
3.77923078600366,4.66806990144249,3.29777449774779,0
5.77872215248346,4.43535452377878,8.80930121137889,0
6.26601356248609,3.80612826856737,2.64204177432647,0
5.98762716915768,7.39495314645723,3.46718519814028,0
2.3761606885223,2.90428219458982,1.18738802857154,0
1.30006972470614,1.56534186870799,6.21502785319444,0
4.6938941919063,2.07192692085346,9.49711714298276,0
4.31655341150623,4.30821572738919,8.21510420801099,0
4.27676997233222,3.01563213623621,7.24626976553705,0
3.96962312550451,2.74376714027528,7.42134046470128,0
4.62491693195881,6.36177797453606,9.282341901323,0
7.61040194542901,7.07301734743235,7.07529378624173,0
6.59255958338846,4.94821482658414,5.33144616447918,0
5.18961608799161,5.38459834793829,5.13902625539654,0
3.56275006252724,5.52339817381587,8.5001475353856,0
6.63266424005492,3.87832511851081,6.09925622478043,0
4.82725844707473,4.00512566211147,4.34388511591069,0
3.42681474729058,1.64733156543387,5.64330633424045,0
5.95073202841736,6.52309715235725,5.34841112893158,0
6.35846615150082,5.65161397615486,3.12770352989332,0
2.84253691861749,2.99381251197885,3.21705746806295,0
8.67278742848218,5.4600828489108,4.74135902107358,0
3.89332355675733,1.98352907861462,0.623247923957504,0
9.24257018491117,7.42644362257145,7.09641103209662,0
7.71726566087794,5.09403158878562,2.38687216417385,0
4.89448554794008,4.40418431046695,3.79195749967898,0
3.20294626139303,2.55756328457246,3.32992620319403,0
5.40308776845115,3.64459808099563,1.5145735417924,0
8.76764808657688,5.55056473608596,3.94137378227053,0
4.94418481684097,5.53630240479704,5.15546493726061,0
4.03616795385676,1.87206035956562,3.86290137160158,0
2.30873530176409,4.35462030229711,4.28967229344576,0
3.8962969201955,2.82826351499449,5.31378451977375,0
7.95971918397687,4.37079452334221,4.95954639473737,0
5.20957862598252,0.939232719807559,0.731730300253863,0
6.21607162462613,4.50611667890174,4.38155950866141,0
4.3441961952331,4.30252653722523,6.30875992514671,0
5.63136463323879,3.59636245956381,5.43731147995338,0
0.906571649596883,4.01849319089467,8.31602364304554,0
4.69988417541146,2.38303887095528,3.85348820358453,0
6.20945035115725,5.86491567524084,7.34356115403106,0
6.85624875436924,4.31297515630004,1.9620660820057,0
6.511119256592,5.06116418103083,8.37555762094609,0
4.82100167828486,2.40096563239288,1.24717775220252,0
5.16920209830039,3.37361705180606,4.45199348641956,0
6.22188733362122,2.88071897055825,7.0361498485478,0
9.21406930527128,8.74409707396474,8.82340468219584,0
1.71450469859234,0.0643573860438589,1.53367506667112,0
8.32089076451589,1.59061777541591,1.6951632140683,0
3.5019832652908,2.00314982672335,2.62450207448774,0
5.4162808694927,2.35967226851395,6.98380186423953,0
1.87506834650598,1.73111781650493,2.59726388027849,0
6.60049398984251,6.6197101512966,7.57195946534428,0
7.51850674716515,6.59252580098122,8.4946455361064,0
4.33897767833728,2.84217867134719,1.47395450157654,0
5.50404692973056,3.95209848516736,3.63507340796128,0
7.76733762677686,5.77446459078655,2.45157571572473,0
6.49980531997753,3.94391701468861,6.61449296618819,0
6.74073833598344,4.19703094211634,2.94470044177386,0
4.1810233671294,0.754855303837625,5.57309046880156,0
5.69930706177776,2.90474495801628,3.50906755174556,0
1.5841197798279,1.84369187454273,-1.89863877990357,0
7.49803751171229,4.18193364178935,4.79148953236935,0
2.82680665737935,4.02541546128636,5.01700848786638,0
7.03235685243841,5.29907006180875,9.63234122238804,0
4.52464314656153,3.91962009678578,8.60770647894802,0
7.63366299566775,6.09976026426538,7.15670890550869,0
2.27826635901271,2.42947213257274,6.29199887490206,0
2.62539042235989,0.878032562495674,4.38945879950447,0
4.97373124380213,6.06753297282928,7.30096308784524,0
4.6881183807587,3.01326672117363,8.23155610385783,0
10.4165701046601,6.75857173806168,6.82653624346773,0
5.64090770113162,3.76277501862693,3.84732256633053,0
2.84588231622657,3.3249620713863,1.7116271643558,0
1.81518566333443,-1.19051093325132,6.0591327100423,0
6.74276199223611,4.40718623677154,6.62843858826855,0
3.83363166689251,5.60079786540493,2.54197651374977,0
3.3993821873313,4.69741231315939,4.20935926122304,0
4.66445411948894,3.63743601650004,6.5311478332692,0
6.86713124049807,6.1055559477998,5.93509075017566,0
2.19193732922601,-0.228962881169831,1.3832314753965,0
4.18186383773011,0.274180200229907,4.91652185437177,0
4.34113667493647,4.34168434790183,3.21279043201568,0
4.15379878027413,3.65813014205393,4.07279543565405,0
2.36513348057365,2.81428007820656,6.64255690334137,0
6.05975046941536,2.97945247811983,6.25408349376602,0
6.90239118246158,3.40816961478009,1.76079687183145,0
2.80714204956533,1.52574888790804,-1.92892318728869,0
2.81286970733125,1.05387262976084,0.423324149968132,0
6.7853191045475,4.9960198516723,6.29977567138712,0
2.3013648130307,2.25568253450417,6.15616234921916,0
6.09882165671798,3.42883252405139,2.08668100725723,0
1.89929103426571,2.48155825230814,5.02336778503207,0
6.9891949198126,5.62066410244606,9.61746348307504,0
10.3421572846774,7.6047470277814,4.07671089973514,0
6.37317079931419,8.36821333726567,8.45503688303276,0
3.71824025378292,2.96354267377083,6.07055598839345,0
5.52954174276935,3.81587105307997,3.85040992526561,0
3.56986575460849,4.87981061568051,5.63395690712372,0
4.82014515529032,5.398299919061,10.0602396301648,0
3.96977984197935,3.45394613652278,1.42637966283937,0
5.97111919320541,4.75267979224734,3.0741680946433,0
3.64208173077548,0.780026881001102,1.24307993055052,0
5.89878745817836,5.55630492070423,4.95690418519894,0
5.69939195560133,5.93652995863116,2.24687951313377,0
4.26975152849429,3.02272798614686,5.0563699236003,0
3.5174868967833,2.95019134828655,0.598360461163069,0
4.81522099276678,5.17093292447258,6.21322184290433,0
4.55493695159335,2.09289939776102,5.63599227447633,0
3.76257009052667,6.21031965837327,5.31169129650888,0
1.9070144208384,5.1507133831493,5.44436206448343,0
2.88540377532148,3.07143816785896,1.06419197485686,0
3.93172346780617,4.62166714877765,3.25740898749589,0
8.59346114799112,6.16301266075296,5.07984214063717,0
9.43877376127163,5.06989506554113,8.40499433650949,0
4.209196364318,4.34012952856373,4.06440244511952,0
5.14780949363017,4.9665770933378,3.80336229176166,0
7.63231896213602,4.44669037139508,7.36358444457961,0
5.66933715697895,3.70832294245031,4.64952201532343,0
4.88184445143962,3.97089699367047,3.9446682386299,0
6.38960950830821,5.72791946402793,8.43217984415577,0
9.21894600571724,6.45723155617752,3.76073887399448,0
1.85031999334143,1.20787220574823,5.02153863907952,0
6.32969665353885,5.61269678263696,5.08151776462136,0
6.31241227114551,3.62989593251641,3.81958713958939,0
7.8691129218931,7.06354166885293,7.60060316754208,0
4.93378371512406,3.97888052612697,6.08777805771955,0
9.92977971495908,6.20619192677113,8.05127188914588,0
3.49157401945894,0.828149065928715,2.63567906809136,0
5.78593453835888,3.09813238565063,1.25234033085319,0
4.08345167795248,5.93268802751714,12.1965736452789,0
5.61746193060416,5.72758202289602,6.34591457059417,0
3.7979667260203,3.84230574162239,5.97512186475695,0
2.3475600509273,1.43359388023745,5.93792360698557,0
4.92277775122014,6.07015783733941,8.54459971038628,0
8.72025939125358,5.10726505671951,6.33976437285985,0
4.51102681347681,4.32281770286025,6.20619730970582,0
6.66028085622216,5.89190631470931,5.69391441433036,0
1.84696046638527,3.89746453949772,4.66174412139371,0
5.8555778989379,6.93914432122825,7.25414131007579,0
7.67617899526082,7.56309565334981,7.67147619338948,0
3.07752950100405,4.17627999547325,4.18694096147908,0
0.0358440998407588,1.34405738932051,4.77287670512204,0
2.74994517613283,-1.45711443396674,2.20574027293922,0
5.67716771739285,6.7505310837181,6.30835830363002,0
3.07661729669608,5.54034845983883,4.62558854181888,0
7.80008064114091,2.6390382845306,5.22183195165585,0
3.9914657260203,0.26083207060918,0.156449687456305,0
2.9754108573955,4.09222638812255,8.45761847662208,0
3.95086238487251,2.03568321426232,9.71685497853671,0
2.12582606003485,3.43967252520556,5.2498416448991,0
3.6292523589768,4.98398149907613,3.19225215779748,0
4.83317799997816,4.69987891717748,9.34092594897184,0
0.572482759424565,3.48690917768716,5.26683810508365,0
5.74003912977405,4.11805281086918,9.27379142850803,0
4.53791183527033,3.99106096312544,5.31754886781087,0
5.62257384754783,4.25124279500504,5.16565020055517,0
3.68985314794405,4.1527333344501,2.15824133697313,0
2.96233005529673,5.21395856174316,6.17542668146181,0
6.94713140552055,4.64812393499792,1.76867373659753,0
8.80748893305541,5.81517669191585,3.43466101729787,0
8.78231064830154,6.74280494194247,7.77258497925163,0
5.33246719827777,2.74466166020601,3.67381472026957,0
5.84873499347334,4.56725124607191,6.18877805101786,0
5.13983758886222,3.68147681680122,1.69044884442901,0
3.85492837963207,2.05245308533219,4.29155723228608,0
3.72366478615354,3.83481509797239,7.62774070356865,0
5.49582978406192,5.03056404461755,6.27285662239321,0
5.09087580755123,2.82686289700743,5.42124842874028,0
5.87620465841442,4.08467368414235,4.94080806837705,0
6.42261104911854,4.94536083714328,3.17417627997372,0
5.69659757661843,4.19656003603206,6.10226632913575,0
5.36526047661893,5.36748606819759,6.23890526247818,0
3.78896701690885,3.4614445488215,4.20474088025891,0
6.51333829367748,5.16620364276635,1.43692618406299,0
5.94810569280751,7.10031517449095,8.54097123565875,0
6.16597617329927,5.17517176121019,1.52729002474512,0
8.49157253412301,7.66740208810941,7.07936835073441,0
5.2553873335217,3.03692887984027,3.86642461124446,0
2.79663639182349,2.31164346255224,3.04154589866412,0
4.29838567190113,3.13248341791948,5.66714231250407,0
3.85384256210714,1.95393748113645,9.20374850188897,0
4.72967124375486,4.85383170464245,8.57217073459702,0
0.811546542894552,2.71676743493083,4.30377785885922,0
5.9811757838634,5.17881458298656,0.588576496379059,0
2.77999619676807,0.793361045539412,3.44464150920034,0
6.95466620786541,5.01795232346239,3.04729832337225,0
6.71228376518122,4.21143356195802,5.2080244253936,0
4.37820513557186,4.30900135003189,3.47135787324806,0
7.35305005093631,3.70976511576798,6.95763672986758,0
5.68375170687124,4.14224169182796,5.24741124705341,0
4.78263537126367,4.21585412066393,2.96609721922878,0
2.4210168855047,1.75098160362204,2.90990553436943,0
3.16448676835215,3.11765426290187,2.47547521814166,0
4.7980136751714,3.89463084736282,4.80845877816821,0
4.87311643268743,6.4286507279411,6.85981468091315,0
5.20763644820011,3.24300397543739,5.14729314972007,0
4.69484414495768,3.86975506816209,11.0676035727297,0
6.50767063913432,5.67950710769272,6.88910054663755,0
7.55313471737586,5.43161690045781,7.72773409319276,0
2.19347264072021,0.987777012140068,6.44962478898077,0
7.68538953491724,4.43679745877767,4.46139261874484,0
5.62659387755281,2.39303235913014,3.16519553928,0
3.47902442924645,2.31132833521049,2.6342386591712,0
6.85992843370633,7.4739306715798,7.75943351751356,0
6.96306208780949,4.16474391685749,5.34045961106355,0
1.75410046868323,2.8287835084436,5.17214476607217,0
3.42734069294354,4.63987679337644,3.17525431903728,0
1.99487072606367,2.37881280614186,3.95497866428806,0
5.77621716841015,4.06120621405261,5.62420353197465,0
7.39553356993602,6.37036465238699,7.94181890231619,0
4.01803635487928,1.96908716366981,1.32690280112221,0
7.79088095730038,5.63285280762543,5.78359682872642,0
7.31450635039564,4.33051973903916,5.29552102644133,0
8.31117257714008,6.3335985310353,7.16808798937465,0
4.57106455966988,4.67502914316234,7.49802984436936,0
4.94538594645518,3.38887220089411,2.49005984193356,0
6.87007862962983,3.18021287116569,5.12379154936874,0
1.42485328575158,0.819057805770461,5.19451220845032,0
3.56086771971716,2.24854424570673,6.69076861821308,0
3.4961715846021,1.54668899429815,2.20690133052476,0
4.39028712554013,2.84038167994416,2.68444482332176,0
6.47586721280944,5.48865345252571,4.58298593518513,0
4.22808837700734,2.39850536456768,4.19909047561797,0
4.2773654183636,2.07073877139434,2.81904177755062,0
5.94799532462114,1.99343102182416,2.71186525284975,0
6.47888543320708,3.36938329102779,8.16525740585059,0
4.38314042797688,4.39723154345757,5.32325010518011,0
5.24269755749229,5.08671145391531,6.57986698777387,0
4.39215001652337,4.769488106404,9.91640578464489,0
3.0615321453729,2.74883679360925,0.57724681383079,0
3.32120434417366,2.1583838316237,4.01304307386556,0
4.09544794573987,5.54546578926377,0.585471654944773,0
5.9682300600532,5.2953671483795,4.15400099615385,0
3.32689875886685,2.39577411663199,-1.16024482068051,0
4.21432786499619,3.46216810938363,2.60412614526779,0
1.61557305176701,2.7782437254298,6.52347729759762,0
4.20482583503855,4.24795613479134,8.33901330570775,0
3.95007285794696,3.34450946976753,2.7017366943733,0
6.289619315196,4.51019724828648,6.41232072361082,0
5.07466955307214,2.46019603318809,5.80003775852569,0
6.22016736870082,5.78679593380901,1.44170127922549,0
4.91751002360934,3.57585487325139,3.58836853955023,0
8.12322486801231,4.52154265878582,11.0132899082428,0
7.00705799854805,4.83742650987661,5.52577119035507,0
5.15389651710133,7.10343200101014,9.12732685712501,0
4.54784466153243,4.67390226149727,2.68979326280944,0
4.64772604334634,2.98169230347646,7.32454814956925,0
4.92793984609351,5.39179553569844,6.43757976409848,0
5.26344586013987,2.82504036687661,6.53273633600177,0
4.94627098611142,2.71407862772378,6.05051673255073,0
6.48445686408085,4.96117877116773,6.40548434444335,0
1.96870587163852,3.37191143774219,5.80516773624151,0
2.97270686065683,2.69099336388742,2.91225714149633,0
7.53632593115816,3.87683881664795,3.8541123677182,0
2.47721316319613,1.02119981057652,5.62183456144993,0
3.97666614098,0.861464954419978,-0.597301723276662,0
3.92735646575068,0.594626950639896,-1.45225727095209,0
5.83618640193889,5.44168204662975,5.5462943537129,0
2.23945625164125,2.76665629636521,2.87291459335287,0
5.05647691594633,5.22347405754459,2.2941903491953,0
5.05156541734537,5.20390031081691,6.27849387535013,0
3.90621748655746,6.12824416184108,5.36913194950958,0
3.80065381770504,3.11480091797059,2.57245928095632,0
7.30963289579913,3.83046431849572,2.46621488594958,0
4.0368354770748,4.40725179431103,5.34365108649906,0
3.27016726739975,1.71493083742413,5.99917234836988,0
4.4077826379404,4.70793858524964,4.66933079567278,0
7.99217063907849,6.28813449291118,6.88861047134318,0
3.04248259853668,4.20796487248743,7.12489282585942,0
5.63544032453359,4.24281038522678,1.4965602679448,0
6.08376953190725,5.30258454131457,4.20919696117054,0
5.7525991509453,3.26122131709896,4.09219884889618,0
0.921087307872407,1.82635093312519,8.2482981624793,0
2.81450053152159,3.64439820281684,1.40979961105977,0
1.82276995630583,3.56702017319968,8.86369344028588,0
6.63000588235399,4.4845427800104,9.79217496971589,0
4.18366814389019,4.51577156478308,6.07895890380822,0
7.82731618325585,8.37647146909626,7.67047474399181,0
8.35083550268497,5.3202337509286,5.04212005167027,0
9.15615710642692,4.98881659213129,2.18225813174795,0
7.33221819846823,3.0097683928512,2.14648683810645,0
3.15190969891718,2.58348511098306,8.57689749579101,0
5.38530882728084,4.07501729484595,4.53121819276788,0
6.13919159143943,2.14759582499946,4.17293145292223,0
3.57312757782192,3.46178458338341,2.09313030814248,0
1.1727199331735,3.01640785901854,9.33135596937318,0
2.16265551098042,3.80667855903013,1.18539788643144,0
8.31311364492807,6.29767513034175,5.49218967288467,0
3.99879590022189,3.88858369387265,5.73638564059988,0
6.97738182868538,4.48714330574063,9.07985106491576,0
2.09619774342159,4.03082157615076,5.53509685500111,0
5.14488110955664,6.13268720340638,6.08199686825944,0
6.04013036148982,2.89686657962748,5.01975559818873,0
3.23482722777825,3.06114913063073,4.04573025877563,0
5.77493460109976,3.42762841450033,4.65406124219411,0
7.81446169044209,4.91517858667887,4.11752652307979,0
1.63046830239552,3.73860466450108,5.74949275964231,0
4.60295384012512,4.73775877606087,7.76163437727119,0
3.20923342771407,0.839717358344819,2.67179752054257,0
6.40190112967058,3.04675584539613,2.60018602162226,0
4.14831068858736,3.77268782736091,3.38975381002012,0
4.55660243304457,3.46006414025175,6.83981647427976,0
4.68593075673301,3.75612431748649,8.37572728342789,0
7.43361923430311,5.92055351985351,7.79190198727279,0
3.06540880233703,3.47333086121918,5.43265575019128,0
7.91849038226211,4.27100757447236,2.87397911717017,0
4.53686519565591,5.33525757927742,4.8596202809507,0
4.75392521000794,1.662715793615,4.41270759175536,0
4.00916477388251,4.65320604243544,5.62164704325555,0
0.814199067622312,2.76965194092005,5.09788038759517,0
2.61920345421566,2.72619020251298,3.25032694660907,0
5.229256105199,3.30905741558875,5.56137740276483,0
3.21978947728591,4.09102106187917,3.7271186281274,0
3.60220908603204,2.71844481484894,2.04508107860502,0
5.30221602090748,2.13402385946421,1.38848531062398,0
3.93155343800841,4.93797613551339,8.17681495096134,0
6.79956003883333,4.53396984576147,7.40659562554971,0
2.74766397079065,2.74998704301172,3.74706443956366,0
2.17980013096331,0.0477431267661954,-0.238668067038974,0
5.77460265952332,8.58996495948621,8.91797945742792,0
7.59265793820065,6.97661254728368,7.11502208130302,0
1.90079004339306,2.192051456653,4.4305707745897,0
9.66533040291894,6.11306021219754,9.6467804242524,0
4.3892745116126,4.91876272532364,9.45606262564785,0
3.07553914897416,1.38863355063712,2.3392906057578,0
5.04476682649012,2.230931365834,6.85355762070243,0
6.63344582993637,2.04697141254828,3.63948882978652,0
5.52308346370496,4.45979773807681,9.37073536371086,0
3.60917037467246,3.39492181044929,3.78866587789751,0
6.40713289165212,5.22188690518129,6.4592063931368,0
4.95491523088454,1.82060797197233,3.69052412300018,0
3.27420519664194,3.60825710691446,2.8077024296871,0
7.03456018780075,3.57658374848107,3.18156124652131,0
4.67647881729739,4.30307358469536,3.87880303439914,0
5.76903041545109,4.97737345733178,0.685470782784468,0
3.5032728522357,3.52535467967446,-0.192719641280362,0
3.3094265977544,1.96013408946634,3.61461473918153,0
3.21518935703619,3.81961168035771,5.82493026717953,0
4.60036362987622,3.06964254531096,2.94967411496426,0
6.18174624018721,2.98356581512257,0.797472999103945,0
4.60385792234699,4.54243405639678,3.43648492149106,0
6.06736890883084,2.35918003805118,3.95431382442814,0
6.17894814453733,4.9195353762253,4.87801546878703,0
6.62306230038997,4.38458461114577,4.20117188785544,0
3.45621785933718,2.53258030846515,3.2113553119422,0
8.92250482819358,4.14343120072038,5.171386301478,0
4.775797791884,4.05996011193784,6.50216106171257,0
6.01377816224873,4.08758827097466,2.91121004714911,0
0.960673590298408,2.11056042031175,4.32284662862391,0
6.62326112693421,8.05086049432237,7.74384300433186,0
6.14496544557129,4.04772016835951,5.33971978131267,0
3.09256532659844,1.8783973326943,2.07216658364628,0
2.86898641276303,3.54623348237145,4.97812520002202,0
5.38882701978432,2.45333322765669,4.07577734262043,0
5.74449933766372,3.56080206168589,7.62533566714992,0
5.09374374407443,2.84365058761531,5.2831421432071,0
6.38401209907339,5.4281227844825,7.91993316425415,0
2.5851505720312,4.29753514113443,5.38109127660841,0
2.49737979757023,3.47166822317124,2.78712759873707,0
6.12266043858468,4.89086453714112,4.90643362439796,0
4.68724379641213,4.6223082056996,6.00248163641307,0
8.33706966766315,4.37166025449371,6.85479199487259,0
6.25814714879309,3.74032294696255,6.3030746255938,0
10.0350568064197,8.21152876792936,5.30689239777378,0
3.09269671656438,2.9719517131394,2.55167297329966,0
5.44742559947408,3.91645272399693,2.7914364505932,0
6.4822178095681,5.63736026853949,7.20063266087955,0
6.11096213556803,4.68439282305628,7.0038084369981,0
3.84682932619847,4.88085833249157,7.73810443685857,0
5.17596279580387,5.58789666529973,6.17939859763608,0
3.31655949566541,3.2871886949783,7.27088706757574,0
2.38976171751046,1.29847269203732,5.12638083523589,0
5.58144953207264,5.3746874910956,2.64660960317373,0
6.09874594998042,3.53291572021424,3.96665434312662,0
4.28864401025125,3.62797451944658,3.08529329950938,0
3.52423965526547,5.19686632827992,7.31081643749659,0
3.89065172745828,1.53478936082075,3.27628921652233,0
1.21587344205784,0.747564597138747,-1.70759519986927,0
4.68640399913692,4.60242711437777,7.1594853481409,0
3.15864171285631,4.27404634669638,6.14863467216161,0
4.43071356555993,4.2194665686211,7.25682047271869,0
6.75880453020498,5.12507028379997,7.85572014044442,0
8.5189626088937,5.19448936711843,6.25611402808449,0
6.41455908678669,2.25655013373223,0.762181851245802,0
4.31728285066693,3.65427616269564,5.11249084527159,0
5.00060718662262,5.25083855675892,4.72618832844833,0
4.59978149283964,4.36466096497426,5.52261272477752,0
1.74640764096593,0.491236347778663,4.78930939523003,0
2.38933836490649,1.81696136853691,6.06242657487068,0
3.55252544813889,2.2169621981913,3.90549157497863,0
10.2647349169446,6.8924100225773,7.97819891082881,0
3.88391797146909,5.11988046805141,6.52120863086891,0
2.69955329074885,2.809516173098,4.30555214858445,0
4.55818211155262,4.46569432550555,3.85422385343356,0
5.70093901306824,5.39848627228725,4.37874884455899,0
4.52802391178135,3.80345296667534,7.876624873553,0
5.77877086391544,3.17796395677877,5.32832508560014,0
10.5743997449706,8.19003559270584,6.61528591229072,0
6.08857510438026,2.55508814580804,2.33523167835656,0
4.05373390276001,2.39737025370319,4.36131023128336,0
3.40872657451854,3.75640894586056,7.79497109970365,0
7.75771382974732,3.02323488084527,4.64785749253346,0
2.11857908037636,3.90788140032514,5.59749292915493,0
6.04840447101884,3.7668955409204,8.11192001953533,0
3.70409540113204,4.33224062372344,3.98921721424484,0
5.44373262331004,6.32873110533171,8.52147136471412,0
7.08061239153374,5.44743696001849,7.09650457672864,0
4.04071732258521,4.53468116456988,6.82202127749754,0
4.41412107719619,3.9692935249694,4.43688462292592,0
5.4452594217968,4.70312117594496,3.5029079516241,0
5.61498159219631,5.07810741312038,9.11663182790084,0
-0.0810443314535112,0.632521165929013,-0.248619685697551,0
7.51061984406933,5.31204551844115,4.09759135914574,0
6.88912107583111,6.06266203293951,3.67330238632405,0
3.85315576507111,3.2949076593775,4.71754976955754,0
3.41138332795238,4.71208735061469,5.91264055394132,0
4.72022477689096,6.1318281499836,9.49659827257012,0
6.03043498193302,2.68428866868651,1.41224752164096,0
4.04669159947308,4.39051379438223,5.5670494035259,0
4.0470251167931,1.66181563790075,2.9310843620138,0
6.09413868303676,4.60402125002971,3.42448000359762,0
3.28141543348551,5.3637859828872,3.39477406029142,0
3.95409489211848,5.05584915547848,5.0199871551216,0
2.69722900700646,3.06867452351693,2.72527414279937,0
5.09542530057236,4.7096611941774,4.42329423350509,0
2.18702548932253,2.28686610121617,1.9913244151299,0
7.83069698735506,6.74073924550571,5.3861450518599,0
7.49335588850659,5.73668318138647,4.47241869107484,0
2.48213313251703,3.15303635378909,8.30802895230491,0
6.57772992608365,3.68711817429167,3.78498550624554,0
2.8014089049671,3.81552076535764,8.35725990110102,0
2.12246882044267,2.22898382948905,2.53704402582354,0
6.13713375404432,5.89574131715773,0.996929322702398,0
6.09232140343587,3.13672069272728,4.25320964419017,0
4.29645135714323,2.21724967474429,6.2913426847514,0
3.85996221024879,2.10248978886518,3.41992609718383,0
6.1490277396138,1.16210180487738,0.896217518789182,0
5.65340440055845,6.56812453336935,9.78762584674595,0
3.85315043367893,2.56897656801386,2.99709369202439,0
3.67106309603513,4.40418468915104,7.96313780255627,0
9.49491506082392,7.38782285624524,8.3282932374953,0
2.9386295918704,2.18430934871574,2.43514592388797,0
6.72076330058978,6.34023307606242,3.7828573326669,0
4.12345225586924,3.18051053203751,0.297643891586246,0
1.90430889301228,2.87662134584029,2.86844096187703,0
1.77863339992538,2.6014408625926,3.09487828846251,0
5.80513618157815,4.97224670522369,4.444083550491,0
3.10340445106016,3.85832650097243,0.566239652774127,0
3.48097920979684,5.08332046652173,8.36231333660806,0
4.80868389619944,3.90231088022615,4.40389247366465,0
3.44353594005004,5.64307873308051,2.61990912469753,0
6.89991449637742,5.31817322238999,7.21940621268717,0
7.05513444569864,6.08628362065449,5.97162610982608,0
3.48578794196405,3.39619112474251,7.19633239134196,0
2.99342271573074,3.74683004891616,5.23351671627697,0
3.76462388949129,4.37590847420788,5.4246515337593,0
6.6681220225162,4.39405122760239,3.99768043147512,0
7.81229800956336,5.13196073580036,7.28241161267253,0
6.28989903819541,3.56210106492361,3.94669576383749,0
6.71775008250112,5.58034479743535,5.16810103464497,0
4.10795071876534,3.09595104854541,4.37962425282468,0
8.55616949915592,3.55857518223938,1.84374968344262,0
8.53978900894399,6.17603539282837,6.96251817041012,0
4.04054968303806,3.3158179872274,3.56818501449342,0
2.65464478621849,3.48482235654093,9.61819704676257,0
6.27785111559226,4.23157759189419,5.57979310801778,0
9.61118267276395,5.20199344745092,6.24953587395023,0
1.74911549424489,0.672707539083881,7.4547338774622,0
8.12739198435676,5.90320841235641,3.94968680724594,0
8.17602808002841,6.68891672648246,7.73759839378141,0
4.44910313991729,4.23458934061506,2.43850483278772,0
6.73609172967926,3.42799972584749,8.21021953972219,0
6.69861316978175,4.23608791009716,1.07180015932895,0
5.46454455416721,4.36272631469292,4.25032089361189,0
5.41770159392688,5.10446809952592,6.55559297656719,0
5.94478682548098,4.47886199089692,5.00554785474199,0
3.96118731637119,4.97359139466241,5.80304001002899,0
3.95972732043266,4.51035411867928,6.70389325251807,0
3.44575426651849,4.48909664746736,9.6746483659265,0
7.21445673177048,5.63828862237145,5.86318757332723,0
2.82908226335892,0.967702092338056,2.22913289348666,0
3.08221896572296,5.1724846620555,7.13856833998274,0
6.97981073708567,7.011555971373,6.74821266984374,0
4.92492517303319,1.19662270587805,-1.32116007409784,0
3.81055397972047,4.03833144041659,9.95866412192096,0
12.4241857536514,6.89219305339759,5.15222531860032,0
4.00741287510994,5.20717287258211,6.47430103010953,0
6.4621228037014,5.3617320080529,8.03842365604114,0
3.62226847113016,0.589882093393187,3.1643403812484,0
4.75391820199663,0.888222020580874,-2.52097180551045,0
2.99533229163713,1.20772744157402,1.52960825814418,0
5.89903443043745,6.73344258544319,7.74452080697786,0
7.48493463236279,6.98824418896946,9.07261387041427,0
1.96553848833767,3.19428083648124,7.10297881459608,0
6.48034058940784,3.559819774202,6.35771607681816,0
5.16830219678737,3.91208548002974,5.17924840984803,0
5.0786484069629,3.74343781431333,6.68625601067004,0
3.3454625631625,4.96797354158295,7.37293964532048,0
3.58454284373942,4.08945991205375,4.7278714914231,0
4.51143518283399,3.4016915818589,7.22088959806174,0
3.65137004686279,4.76447575489882,6.44651438880104,0
4.84224800444213,5.44504392721474,6.68555315045421,0
6.58527674407,4.60338426352064,5.85588866104927,0
9.19308216645416,4.51954783092644,6.51976573400563,0
7.77887900313834,5.16303681485884,5.66415415853819,0
4.91799902451201,5.5101501395568,4.72946751367245,0
6.35525571537922,3.88014374392416,5.87056402220365,0
8.06635667769051,6.3093317638711,7.1669906285672,0
6.29156382745208,5.8963519859615,7.25109731261376,0
1.82998382114008,2.11446897134851,3.92341820908882,0
3.42411148753209,5.26979976744366,5.85690700941168,0
7.89403828476951,7.19517030905576,3.72544726607932,0
3.08977635466522,1.80001484314028,0.159002321528186,0
5.54505711936801,3.86992121141612,5.43074738743219,0
3.59638444409218,2.83222910918406,3.14949864405523,0
6.85914622613452,5.02059229109927,0.890306994297203,0
3.42460328048718,2.44767940616865,4.88406586970754,0
7.65814434191847,5.84122001991553,0.678583631741628,0
6.88655646105392,3.74844449870774,11.0343182112336,0
5.40119060443976,2.03563385606093,2.68604868671195,0
8.41159650514844,7.88132129400825,10.6486139316536,0
6.62332961377514,4.07773147893234,3.33917715395913,0
6.38608757408018,3.98808381444712,3.6633159061107,0
4.96577656041285,3.82835865593998,4.48058920051157,0
5.46312291742901,2.73301662191757,9.04800879035677,0
4.9437160253851,3.26305522867,7.90727820261421,0
3.82450591606373,2.67021644048936,0.919800510913099,0
7.0230224586347,7.31103897471313,6.6685096768048,0
6.10139710924476,1.49373742728546,5.5068110936477,0
3.03614797513096,2.43933987986325,4.37067868976024,0
3.1395127900467,1.74627760791254,4.86990323418883,0
6.63676142431894,3.41005927756855,3.58167153275481,0
6.77650010419047,6.97970954148085,4.42376733961762,0
5.96866504021189,4.48671787908505,7.06388753302967,0
5.44403450580604,3.55938906495384,4.12064827464676,0
3.09486074962897,1.22895469036554,1.68857828293339,0
7.70927111696564,7.83119866479396,8.00281090204521,0
4.27321045823543,4.21939132762451,4.96288939423186,0
7.63739504677168,5.47266650347811,2.52055631308373,0
5.49357883720993,3.2835895504963,6.05373803478492,0
5.13021524556562,0.148172441445833,1.34997162495864,0
8.03233529752706,4.55785343681342,3.96480205976553,0
1.65197940523364,2.65785744135285,5.79762751756537,0
4.63682565510384,2.47131708512285,4.03935148339206,0
7.06108634565756,3.59116394502018,3.21323059482911,0
4.56193976732121,5.89001609754503,4.45892922042764,0
4.96827994026171,2.94578543019379,2.33013220950076,0
4.79664158951637,2.86566463223554,7.11966954821743,0
2.93162514094411,2.15352294112026,5.56559120244378,0
4.94436175476351,2.99105642513361,4.45087551887269,0
3.87785910980483,4.29556945049853,4.43009586956413,0
7.01622665403044,5.83034173371201,4.54662674505084,0
2.01584215747392,2.24213915665963,1.14681339681982,0
8.77053203740552,6.71680604265889,6.66167271689079,0
5.68723533960095,1.68928127919856,2.93220312147482,0
5.47794749853443,1.71098349510537,3.94717456837271,0
3.61348620441024,3.48640985317901,2.84425441134733,0
6.58091000217929,1.73577776739793,2.02557302139154,0
9.65394062221227,6.11023549448381,6.51566400046387,0
6.32605695268011,4.27548774685688,5.71195871069076,0
4.08121667222112,0.486442370775249,4.67554644223231,0
4.71735919970608,4.19068300900614,10.0226621248661,0
2.48372524055644,3.69123378657777,4.87930547956675,0
6.06548180316733,3.7913867594758,6.70215631031421,0
4.36422129624957,5.29845745866033,11.7203725826869,0
4.90097587220849,2.98830221632765,5.42898365541411,0
1.96451343766064,1.05401653400996,3.61436994293661,0
0.143083616487763,-0.548375338611888,3.03356364414724,0
8.6863293630189,7.12158573337992,8.72120979436428,0
8.37700770632822,6.51062405226543,7.4705744648513,0
1.33530613178278,2.1832149883036,3.07914880983588,0
7.02558469841156,3.24412089610858,4.13044092118688,0
4.45332050351844,3.05557021214064,1.33460283093778,0
7.29579734208417,2.54412954100812,4.86735326303118,0
7.78095340610123,7.42746819938881,7.96166726233286,0
6.9522107538403,4.36628132025975,7.01252170202658,0
6.32732313471372,4.11284405151542,7.16005002752239,0
9.6539446776591,4.17348213251598,6.18489513310609,0
11.2676054307046,7.67124690809173,6.02704445266952,0
4.0892535773456,5.00696046492343,3.98686092092735,0
2.08056379993989,0.909801621261506,4.38222389879238,0
2.49457023467624,0.795148865614375,0.175867507248272,0
3.87238817564672,2.49311466640311,5.4043768693422,0
5.37906146876676,3.08950663548377,7.39541273966276,0
4.7730541908063,3.27980616602419,2.29814872542068,0
5.32879621117332,5.72713110113679,6.13521010514228,0
6.70535498054743,6.48310684080955,8.01525122910462,0
7.05043097059743,3.68096209609699,5.70729528664137,0
4.28795880566841,4.9643691817498,3.03503022033927,0
6.22638623809502,6.53532060605939,5.74902525746478,0
2.3392644452588,0.354737507251352,1.39364820696804,0
4.43487437548278,5.5050406463804,5.67475576538976,0
3.75978576593227,5.17024974941047,6.72723767679808,0
4.89457166210333,2.95733647483759,4.02819507522224,0
3.99201430558681,2.98083561271036,6.50478291187253,0
3.100269470022,2.89913617390831,-0.845753096937225,0
3.49932658339101,3.70174416929197,9.1660900941172,0
5.71797998399774,4.11103170534779,4.04117388200481,0
6.82946231016749,6.03239215657553,7.12983215195557,0
1.31472725209343,1.60012775059741,4.14931485849583,0
6.03758891840042,3.86150290080606,7.51623624381008,0
6.72170426347363,5.99918728313348,10.5087399261296,0
7.06099951926891,4.60251037604695,3.99431392798553,0
3.50350613652886,2.8946528261339,6.12680876559959,0
5.98295086054106,8.08882364440707,6.45071506553806,0
5.01345048389238,4.63133848480021,0.631625809148324,0
6.52893241387657,3.30093370417382,4.43358896862929,0
0.641758574569447,4.12874769893425,4.92945944014893,0
4.5986437055044,3.43887502350349,6.59388167818182,0
4.96766192079908,3.97941641537171,9.31798808975716,0
6.59218301515706,3.83777000835062,5.32359570215717,0
7.25421928507677,4.6020062101836,4.45592995344913,0
9.14286398203754,5.6196902286773,4.97018479582999,0
1.26313893211531,2.81615577345719,4.08830935222719,0
6.98146687764019,1.38013143951878,1.5726306697607,0
2.94867205509697,1.2893444928459,2.10317823363423,0
4.05120883078504,2.93989698069455,1.89992831553225,0
5.9617747700333,5.6977434830481,7.90697207995414,0
6.62847558599187,6.50849806975469,5.41157961183906,0
5.87914923828763,3.38112651873357,2.87037786548184,0
1.94123583857904,0.530409197383265,5.19884542711179,0
4.77615903237185,2.52147361427815,4.41865428485147,0
6.94810598871956,3.82741062267348,5.34672988333236,0
3.64265170187081,2.95821317373529,4.98350692005739,0
0.989532480547601,3.3583302188532,4.29025856525147,0
2.52205352559655,3.18125462345351,5.5143196480014,0
2.65703163924542,2.67361863596093,8.80331150440276,0
5.39883590637761,6.45996153395039,8.10597208085612,0
4.52076145190581,3.02554351412032,5.16899610812005,0
3.61734664052994,6.1930037046323,9.53928114225226,0
5.45674416535206,4.30042745534312,1.97928811750995,0
5.10207290556078,4.07793557216512,4.05686248922112,0
4.84154426515257,4.36178828908333,4.5869541937383,0
5.96472550029529,4.23345368493692,3.19445907109213,0
6.88137450792456,6.4298011461153,1.73773903847433,0
5.37370667645956,4.62367424968583,6.65685841834674,0
3.63607671365044,1.88188585724459,6.6414768760296,0
3.44881334658326,3.02662273937002,4.17971193592375,0
5.29560526189196,4.44390825162104,8.4763541662386,0
7.85986733243338,3.71969036829094,2.5612374947678,0
5.20959706457018,5.41853072770833,5.08408916499001,0
9.13619262986211,5.81532615436932,7.84098474375398,0
0.741359464938702,2.03161432713288,4.7751080642136,0
6.11908943716056,6.62003452644363,0.0944689382055746,0
6.22747478420989,7.27810689495659,12.2434646006234,0
5.21214973576789,7.10842402054601,9.6017093617024,0
2.60907985532408,0.462728968334684,2.45593311852377,0
8.94992332899432,4.93611720766807,2.29060307601991,0
3.20794858553237,3.06893769171604,1.90257278772264,0
6.42771378572156,7.08034197673412,10.2510509597452,0
5.70463998310256,2.89084799183469,3.83681692331208,0
4.37165496546369,3.24592024198357,8.69483390879098,0
2.94914875349358,0.807648828056894,-0.303361312437699,0
3.09789633652437,0.346702778623531,0.0964099272397361,0
3.3198587369276,5.54627551308496,9.40865613503371,0
2.97943070407463,3.10005062070783,4.66774885564503,0
8.36685643865292,7.7770364706239,2.92511726476032,0
7.87370502869157,7.98544396390068,5.29608136977135,0
6.18765169060189,3.69614291858442,4.27991583946098,0
4.86511181446984,4.99128197238831,7.30136479783732,0
6.21159018239605,3.66601628311342,4.13165860872439,0
4.82091274667778,2.04039870545461,3.35589305612043,0
3.3677315288144,4.38536039432371,7.80520982070398,0
3.50730372457051,3.65018928938821,4.08632274864673,0
5.36905114168786,2.02738232289215,1.50115730068857,0
5.64793509535401,4.54063599063492,0.701722861522533,0
8.47595438088996,5.75862947034264,8.07195786053079,0
3.89093883972651,4.07426073344118,9.65348600987669,0
6.14998388937198,1.05376912478744,2.57334988657756,0
6.63330263163059,4.13379461263968,5.74267886615094,0
3.36808223836092,3.91791380851668,4.25236869108538,0
4.65760736475623,2.23896343315656,1.94738932703934,0
7.46118071262811,3.54817797594567,5.24041739269018,0
6.9037405935023,3.11539486197117,3.968069312742,0
6.11672467288374,3.01685988908618,5.09572618883881,0
1.34540891427815,0.962339375371967,5.15654525274687,0
5.58080411111113,3.70694638217158,4.19214380577154,0
2.75979577772771,2.65040249709237,3.93883024877305,0
2.30279568852628,3.79718139452579,1.24258823022723,0
4.08687747669046,1.93464975163886,3.11185288476884,0
7.42288420202326,4.88828817687622,6.89294896683121,0
5.88181502222062,2.04142467765718,1.56860726362379,0
3.09747018769382,2.22394802383798,6.83885253501536,0
5.76043491051606,5.68056332344857,5.6125526389948,0
8.57923443906236,6.44269873958335,7.01623261416086,0
6.35806638178061,3.97862440419697,6.15983352775644,0
3.8680337883885,2.10072156504727,6.14486080835259,0
4.87526136014235,4.03895229760306,6.60343317315864,0
3.70374114605247,3.62364556228097,5.01448592225368,0
7.52189976351284,5.73742706730436,7.55239154263081,0
6.41080323678067,2.05911620966784,0.842251581444635,0
4.17749361071824,5.68986353546459,6.76604788704016,0
4.64501785590988,4.78314238384954,5.4855658434349,0
4.54587939074239,5.13735292733641,7.57236072579531,0
3.73134816148693,5.0550796936276,9.18064970907268,0
-0.946193997522414,2.0522690836274,0.117557402823379,0
3.20555789623593,1.66600862389727,5.38198542171427,0
4.81451790225017,5.82934939779927,8.15464416580808,0
5.96682810260413,3.70073386588677,8.10191421708998,0
6.01571808676864,3.53098267355357,4.65189134713068,0
3.12007500458589,5.04791090379199,4.62414348979695,0
7.70101463522655,3.90779474706183,6.89534127822035,0
6.03452073087186,2.6516685656515,6.74528013935459,0
6.23536131435399,4.10377431918624,5.10769597216306,0
5.72277693188868,2.87473453537333,4.50320115645616,0
6.70910225506572,2.68635381878398,3.05774657247565,0
7.94278645950794,5.99250887345294,6.08121275592623,0
5.59636171943755,4.47494549341367,6.59508775318099,0
2.54697187452015,0.252841976156278,1.53406912922186,0
2.99425654817492,3.28503369984339,2.90621235987676,0
5.76120176278258,7.65596632361213,9.13774973165091,0
5.45307557641914,3.15360411582839,3.59957865236146,0
6.89665754330862,6.00489937504559,4.49108416199091,0
5.77290746023132,2.96348048252618,8.7406564636867,0
4.1844490957834,4.6992009405369,11.3091372135769,0
6.96300521292165,4.90643802706408,4.1885373400693,0
5.01999252138465,2.69464996361876,3.91648167265212,0
6.67829143438477,4.45741527320186,6.78169840266022,0
5.97623724445563,6.8769124203626,7.00639453738169,0
1.57440587857991,1.16664068576137,1.51205864056974,0
4.62835350201422,3.24119705129672,4.27628446620162,0
7.04532117668883,5.97942615084468,5.84582908599613,0
4.38119690436705,2.77268787642049,4.78471059619508,0
5.94504742557268,4.41885406334797,4.64182753789893,0
4.48113346840451,2.22736051258733,6.59358995551744,0
7.13031584623816,8.39174596441797,6.18228708208086,0
3.5479664379209,2.55538898919549,4.57967786569943,0
6.43382442020442,1.9491845653814,2.42678515389069,0
3.60056720931453,5.13037938791945,9.09575032138343,0
5.83038610936903,4.06254397638277,3.89493798117672,0
6.96950242092652,3.68841378588126,3.61977838264269,0
5.11760134727332,4.26130531472351,8.08026172978924,0
4.77478973600306,3.73897746705156,5.23714217153884,0
7.59746322704802,6.47709196760469,9.8232350506266,0
2.90988005094405,2.10611147558296,1.02534939917542,0
5.80426460637232,3.38372812888358,2.625930049919,0
2.13285023737554,4.14299663146264,3.93244728132597,0
2.80717232044316,3.50459530160677,6.36439757052494,0
7.03913638044926,3.05120188295529,2.21375859916635,0
6.65119203488542,3.28692431140113,0.602781030090716,0
4.92334128970647,2.92308800562257,8.27673459240843,0
3.58561071877617,1.08707919618776,6.20463321654257,0
1.89644489200136,5.06433494169027,10.14587913518,0
5.07922750203776,2.6518564894642,5.15621032557814,0
1.28848476355894,0.778759226576217,2.24869506517423,0
6.73741571541575,5.12142854068377,6.1302781130098,0
2.32803529686128,2.98336544568838,2.33845052253405,0
3.66971662932478,3.66100473544742,2.905374912199,0
5.1907843982667,3.5087128711883,2.76289951258585,0
2.30092167506417,2.41031984861721,1.169029080457,0
6.34655830361224,4.94147655062226,3.89804517588523,0
4.53060938431289,3.61094984851272,5.78632670225861,0
6.07503032339967,3.69782180152533,8.50433592275539,0
7.08132676778521,5.36774305647073,5.25305978601477,0
5.1215468594577,1.50489547629896,5.5122380969276,0
4.14753017726846,2.15622388564356,5.88688846471531,0
5.6791946726294,5.89759814449217,3.78812833332582,0
6.68483041061859,3.83194008524129,8.77569962243797,0
1.9685290110325,1.79912218873465,4.83713953929423,0
3.84740382059283,5.78627337969605,6.24650461645411,0
4.67479188702256,4.68282065241822,5.61984849465306,0
4.32581968888976,3.77636640576758,4.61773442183803,0
9.10268151833483,6.70851412381411,7.22026218065738,0
4.13639460878919,1.95709595861337,4.92555026569268,0
3.6728820458306,3.92477397405437,4.97999289434127,0
7.6083360821109,6.23649738784387,6.30077029109515,0
8.65300432722496,5.89613657270446,8.08163335902029,0
1.07178251047333,1.96970576683617,3.36817780099277,0
6.30763961917341,4.6766946413931,3.2271559815769,0
3.76034175986491,4.85810889806472,1.46805854735092,0
6.225262221689,6.03155753298387,8.89771998122957,0
3.10826940202827,3.75305001305988,5.56002441780913,0
2.28106047846435,3.42211574298018,3.94632964597699,0
3.74215684435977,3.21679951473635,4.07580351803556,0
3.61129505929427,3.33883501705854,1.09907307377637,0
3.55272961556136,2.35370587802485,4.44695968207541,0
5.59992986424907,5.83570641858744,6.57361342322256,0
5.17561595263496,4.55791779784441,6.05267172060747,0
5.39147540937349,3.760425138345,7.16202706210973,0
7.14099671148305,4.52684062862753,8.41174893410322,0
3.84467112115008,2.79011963083421,1.70296914711355,0
3.27280436207778,2.09512847520775,4.34855249563134,0
8.45275125369277,5.07168596036557,4.11415026830437,0
6.67397705481688,6.59997864470146,8.60671198237205,0
3.91934554104812,2.24619518633425,0.525595078238463,0
3.25354345566567,3.03557474799402,7.62300913186697,0
4.43730967012848,3.15673306356731,4.85197669362188,0
5.40202233732013,4.25802772489521,3.53919866350989,0
4.31263871987931,5.02053545420722,7.7127311281638,0
5.24146571908279,3.31084495312535,3.90595034075137,0
1.43967227262317,2.96132092825188,6.2324509138655,0
6.12084348554191,2.39008390211965,2.8678804607168,0
4.47395363368759,4.40658478415882,3.9932064717579,0
5.38652009009744,6.34926093149557,5.72581269946962,0
7.52050905684113,4.52685848083093,6.27861603299469,0
5.56802720179654,1.23160625741479,2.17263355876317,0
6.88170602540821,7.93703294174711,9.8592270818286,0
6.02041802546684,5.19715953850178,5.77136992211316,0
8.11610252618897,7.73713225535926,6.64171741008317,0
5.93826693948769,2.37002288056713,0.157326789454023,0
3.72548659270708,2.82870867157027,2.33525612137414,0
11.914811671289,8.1224368240412,5.10684614250529,0
1.47219200323374,1.92577149342581,2.35336345664618,0
3.10805665941363,5.50775975730986,6.70948711121936,0
6.39265693047691,4.66428842360252,5.94294954348706,0
3.57193911078706,2.34011342098664,6.17122004982912,0
4.71161471427543,4.05545994418237,3.0702646777895,0
4.97868803697331,3.23509977466127,3.96231140647411,0
6.28160350167728,3.29006015078455,0.875376635562326,0
5.71541757493222,1.93358605119809,2.46345808352388,0
4.67046831017714,6.45026151734757,5.84603274789315,0
5.7230692914885,7.91178112506965,7.47606382142312,0
3.91618986909123,3.47782730498631,5.34187689999792,0
7.24894705867709,4.50309534807182,4.31353709515763,0
7.67017492286345,5.37106906478501,6.10971073362547,0
7.48332630781788,3.71163590383517,2.89877679126304,0
8.47244319083434,8.94683437758955,7.5117065962139,0
5.25203592156943,2.78188614769404,4.74363554837521,0
5.99421366257504,2.71779227290954,5.21749028987934,0
6.02279670886458,4.37465356679052,3.55842007376648,0
6.10305882387893,5.21298648505394,3.46249734169765,0
7.95501365005969,5.40756347456462,4.974708794478,0
5.23739657725605,5.87097163521825,5.29561774212043,0
5.75363711238537,2.71590992356058,5.87474641911831,0
4.39072179831686,3.80597970969714,6.88632741897308,0
4.32747554365956,6.45793472765804,10.8297582033794,0
6.0267258608796,3.38449391404134,4.51333742456768,0
2.58964476134643,4.54957285772562,6.89946829889063,0
3.05640811210566,2.88592171627068,6.38632849780831,0
5.18673412558587,3.59585087806284,0.982958367638414,0
6.72336712839401,5.39056666497153,6.95233313669015,0
7.12249158819434,5.45145962728247,5.89660778806977,0
0.616038243581972,3.75301801398632,9.76154997709336,0
2.65899727806333,1.06173487917464,3.24427503970656,0
3.51506729599369,1.92286382125933,-0.110582550310433,0
4.13647695122929,3.10050748674858,0.384367828730926,0
3.36944606669084,2.83600006262187,7.55437039506714,0
5.36909030516872,4.64254926263112,4.07883318566833,0
3.39643859067297,4.37124748397596,8.18105408452386,0
6.15851321804491,4.53438155135986,4.83913954246894,0
9.69572710132077,4.39163599187931,4.09287547221411,0
3.85029447383349,2.04219557790082,7.0802120623244,0
3.95921045880521,1.19502314405209,5.43205848543918,0
4.30409312639701,2.58389554651005,3.57236224016668,0
5.84544079924011,4.58023353978974,5.39620293484979,0
7.03498274555563,3.49384859928008,5.6486020185178,0
1.53926742004065,1.47829336541397,1.33140758354628,0
5.28052963304256,2.39983611593314,7.42686107653435,0
4.03867101615878,1.83511481605928,-0.652726160012219,0
6.68716792744618,5.84399669699148,4.76296656124817,0
5.14120239586072,2.96804408265894,8.53519740519051,0
5.75051172043431,3.02267208281632,1.55781792072606,0
7.19797937574356,6.01199735976128,5.05459155885902,0
4.41726022345228,2.75642948908285,-1.22084371492805,0
4.50600437262771,2.65261931706033,5.7215539162276,0
3.05699948532622,3.53087799673403,5.92924092640238,0
7.39695571084473,5.57123666579722,5.95556744519538,0
6.39397400976434,6.61490519711624,10.7887492017833,0
2.60234547250599,3.867684222069,6.9688362883861,0
7.01236985045278,6.26932782589124,3.95050330925112,0
4.06004062264812,2.35038511269732,4.33428549465847,0
7.03290364003959,5.82847519018356,10.026761156592,0
3.42393637571139,3.0868077427333,3.07716333458547,0
4.32736505656193,2.28098793259651,0.881457739301678,0
5.60608883879539,4.38420298063088,4.80804364074978,0
3.25623377914985,4.27095330560236,8.39083030959167,0
4.87260983659574,5.87097308433636,4.79903942263862,0
5.53721765391799,2.9309874085873,6.02185536749248,0
4.74977831825196,4.18363990675569,4.92497725184867,0
0.374925934339287,3.33317086066401,5.05437129413757,0
4.70772462627378,4.03218823863282,2.54878649737991,0
4.91016665859537,1.88157140576717,4.24632104682955,0
8.57318051056909,3.47368903536135,8.65020994206567,0
5.41789110317377,5.56380758356377,2.25249483857303,0
4.78708517941311,5.33074246389634,7.67137317629613,0
1.85449751739578,3.45178199631297,6.93012657609887,0
1.99839278396136,4.22628697446344,10.3814301880617,0
4.66084070185918,4.65494432948926,6.46598812007556,0
3.0850032089366,3.01866244145373,5.35002895455634,0
4.73732603930057,3.22117972831735,7.35844088945465,0
5.14140057077429,3.82042975058202,-1.16949539760963,0
2.32914684115577,3.2380498658252,2.36877210659634,0
5.80305250180598,1.73727718773572,0.152285582838958,0
6.22985648189457,5.90571136431291,6.92270585899811,0
1.59864799748182,3.70965229895555,6.62184384342227,0
-0.39303130625619,2.78017559518205,4.93071233331075,0
0.538749983876301,0.745566402821251,4.83447456953872,0
4.71919518841014,1.93837503664298,2.98019106065863,0
8.25918184020307,4.78342052282992,0.266464377452979,0
4.54028075999968,4.55636755898679,10.4757349237876,0
1.87711404338075,3.50913315081917,6.05257522133232,0
3.22169924865423,3.60865283551212,5.3504427172219,0
5.10225130003689,5.0092653586074,3.96719344459322,0
5.45008470673453,2.7947518362986,4.63263024136728,0
1.18308713941475,0.543390831293881,-0.703581154724472,0
4.83286285353803,3.17186849261158,6.12485069176189,0
2.75366111597354,1.86939554629991,2.49681518965114,0
6.45008086628962,4.87133269799262,7.926229598565,0
6.30362230675811,5.09500704591831,5.02030121610187,0
3.25069404265511,5.34865393398841,3.19905401708673,0
5.93080138773946,3.3258823812664,3.73549238619628,0
3.02719846983697,3.37255122326059,4.01973585312701,0
1.28770158222571,2.35658045924852,0.34041141614844,0
4.83571876475197,2.38213469903892,4.07124577400258,0
7.00024162264112,4.97286204930446,7.13032680856434,0
5.99363568767702,5.25361222683065,2.70602746522484,0
4.21117581691467,4.07387456827251,7.50770364790348,0
5.68650721662069,6.5877639257128,3.91240417879375,0
7.10572842667627,5.0011148741302,5.72473470929058,0
4.8514571135812,3.22582485074358,5.61161526711582,0
7.76028892170222,2.94255664566317,6.39173487888635,0
6.28759713222099,5.10445674180825,5.5677563723865,0
0.54423548356547,-0.639074239716916,5.01654228723769,0
6.38331783581506,2.06267915044825,5.6884334661054,0
2.99426070704328,3.59535443710197,1.75931973277399,0
7.13926031154197,4.5985167010627,5.21537623211404,0
-1.27201294206452,0.836761464270392,7.04239677646609,0
6.94706753362295,6.21560772572582,7.63913673531763,0
5.59769424362205,5.01528881062934,7.66614428364816,0
3.96417140746876,3.84088756129561,8.98110982647858,0
2.84225652552769,2.15380953730326,4.95583766498858,0
4.15140101088025,3.85785098622624,3.43340104912306,0
5.77594997002802,5.65718987217486,7.23043066753809,0
3.56205383880409,3.61939827163022,3.62995758241367,0
4.9196426814116,3.82960469097142,7.17735105643644,0
3.79215096064651,4.77851301478643,8.65608618519251,0
5.36134865720014,3.06178902187877,2.59128639460649,0
7.40050123627943,4.4658393506393,6.60055170361675,0
2.87239904410668,5.30784082999495,6.91828849390011,0
4.44757049165249,4.50927249500827,4.60368692276506,0
7.38076543579889,3.5804304666086,5.70830525892961,0
3.02848385993462,3.75765885326887,4.62036300860593,0
-0.727436450230073,1.24564312512624,1.87999529646368,0
7.24714975470104,7.9568847383377,8.75223461288797,0
6.86233638516247,6.26548434459868,0.493556021785094,0
9.9977998116346,9.78099757387034,11.2072632343275,0
4.11182065176521,4.25683659646167,3.5563489729899,0
5.38772051202086,5.2649802547622,6.09279215623113,0
6.81136784392827,3.18344152910583,6.07480804216705,0
4.46763185297858,5.28559595603358,6.46715337168395,0
1.87205529181526,2.26612951916998,5.14648681863262,0
5.1377832544459,6.74302562639061,6.84610783017383,0
4.98237197202332,1.73908186687963,-1.46640677886291,0
7.63195631732612,6.52258495327261,2.58016869676667,0
4.81272709490232,1.47992261732833,5.58398075151942,0
3.86048997467037,5.22479652277512,7.62683194752637,0
4.25902114777618,3.04585200511798,7.1394818725675,0
3.31995600687337,3.31359192555131,5.27139786219002,0
4.58047979377421,4.43588602524775,8.28969848055422,0
2.28879566732436,5.11045977976422,6.82708384544505,0
3.46056064303418,4.57413229348528,6.71059570971307,0
2.15867259254878,2.30231321617169,2.29676125489325,0
2.04182457330769,1.21512525839099,2.1816150497068,0
5.42006420827483,4.63650086297917,5.60705225779487,0
2.73018136450732,0.995023671004519,1.50069878388285,0
6.91596382113074,5.11194090028266,6.25609026910044,0
5.25008756167755,4.73270668061165,3.65990098670168,0
5.41175511493732,4.59049182420074,2.56481918729562,0
3.93449910988818,4.09240029729573,4.78345091717102,0
4.48385722286884,4.7898761223519,6.55174634922485,0
6.13284668038147,3.19671930788257,2.48701959877545,0
4.62489110132326,4.0662583140383,3.98289087014884,0
4.44760622179521,4.47220830052534,5.36990218834349,0
6.39365254119533,6.63018105619291,6.66479066770629,0
4.51503149997394,2.55203780737289,8.55479796904754,0
7.00725658971019,6.70269715449642,8.19458200096316,0
6.88229041608554,6.98246347871731,7.57088722505748,0
8.27191379557104,5.58706559532576,2.41288299661158,0
2.95921013642782,1.77370055369968,4.85306414122681,0
3.04850705726535,1.39173250476653,2.23003349969297,0
2.27069069748088,1.81743392394819,2.14378351049489,0
5.67985780024393,5.9661649121755,5.98234741637088,0
3.5981745456165,1.83184783963287,2.56815669728975,0
5.38663487894103,4.80109911350461,4.59880529144919,0
4.65190529046219,3.36428645867637,1.05602737072972,0
3.15946367574405,1.78765256886064,2.13660575582045,0
5.59462932228756,3.96643243541384,-0.0229750223181462,0
5.43329845457802,4.9310458664083,6.23936442859039,0
4.25861890138182,4.9995295420612,7.04283162022535,0
9.10379799497563,5.42519040374961,10.1276685110314,0
3.50877676197171,3.4859086784793,4.543419137229,0
5.19453272390678,5.53433536191018,7.59658051274572,0
6.76975977151743,6.28376926532161,4.56482530724275,0
6.11917650807567,5.0844162096542,6.28862675312506,0
-0.399059742366647,2.8439942083764,3.83048755431257,0
3.9052746059922,3.54929741295684,5.81104986211265,0
2.38363476390245,4.42023431649346,7.1304165784991,0
4.82254620230279,2.59557695636937,2.08401682228268,0
4.99776103456102,3.36254311865624,3.1519003143124,0
2.86369218427184,3.00564543627707,3.16458341388482,0
1.36942684774762,-0.552278260414613,2.55358925490395,0
5.78048118623189,2.9248997934822,4.53666554325764,0
3.62820117337175,5.23318345181349,3.91119321287595,0
4.99001790883982,5.22603087946634,5.34523177094503,0
4.30678310927199,2.74037521571212,4.09448339804859,0
9.04548928256699,8.71666768187679,9.97861110595332,0
4.32102513319868,4.63702746169888,9.01140871712139,0
4.80759349688579,4.64698061397743,6.57950353261277,0
5.56651118726846,2.75074907972926,9.04093670523737,0
5.22316927620464,5.38474362199394,4.27937680716322,0
1.35594979255946,2.54427970214048,3.40066139691096,0
5.64510851445216,5.00152169136891,5.90072200574614,0
5.09218803488233,4.07661932018667,8.19805070246291,0
4.97812736595258,5.07095879226189,4.33257906922661,0
5.79677545897882,4.34215517052963,7.12148523188818,0
4.79368901978715,2.24962240713753,7.26584834064242,0
7.21712092707102,4.33971771070643,0.0312603040921315,0
4.71400030279394,1.55245315660928,1.32505028866842,0
4.31063457164989,5.87584331751991,7.8702703807718,0
8.27453296959797,5.72528959315692,7.96727256952608,0
8.13027019039958,2.82683506135218,1.53029170453547,0
6.14911334995728,6.45044279320423,9.81089682908952,0
5.77451105587883,4.71039261943739,9.22612957523241,0
4.13971698996928,3.75505908878147,7.47695430400021,0
7.46305910131155,5.65665655844957,4.63246720170602,0
2.64043169113028,3.32247938593488,1.62262152288318,0
4.37233210367129,4.31655908427783,1.87138496587114,0
6.03855999112966,2.65296747355833,-0.0210565806391374,0
4.68512060250457,2.21236470550255,6.61125033192815,0
4.07683694043509,5.30103537288088,7.56117476439977,0
-0.0901185154250648,0.424410366419649,0.812038045071137,0
9.8324000711125,6.46569520326223,3.09866142889425,0
7.06770904419096,5.06453608823931,4.71605778631079,0
4.10516318318003,5.11043939300946,6.7241133976543,0
4.36680931269924,2.7815601068263,9.46244078720747,0
9.12675467001722,5.01660465786811,6.65986093824551,0
7.01389690585608,3.34559025106205,3.82679491948799,0
3.67023105954032,3.58679433757497,6.02288416392545,0
4.28208489428841,2.25759834874549,2.8771659633457,0
4.65302434015543,3.1483388036266,4.93677927785718,0
6.28373623040616,4.17208051228331,4.55314991511817,0
5.42938282311115,4.68790265300789,7.29376966538836,0
7.0249936755019,4.13180222238464,4.29403787807451,0
5.60596364045834,7.10275245668961,7.25610252472758,0
7.52176965811982,6.02951958572964,3.77830015621712,0
6.78134055923601,6.22754995406793,6.6359829245605,0
3.93989193287682,1.36191189088632,3.26002953004076,0
5.40537831614237,2.55454022842836,-0.51461308455352,0
5.40232535738831,5.46494360524263,8.38135040307049,0
1.84120207575001,4.19037213477891,3.81467354513423,0
5.02551029454307,2.86226296668389,2.13768819931475,0
6.23192878159927,4.1362560439593,3.7326862797235,0
5.52670996962568,6.66556086437036,7.08523285522374,0
9.41146613819761,4.93125270981505,8.31793996478297,0
3.11493025521645,4.76262804279615,7.70683206802593,0
6.02873343752142,3.77005360067849,6.00991095902036,0
3.33549305339623,3.85208000931243,5.66336395418086,0
8.51772540602825,6.9690370510378,7.35427562084054,0
7.13015877811892,4.03370792144129,-0.0968981893756702,0
9.31492760551543,4.05436664557235,6.43582669329847,0
10.0661576680889,7.32375454385281,4.25694067072692,0
6.45176097208671,6.50626456665581,5.69139598856689,0
5.90349517463228,5.94033162231448,5.92275534473846,0
5.65504604251392,3.24275672935465,2.1708662626297,0
3.44005590634309,4.30656106225805,5.56293291766133,0
9.64458210488721,6.44644966874597,7.83904475509695,0
6.4309165081069,4.90809677830679,4.55816413518992,0
6.81948664920159,3.73200695817406,5.1645116941587,0
5.82715387662224,4.10061076446938,5.86514798572055,0
4.05147607682268,2.07226385890561,5.90530583124911,0
4.48075466665571,5.0553179606502,6.56531918237685,0
2.95771804163998,1.16823806229121,1.35760581649202,0
6.3148934332829,5.78963548978682,9.32288763404736,0
4.9847692829695,3.33301990541785,4.77317790834115,0
5.40562338540935,3.13646062001649,5.24489469947779,0
3.71721246518116,3.23712042260423,7.26418754197981,0
3.97005696999809,2.47971099356401,5.77633450301151,0
1.71593924715899,2.91785874123601,1.89846838257694,0
9.55176076344922,5.27631895484673,4.46130853070728,0
7.21562156180813,6.17872422402865,6.93831157052846,0
3.56913533610083,2.48426929337212,5.92530007876485,0
3.6475188093764,5.24979905306756,7.36686954289361,0
3.14229783843918,4.42998755252851,4.04838895260356,0
2.04508267574457,1.82753433696936,3.69385157900241,0
4.03321622347343,3.06221647974522,6.47122811847582,0
5.77484382475375,4.73436975492201,5.7353046527643,0
5.94830559460669,4.56691260991373,5.48516733286509,0
9.3406765676873,6.97774791215049,7.58795885982535,0
1.26305427343776,3.10849835714717,0.441243704164808,0
5.74424086289008,2.85082132956766,3.6058986654375,0
3.3097726587895,4.30027135335063,7.18022494314971,0
3.84819272805327,3.99452835623796,5.46058377287511,0
3.01925694698075,4.60482280639534,6.86602320772172,0
6.16194797365597,4.6553930035297,4.92173163423297,0
2.53485804827898,1.24290486172573,3.39233065796923,0
1.44081078565616,2.74198961089971,1.9091140933909,0
5.88006529057299,1.93352237057669,6.65633663578361,0
8.45797699655214,5.23159521682873,9.61673761221686,0
5.51130071857724,7.19109137844929,9.5249439493445,0
6.78519415734299,3.07323179172543,6.3795976645869,0
3.57512854799194,3.17544880469867,6.88531858544221,0
6.49000952837384,7.00615873381528,5.82914210566995,0
3.97513037180893,-0.726393225075656,3.39024513175144,0
2.69365530279781,2.22871637984633,5.25494062995834,0
4.86675782781125,6.55960293167192,7.33107682439468,0
5.01348253466528,5.41869685818318,4.7257154562191,0
3.92168172774808,2.8029045792541,6.7934462199536,0
5.51529341199693,2.94972262781064,0.865464810918609,0
8.09207830440441,6.65886035100043,8.14921874849647,0
5.43733565666033,5.21196379329823,7.56944870908816,0
7.95097042241565,5.41025333381411,5.41481101408274,0
4.86552766353275,6.57501691636738,7.05742297864429,0
2.95749246120712,5.42570200023771,10.9185262926011,0
8.79056636020217,6.4230195723757,9.17959847004822,0
3.71768663396495,3.91995690408827,5.51134108617892,0
6.6085888486116,4.08680800441365,5.62424269019426,0
4.96078420355424,4.37436916794528,7.05342590640762,0
5.84327717053124,2.5999232515624,4.39670589849739,0
6.46260778387235,5.02532460541015,5.10369785477638,0
1.97352923349875,2.23314945647473,2.77114737919879,0
1.13149816307371,2.52232973235174,4.76547636651748,0
4.57978580706008,2.50409726452097,3.97107248888369,0
5.94882644843754,1.90961266449963,1.89375078771654,0
10.5579216845625,7.27507426591499,4.91417982528024,0
6.65630933614671,7.61552208613223,9.01613853993189,0
5.91712254855604,5.04154434700672,8.08084976093942,0
3.13191965950955,2.25165278450068,1.28412134543382,0
3.76739604701921,6.78113935004251,7.70425110846859,0
4.11625156688334,5.05774912672818,1.33370325373912,0
7.95657132812589,5.6843067931522,2.80216445983914,0
6.71926923517569,3.05442651233525,2.97257170684627,0
5.68116182617887,1.41450086512773,2.46423211921776,0
3.78756964097747,3.91383037977177,3.23951971038478,0
7.27327691729721,5.51178466109961,6.19306137931563,0
5.69015161524348,2.86265113662909,7.67948792541704,0
6.57498261407652,2.95530940407704,5.84557825175721,0
2.67014782950513,3.26440197438923,1.57287636436962,0
6.26381640246035,4.34240147313624,5.16565637534687,0
7.82059418403445,4.87674397571607,2.69722986063073,0
2.54766207194427,2.3756061860814,3.55621221867002,0
3.25952230907685,1.1252630420753,4.59883747363518,0
6.42658523930619,4.78074217398712,5.53330332066148,0
2.33114332347932,3.54639014457978,6.06365913089814,0
5.60462594393501,4.82837524162638,6.45490948134932,0
6.44490958718166,2.38971874479115,4.44872180030827,0
2.55056708554523,1.41769251053003,1.75631366538074,0
6.69830794306031,7.2767016641484,9.84189507947974,0
4.14333533637923,4.70252532284107,8.18647455146011,0
4.04838349772653,5.01194002150935,2.647605135638,0
4.12368825984,2.78065547282402,0.743056946167009,0
2.84035250355745,2.3279189343346,4.15481953239441,0
2.77472218820061,2.51340172386403,7.52112311328256,0
3.3489777847393,2.76665489791191,4.31086723116305,0
5.32905619038984,5.53531864783323,4.28981632952857,0
9.11254451778508,5.99052877751366,5.41233333125836,0
7.34672820132756,5.60947606851073,6.43334717382336,0
7.41580010564703,5.27042231675486,6.85047668511666,0
6.34461900679547,6.05144434032493,4.78992589747794,0
5.11599883082996,2.45890195037592,4.35594315789865,0
5.53130497082433,6.63404994124717,5.65503187731122,0
3.78567048803424,3.58660428386032,3.72140036551404,0
5.25486549364584,2.02015947806212,3.61996899572984,0
3.02020220214803,3.32576614991779,3.47605207939334,0
3.69572293127822,4.93964902988164,7.80199282813604,0
7.67534105781269,7.50203454692543,6.68557328134471,0
2.93109887822189,1.38764915008337,0.838655239019852,0
5.06824661347147,4.26864554974742,2.76181121536937,0
5.84701814622798,5.41352918777713,2.41133976247123,0
3.44313557550488,-1.4342885222389,1.42619067375022,0
2.23277768927197,3.27968047595314,6.39810040948429,0
4.17857342960572,3.92085463594123,2.21320870578668,0
2.41405062104769,3.2183154975975,4.85504467379129,0
3.46417443264386,0.759355456817514,3.7126964567785,0
8.26062068323499,7.45799635648031,7.42372255672882,0
3.93793879276581,3.10016851578355,8.45633842407035,0
2.71507658937401,2.87543644042103,3.49702604325408,0
3.08274575591923,1.78604891312429,4.41083152815035,0
2.36155301036348,3.40359623104751,6.89136218224479,0
9.13198900669629,7.38644073290755,8.78048698541576,0
6.76395398681837,3.95130942979462,6.89707529228219,0
4.96037724682127,4.9222528734344,9.33148421514006,0
0.754565984585145,1.99996942630188,6.94701984754617,0
0.902314353925393,0.340258036315096,2.16164014778725,0
5.36266858400499,2.24634463537128,5.15153069098383,0
4.34672336134614,1.73427445341257,-0.980450233041678,0
2.76964730325712,2.67664557851211,7.00210686298216,0
4.39678227053325,3.68738616326274,6.86815142534996,0
5.85720470585219,5.77389589913958,5.42320446623312,0
4.72572376092438,4.07751534705768,5.52770826652849,0
5.89023439576139,3.37694015781863,7.98052551541526,0
4.65110255966414,2.80197244041751,8.98692352039052,0
3.04843028155753,5.09754553271889,2.26294717029918,0
5.34176661765849,3.57193000931833,4.40229998985481,0
5.01760556279511,5.71304971382595,5.87266332120622,0
9.55689250745941,7.72427062558008,11.5202776967636,0
4.37952314727399,3.50841429236093,2.78834935944137,0
7.00018822321802,7.57317264150882,6.49503803989184,0
5.16206645854291,6.97368261900521,3.49995334083655,0
5.97118363811723,3.64884864764788,1.73474285402084,0
8.62258022160975,4.04276483872001,7.17279827324826,0
3.11813067935784,3.69306716931418,8.62049168726669,0
4.90270864536022,3.0460384764709,5.18923459094887,0
4.91255111240046,3.9573009373703,4.54468786308533,0
6.31478927831,4.52783941111064,2.83690254056144,0
5.69605793830984,3.07195596354552,4.37996691205326,0
5.10091938133526,5.38561186094199,5.01322695776877,0
3.24512658793011,4.7478142906543,2.99377717975084,0
3.9420230525568,3.82568881250365,5.05327831895704,0
3.71655902638955,2.4822821856383,4.65609045913444,0
3.47139039127606,2.51753226691381,6.66827993074599,0
6.7805832894355,5.63825160988383,3.92483160789808,0
2.27667027018254,1.31949480810017,3.75273387542767,0
5.88449821428092,5.83043470137655,6.98184164297522,0
7.11751345930561,4.97932643177066,4.88495622597065,0
7.16671792822593,6.63466177785428,10.420415074397,0
7.30331531001115,5.75275052372888,6.56796922949885,0
6.02733049283323,3.60319195491372,3.52419548298579,0
2.95017939058028,5.69714472074781,5.38399365748318,0
6.09239664802325,5.87330352180582,8.40744046954834,0
5.03733301109877,3.51616336327573,4.92806885106841,0
5.20415599911023,1.174854793437,-0.389385508617409,0
6.16691388376297,4.46187533514275,5.52212554982558,0
3.5308304721456,2.51747041317098,6.97910089176634,0
4.17912795828087,4.98793069626864,7.77021349316156,0
7.42078256208185,4.82855690410348,7.40373900847086,0
2.70260830366576,1.91765421384348,6.7045459564662,0
5.60408041042166,4.60167816990475,5.1609534480223,0
7.82028979245084,7.12279786224356,9.23580370311433,0
4.03025206571551,3.17134951132755,6.09171138359012,0
8.04572198310452,3.22155653909041,2.21423670119461,0
7.1410910615818,3.15043272379386,4.82725876299952,0
3.6865615169194,2.68824328403156,2.18065025259942,0
6.09774152973257,5.94047124916209,2.86638625861149,0
6.28025849050291,2.77777932130457,6.52004526657856,0
6.5634205016045,4.64949789921804,2.18822601199785,0
8.73842788465981,6.07368544789272,5.01734320701918,0
8.01495612208157,6.00997085945612,3.49949568937972,0
0.228885468507335,1.31853559073415,-0.914924846167374,0
8.24100230990003,4.86542881098705,9.20749068506247,0
7.73186562432155,6.39235130677771,3.14191627300691,0
5.45662121144102,4.74200831134962,3.85537373825858,0
3.20718372554846,1.26054912804025,2.9813608724268,0
5.01726772858048,2.27342885361356,2.92628112700523,0
3.57675652829936,3.87950800417282,5.3804708537399,0
7.11056076452412,2.81069617496716,3.86768929044812,0
4.47297528162634,3.9515263872982,5.93496183682838,0
2.31570908709524,3.55008343216429,8.16353539867622,0
2.96519009067529,2.87496705059753,6.33802787836196,0
4.78366664234553,4.96339265022966,7.36304916139567,0
6.04693645780879,3.21913305449791,2.7377157863781,0
7.28246912354308,7.22571903354954,7.39403979662737,0
7.14043618883541,6.26411016651378,3.08555423573808,0
4.5541395481155,5.38701870199744,7.93007025759601,0
2.54990586516393,1.06573106612482,-1.19313089561322,0
3.06070128125618,1.76703879418883,7.62720863551388,0
4.74883612133067,4.37550317971528,8.96620297171,0
6.51740401903995,4.39425055333104,1.57512940614006,0
5.03733079464217,5.42291428969309,6.50391447552765,0
5.9162060787736,5.23857056981212,4.68666033060024,0
7.78275899378237,6.15804952530777,6.36926015401013,0
5.9354878113148,4.36748021509771,4.78488201800672,0
3.62206599009993,4.35448598606604,6.37408294848612,0
6.9945987583848,6.34184951411537,10.5925767236844,0
5.66731766472124,6.53678703816366,7.62207632679002,0
3.37658675650626,2.7979681553099,2.17407830410054,0
6.9006395497784,2.67172352952648,3.51374832839883,0
3.18315770443824,5.21161752688594,5.79883906655161,0
0.914956228090737,4.04848194072961,6.0434741605946,0
3.04086140840169,3.31644123625736,7.5271128485508,0
4.2221314949948,4.43705235784703,3.90493338464032,0
4.46578637767447,1.93792033600625,4.60996756465405,0
5.87150472039649,6.31116955512918,10.1675125369623,0
6.50167924140015,5.60817350777164,5.10559463732457,0
3.19086730832617,1.54008529724807,1.53807074723929,0
5.82837050628395,3.90707058839603,3.70945350863262,0
6.61367339133309,2.27925603775786,4.73622469615014,0
6.22699183285476,5.29399210519772,6.44411066102636,0
3.15963695059084,0.653368959477178,2.97529224124559,0
5.07162628626948,3.49808037079907,6.89890659422931,0
4.71878321786298,4.44221803278616,8.8093929315993,0
7.26263551274142,4.88441581859109,5.37555701268764,0
3.18186375756511,3.59284536732835,6.49614848981379,0
5.37708496764245,3.14113746829828,4.46028676033582,0
5.71534762234585,3.20969415977298,4.42081501837076,0
9.63637096314669,7.92330526240133,5.02432430510215,0
6.32149798470797,5.51154144253589,7.34931109641032,0
5.94060974351445,1.21222381429794,0.854685898965696,0
1.36695499177671,4.40052881227817,5.67521910919144,0
8.5821340400817,6.7574257108269,9.82265015723518,0
5.84322055799206,4.92511052916996,4.31896397458283,0
4.10501774198052,3.34630003243106,3.97771183716473,0
5.21792730882473,5.34436595496151,6.72857852861944,0
4.60834196224274,3.3275592513416,1.90792969974871,0
7.34544980308258,6.55390213101732,9.15763872512718,0
4.31787819004858,3.76151543155867,4.48711344150017,0
4.70545215390709,4.90421618802229,6.38056450037017,0
5.0116400641046,3.97578309946729,7.25226429353026,0
6.59353978800155,4.54638115720737,8.06358466654903,0
3.9694227474753,2.79668824198192,4.81203250731756,0
6.10961169746106,2.86386240694435,1.74015865460991,0
4.77370237881143,5.77452997160396,7.61864394515455,0
3.35049517134355,3.86262076369603,4.58579800002528,0
5.28690362103878,3.5333168437381,3.86831587810042,0
4.11479584827213,4.45951170008366,6.24101906229417,0
2.34114287185965,0.083044879246267,3.19568934238123,0
9.74854223736164,7.61254675404992,6.09699721875626,0
4.11508357441329,2.85342242139352,2.7063672650561,0
7.00456083156549,5.38928433188748,9.26130068604925,0
3.8283804137327,3.95665244196846,6.30258622699807,0
6.62510299806434,5.45904547866289,4.99265112806537,0
0.552598333033822,1.59772937314332,1.78981141758709,0
4.35000053228008,3.1381750242245,4.77060997241053,0
6.22268367339284,6.01167924417171,7.36036867712704,0
1.96442681378479,1.56391352949871,7.17578463769988,0
4.27237207478108,2.49760082585985,8.51589443560449,0
3.52810787847455,4.71182442386932,4.90918173057601,0
4.85913933231131,3.39343435525448,1.78401202014273,0
3.28859700999931,3.48722811614635,4.80364893534061,0
5.08908242854599,4.78275959202745,5.0130885441214,0
6.01708660060357,6.51731979303472,3.18010950333185,0
6.00101342777528,2.55388030376264,6.59857575400669,0
4.03042064036078,4.3483679517987,4.77418888853109,0
7.1136673924444,4.16928840312156,3.98962379881236,0
4.22137603781282,3.18317844477889,1.17407817128837,0
5.68294029466707,3.25651366328756,0.908975049626643,0
6.41149963121344,5.04334763778413,7.63377420449291,0
2.9490545685712,1.43849446372085,5.46116116767221,0
6.70381887496542,5.17505591969383,2.72487004936504,0
5.09403986081485,4.08137463911277,4.29925520893275,0
5.27090825757645,4.48987033670459,2.85465908482847,0
3.53039854804802,2.60810111892594,5.14002647146815,0
4.03868234299658,3.49052582676769,5.45868254521207,0
3.31211749932664,3.15657195906198,3.12080341089791,0
1.64685270288003,1.79563788297815,6.42221883970305,0
11.4074202438735,7.23227304014099,7.07316910838085,0
3.38127776994205,3.30798417418874,3.61821156018793,0
7.48996950691595,3.21054561667708,1.1683186444605,0
3.91690880502681,1.54142643600444,4.9628931922329,0
2.68394313877362,3.57535468600229,5.64881373188562,0
1.04354953889312,1.92216752697221,3.53610701131927,0
3.69120646830507,4.0030775667264,2.10304403946802,0
5.26811442936041,3.35027552971327,1.84823982277416,0
4.87542739214104,6.64219128987026,6.1601610897899,0
4.04245129496259,5.58058853114031,2.83395899103065,0
7.82776014782456,5.45212765696981,6.82552832920101,0
3.18835818823077,4.8395784805967,5.74337313855017,0
3.44595214592419,1.1966966372457,3.59269943583139,0
4.82274340688787,2.11294120544887,5.26808623586713,0
4.69669582048953,4.30873260077001,7.65919486994146,0
6.34311604124339,5.14691278664481,4.71946792004345,0
7.07355446261593,7.07000979595233,8.46515012603717,0
3.00785819955018,3.22644712015048,1.22088899076417,0
10.53832019208,4.55966667482469,1.40079811484548,0
4.83566216245929,4.90730290167953,3.12575312045051,0
7.28350512537203,5.1329340211561,6.46106911813269,0
6.11222775411475,5.78272944416972,7.47825337061934,0
2.86337406444522,4.52122406128665,6.21927205234644,0
6.58284745521983,4.98323256539063,9.07018286183835,0
5.91827235875973,5.53906712706348,8.40712922689585,0
6.05293777381766,2.92365592163565,-0.802207945127718,0
3.87176984228564,4.11382181986184,7.14148127349352,0
5.93155448639434,3.39928485227561,4.73720921022118,0
4.80018180898665,4.71292206295482,1.85704908403175,0
1.80355296509546,1.00488353071395,4.92461293983625,0
5.65241025756467,2.24680931365433,-0.0157712162606582,0
3.18423840626371,4.09879139893166,3.62387853622001,0
5.88918649469435,2.76620077156291,3.29999412805716,0
8.51021110072988,4.93554437902725,7.9180791128453,0
6.65816369021082,7.31471466880795,8.62130465656012,0
2.87158777180071,2.04754514309386,3.02175677041985,0
4.34067333537075,7.79253696033399,8.84830160282774,0
0.485763214032827,-1.99889997558204,3.90686275925991,0
0.942635391166922,4.91301869202593,7.51061482491287,0
2.90237217465232,3.06439973264378,6.62422771190815,0
4.47486893302201,4.61087288198401,3.66443470628111,0
8.35212787236879,5.99929425438448,7.46869151290578,0
5.88854282086892,6.93531632047203,10.9923806851832,0
2.59171682781219,3.26772674128696,0.0849864688863793,0
2.95062257204806,3.28942606198323,4.15395806227416,0
4.29678780003664,1.53501244798539,3.76949115056219,0
3.5241707514735,3.45796568590156,2.06686008592365,0
5.60136587092746,4.59450559989832,4.69210320358033,0
5.94622911551425,6.06695691694959,5.22785642585312,0
5.35011991232323,4.68732981596699,0.647466096841163,0
2.69298513738029,3.39645183980579,3.09549789479653,0
3.18351547272544,4.303838561861,7.83297574484086,0
4.57448933864521,6.07393858735902,8.15677999352553,0
8.92434625897502,6.9853404582053,5.05410063474404,0
4.03917213534245,2.70663460459828,3.69545125415032,0
5.49506769127579,4.19571976629974,4.90368478112227,0
4.76634666994481,4.27325544251938,7.94724269378026,0
2.07614009385522,0.0799046539602033,0.902801846966623,0
4.38077694843881,3.2376228140821,3.66782908618182,0
5.44205546863618,6.18683879529416,6.03539006390127,0
7.98827587820408,5.98648929560343,4.91426515673434,0
5.15753240893757,2.61489594054516,4.34821756424543,0
2.29149882290386,2.44348674094034,3.11072185805736,0
3.26397993264096,3.99903078454037,-0.838197534291401,0
4.8600718351112,1.40062660511974,5.78041844708337,0
1.51200259023978,0.759548726283555,5.04871506100079,0
2.72903490295149,3.84085343627348,7.79341289018679,0
6.69156267268502,5.87215259732308,2.72350932589788,0
2.64126536471019,4.84947725284423,5.79908777537053,0
5.38493929673488,5.87485999658482,6.07661494808784,0
3.73527314899047,0.222306098247441,3.14570490309196,0
3.24455311705816,2.20991408774203,2.50390120972763,0
5.31035189126246,4.6624968430019,0.49155244798433,0
0.902290165874154,2.41786651860915,5.1618297469505,0
6.98478809942665,4.5566933922913,2.4842275065854,0
3.16523591237735,3.12774621508818,6.44719519578593,0
1.1315157673178,1.71971572016396,2.15485404904657,0
4.42783045099814,0.665598299551058,4.35457210503974,0
4.9030630026047,3.73938106387221,7.45364673240546,0
5.98500225650304,3.2548261894852,5.275258007343,0
4.9251751679499,2.98744220807334,3.6881761555069,0
5.81160163989386,5.26630983696836,5.16205614553876,0
5.94287586562914,6.76270733599828,7.68785792455697,0
4.9777434196979,2.47940382323901,8.04286313576423,0
3.05283050260571,0.620976503250687,4.6789718571307,0
7.41952997532785,2.84735770930045,4.10397695835647,0
6.76482535605767,4.72653435079007,5.23889652133946,0
4.03794809974945,3.42610086800483,4.49506816924985,0
8.75812168121459,5.82890684887292,4.71700379282302,0
4.18227688199005,3.63036445290949,4.0524247948071,0
5.12450571003573,5.46115170372361,6.17275260500156,0
5.73903743385765,3.66751686802149,4.91453924476179,0
6.60926153782085,5.07966027162513,4.80313898294536,0
4.93428679720795,3.47197722800355,7.75977062372129,0
0.937048540118484,2.09817082502598,2.31702119306562,0
2.83112013061895,3.02937777878865,4.15711982561269,0
1.33692653295988,4.66998994631473,10.0049981351723,0
5.67374689941643,4.62762707159077,2.38639449637313,0
8.5889224928468,6.45801171232474,4.24988872349733,0
7.1023655083428,2.69208380818335,3.20410142393167,0
5.48443046301687,4.47507826560613,4.93839759060955,0
4.20214558386047,5.59444107240108,5.25594691344867,0
2.33689117507372,2.65948692865806,4.41602849120855,0
0.398717915081307,1.1390167172557,4.9291941820615,0
3.60568656423912,3.31796752329479,6.56360452445157,0
5.14662188500868,4.53035713203503,6.40016965562833,0
3.05706579364952,4.07598730536638,4.77070688551768,0
3.33925832800369,3.42254990198293,4.14928154423879,0
5.26865873705873,6.42987938846189,7.53376184862714,0
5.9310621495627,5.90683392750433,7.39084924857667,0
6.12159249338631,4.33578681364999,0.745418799285741,0
4.76617326147943,3.42624343031215,2.18967563477812,0
5.69166073680595,4.45217645457264,4.13222401505003,0
6.72881268463844,5.04407487623355,2.92756892699929,0
4.77629587100396,3.88579428476868,5.83219341593032,0
5.17386061738175,6.53943081477888,6.39244137779931,0
7.01558096725179,5.55819784268542,5.85587255270216,0
9.72421432329115,6.05934180846839,7.92730687485119,0
6.3291999661049,4.99557216950036,2.79191623728784,0
3.38454870329082,2.86872226101827,3.06137894537114,0
8.52476845158344,6.422020610157,7.81110553892801,0
3.40350259598191,3.97370342410316,5.96788487183776,0
5.47164392860168,5.73879304452462,10.9950766129135,0
5.14416308383907,4.32789176071329,4.7666485270403,0
4.96226115854364,5.73925180303172,3.01170557098618,0
7.80132944809045,7.05899463514311,9.04319921102294,0
2.28007496773343,2.86627100145437,4.19071376640031,0
2.36258603950105,3.10155948822811,2.91548339810614,0
5.32885757831611,2.73558182007259,2.91822355552183,0
2.80381659856245,2.70284845562869,2.58587413317263,0
5.90728690906154,4.1271075014651,8.30985017042858,0
9.12034584717973,10.1987386620829,12.5803691583353,0
10.2209133595016,8.84719782151691,6.68444602139948,0
4.68012771792306,2.64786778507403,2.28575184730367,0
4.40262259218608,4.82214547947942,4.58891243777845,0
5.54688193769394,2.40133910073876,2.62969837603753,0
5.01829294829579,5.4873439866397,3.47310405377621,0
5.63680008003478,3.94548433513775,2.84214622728965,0
7.77905158039147,4.48806082724575,5.17940586621949,0
7.21779511031045,4.33064673194569,3.45328868503888,0
3.20479817675602,4.27976343379584,3.22574957022227,0
2.48594835440969,3.78952743883461,6.03845660071451,0
5.68689485775707,3.97974148474273,6.1560573356991,0
10.1445653490118,6.18433885806861,7.90936815598955,0
6.13940534708987,5.7034381682116,6.66384329495405,0
6.97215947892204,3.9291664068155,3.32171257028196,0
1.99198631619769,3.78818390639181,3.25150618607331,0
6.68658446391676,4.15451395903012,2.83950549211902,0
11.7930770097009,6.64782084678825,6.10395025737234,0
6.04230443117862,4.65525024537249,2.29868850274076,0
3.83677283640542,1.2722843394927,2.97450653092476,0
4.35676549755961,3.15569435081843,3.54558608334207,0
5.33943329735917,4.54694362578926,4.39146338466791,0
5.60742752202352,3.25396185394716,6.25980710343347,0
1.78466537293146,2.64380209944938,3.0004060971976,0
4.2597968022889,3.20865200935819,2.5739843518927,0
5.69575523310862,3.13869307137488,2.68868350164064,0
5.66629018447684,2.98449498269401,6.57597106793053,0
1.96302733583981,5.50915124479552,6.66930966125412,0
3.055939679814,4.10324163969636,1.22923430776,0
2.00558021427163,2.41751544126237,5.52196882927078,0
2.16145010958634,2.92790468554106,-0.371898674671937,0
7.48568033187612,3.00388743519567,3.95140697445191,0
5.20302629052795,4.66599312347149,4.22523920068913,0
6.45634332660352,7.61571534948868,9.07340342160445,0
6.29018018574224,5.08975709864333,7.52121798544547,0
1.7459962504701,2.39420319292097,3.9358016983841,0
6.39659098717323,4.71683130306594,7.64122391590047,0
4.29039089276617,3.84847738086226,3.54691657033588,0
5.70941409518285,7.54879592525765,3.47637024527422,0
5.52246874650798,4.19817956877499,2.82444889012491,0
2.68208603663781,2.16649956011519,4.39764959496923,0
2.87488959729538,3.59078068433578,4.23907549919852,0
7.25083196329114,6.90667430284583,4.55520177556905,0
2.06762170699968,4.95789551057756,2.006410501541,0
2.49904629453621,4.32115385895924,10.3787196094058,0
4.32561776797168,3.50082178292865,4.49963159534705,0
6.68056534560183,5.3006918817718,7.04269774378617,0
4.960290613778,4.16231951001935,2.51971389661975,0
4.38645893033645,3.19239191695689,2.6754076013231,0
7.78546293598552,4.8621836970213,7.22033932958604,0
3.99607126191198,6.28135258399716,8.68765812364669,0
7.76575399428837,7.14957696878141,6.48367411303054,0
1.65858547947056,1.94095424180332,3.90019923762143,0
8.04311562955174,6.77004995621277,7.48326659328707,0
6.40346473750121,5.37492249332946,6.33720345575004,0
5.33374226569563,1.96133241077101,1.76180933250499,0
4.80020976742589,4.78523393385512,5.54253471007605,0
4.36020159293612,1.96047750632149,2.93799736133206,0
6.59350147325318,4.60856857510229,7.3107542092344,0
4.24717164172309,3.27548051680469,9.32245706145743,0
5.51888944626579,5.0123862465039,5.48733470828766,0
5.31445437360364,5.75882674526469,5.12313272116385,0
3.74725097926965,3.71113180378152,7.44448027368114,0
7.23276119536486,5.90109207386942,5.7397601269002,0
6.43543885335889,4.05268839609361,2.99099461362162,0
4.53974857267274,3.85103089990702,2.70766740717859,0
6.16951470316294,6.06467681059289,5.93626774210689,0
5.03466939586908,4.84810118334974,7.09598307096267,0
4.0182899250509,-0.376359934942149,2.44689432031712,0
3.83868479217839,5.90690938514996,6.97699421227619,0
2.81123792602891,5.49461411372342,4.30207755361083,0
5.23742239577252,3.83049446804303,3.33970973977216,0
7.61614488272044,4.85603009250681,6.94945453391965,0
6.73381092767981,7.23606524211126,8.73531741220379,0
4.86601354871431,3.66429291261351,3.51464212360302,0
1.17911660100549,4.59000807725862,7.52633387793175,0
5.06857390624684,4.30680423032312,1.46544448682085,0
3.53029333404218,4.62142965762202,4.73048550354396,0
3.29781508271906,2.47874644937617,6.55512429831532,0
5.7828789332024,1.34231009563456,2.23399995394239,0
3.66366045106922,1.26568590840184,5.74002673239152,0
0.776737821364073,0.289467153633159,5.04305887986924,0
4.26573068573285,5.50016088166588,9.51880196404767,0
4.27045720450652,4.44039872024311,7.59251006513929,0
2.38086271668103,5.6553008108485,6.14668674894124,0
2.73991088225063,3.29904573176588,6.3145304609559,0
9.1544409893587,7.2506657611307,6.48236549051322,0
4.8867054092602,2.33226414068917,1.90477692087673,0
6.58560150277341,5.00441876087238,5.54696439757959,0
4.49281130301497,4.88123642628897,4.82987636250374,0
7.32577371782821,6.29750680391878,5.84120182403979,0
5.42060412782443,2.70422287590769,4.42311597169318,0
3.04867580385949,3.52187441474539,6.79864612631546,0
7.44676319768822,5.40191726076779,3.357100265834,0
3.49108251336925,5.87444501396048,6.76160559762512,0
1.5606200651799,2.7735669380024,2.93221777463361,0
7.08922460471188,4.31577820162503,4.34822546600792,0
4.279562697409,5.2911116104321,6.10812350327968,0
5.16787599527166,1.05286616855674,3.53219903179132,0
5.97608820410751,4.82257302869652,0.738931149914359,0
6.00217034720899,3.49300134774891,5.0080071805,0
6.05620489065127,4.48386916941715,8.24009551228454,0
7.01926990928162,5.29032797725076,0.247285563684306,0
2.14276006099576,3.31711554246055,10.0724909783672,0
3.84085380348163,5.43496982984238,6.49683658550887,0
5.96839106205833,6.6491085354909,7.22055110032954,0
4.993962229074,6.6800112362111,4.43157871077048,0
7.09891124216611,3.74453895823054,2.54115924181493,0
2.59590921725239,2.5072362534289,6.19184814489192,0
4.62191144771587,2.36494192731444,1.32723803814602,0
3.41550616332471,3.78703749344207,3.70309328623607,0
6.4820696027432,6.51030206980542,1.95793170549109,0
6.0823401892316,4.63446359355988,6.15639005298292,0
8.73562126843025,3.99050114628546,2.82078754607521,0
4.98503594460434,4.60601140001267,5.72769834180065,0
7.42619172857856,3.79653857494974,3.21380836513693,0
5.64973883782346,3.83514465300386,3.82399116957627,0
7.92434342248166,6.15864125314643,5.30247393093484,0
6.07306389215023,6.11788610413159,5.80680259679234,0
2.59105729520076,1.79722213569908,3.89004967279759,0
5.75636970667316,3.56274354024718,8.16779210645244,0
2.62904057975198,2.55286352562574,6.92322175327687,0
7.30012293477841,3.68273523985705,3.30263145444142,0
3.24306877642115,2.65140262388114,4.05560434154546,0
4.71308864360554,5.4471292725023,7.41542645301548,0
5.67305975882123,5.52391517924362,5.4498985040188,0
6.04844624871407,5.07065421929806,2.03527637182192,0
2.75677314796023,2.97719562611723,7.899979392427,0
4.32573236277766,5.78968614767187,4.84223184628905,0
4.8079135488394,4.75934819047872,3.91042819556768,0
3.47455636314957,3.54429982564012,2.0426774431807,0
5.59009090725404,4.53516998993448,3.38215454256174,0
6.1829567358517,5.84971328778697,6.48426192517483,0
7.19063621576788,5.55770884329162,5.86863722843589,0
4.07487708729146,2.56642284051164,7.3802989292465,0
6.10813573488657,7.73939079440147,12.091691964033,0
5.33289953571628,4.06049730338559,8.38909037781403,0
5.10883071317657,0.167237247851968,-0.319492077659213,0
2.31328176765333,2.99415252192229,6.94125816371747,0
5.39896632280862,3.32651775678605,4.16999073933541,0
3.3841910286973,1.35682199334309,6.52797557859328,0
10.0757583715739,4.60023340666598,5.77499857151477,0
4.71260510555539,5.64820117058811,7.4364140784064,0
5.90224515892803,4.62763912088266,2.29613853335732,0
3.39826798997434,2.387541993593,6.69422820784171,0
4.82149850372799,6.52113611303227,9.78090955285669,0
2.66206417688075,3.34571775035877,5.72846667248895,0
4.16938429952298,3.47715626834323,3.14677616943287,0
5.47855393396399,4.3086456115139,5.85631460412766,0
4.98397815395571,3.81524561947772,2.10037019188539,0
5.17492629270374,4.42830077463339,0.799644654038389,0
4.48233468988523,6.07031499289597,6.61453611496386,0
6.85944401318832,6.41800691008255,7.51487603670511,0
5.03081333865355,4.32886722593596,2.04229076055375,0
7.90577764312075,9.66330410844183,11.1797306120091,0
6.67517200083917,6.25402738271535,8.92365231656435,0
6.04675672375779,2.03898721720436,2.29558798685311,0
2.34866312674611,3.67535941958866,2.04053031390089,0
2.01957396629947,1.68509142067561,6.04301041310114,0
4.19295402584507,5.81927815687375,5.97478385019944,0
6.48721713143927,6.82284316835474,7.77410870941088,0
4.45316133058548,4.23264747000515,3.77700983739109,0
3.59866915111244,2.32550649177744,4.8344826672716,0
7.69152189434737,7.34827231827874,9.38397200886078,0
4.11410556089659,2.01271817449443,1.38214470226812,0
3.82230708463623,3.94389240299446,3.25225487299718,0
6.91836419902781,6.25515388318392,8.51631906162247,0
3.1835753854876,2.57415842023332,0.824050833436255,0
3.76046442209337,4.02374194464934,9.34072518980659,0
6.39492869550454,3.23105954530974,6.59444570208848,0
2.39478706979221,2.77506401123651,2.68803700994292,0
4.32563205636656,3.47212579895141,7.46666626297494,0
5.85944267963429,3.66912421256376,6.47988140935708,0
4.11422973664641,2.21029618346436,1.36500127432407,0
2.275281033097,1.64987067135119,1.61706470580596,0
6.13574566680366,2.70719665062805,2.61527590260507,0
3.74147256513932,2.58895486581963,6.0128044932753,0
5.54322257059325,4.3164745606009,2.12008571032958,0
6.52109149862297,5.82824694332229,4.77768466884814,0
3.37302542283102,0.981725706822551,3.53702021694443,0
4.95029049337103,5.52714435609441,2.59698790092492,0
3.11196647400073,4.81888092193139,5.61557410345662,0
5.0316410042339,4.52228120607748,4.16495218809537,0
3.75076507792809,4.1298219351922,4.79699124478406,0
6.19974064034799,2.84310664962135,2.42915891270747,0
6.04375933559137,4.47514595201664,1.07120769915171,0
7.24114246510505,6.68258711896161,5.04608450061312,0
6.11564542502093,3.52293864223891,3.73242697093798,0
3.94699170539712,3.0796531109372,0.104441023995097,0
6.08969025059791,4.3812679931597,6.17914990229613,0
8.67267197413919,5.34574914660982,6.00124918845461,0
3.16978869041508,4.8780849053234,5.4665913504861,0
3.28502089695021,6.14300736799433,8.7171267784662,0
2.73706090579437,4.15005960940931,3.97081166647584,0
2.33552225073945,1.18852673487291,2.61634469268098,0
7.86516861897955,8.4150393296516,13.2863056310744,0
6.19702242592863,5.23011072692976,6.12441183547717,0
3.43317144823582,3.97396558410774,3.79157702365691,0
6.93282846467089,3.59037831953373,7.09999816617324,0
4.57267397481933,4.1436580155277,4.00540976530568,0
4.0140003092428,2.67845481680911,2.21526804728731,0
4.33161740645363,3.92329692173428,3.02811833270931,0
2.65726836102735,3.8454159923608,-0.0692245643347782,0
9.72118195136347,5.47140296848316,4.77690725953928,0
5.36165936982952,2.52752304351668,4.62123232193244,0
6.97514316874321,3.70769265725968,5.43923552385342,0
7.25108114992634,8.72342417351549,10.3597698482458,0
3.33792319774985,1.21265573524893,2.95348114456918,0
8.56599007482847,4.62794109434144,4.78904384184733,0
3.5981261304899,2.39887017106713,4.11569088301618,0
2.53070962420037,0.962580818630525,2.76612302905175,0
6.15239621922298,6.03246206084481,4.70389645213052,0
7.12276285340915,6.00877817158791,8.50107236734192,0
4.34562609073138,5.43526383499006,7.89522749678315,0
3.53432621839968,2.0580135532359,2.87340126112049,0
3.9331211539432,4.27854967151556,5.67879152100411,0
10.2981640508218,6.18238930862601,7.25288499745689,0
3.04690004884378,3.96709825459207,9.15892348309552,0
4.88436372656733,1.62475435993361,2.02557951225478,0
5.63498442403663,2.2792723698571,3.41235517678153,0
6.44967986302708,3.45433827924604,6.42874834587738,0
5.53889438649962,1.22672451049945,3.0152380336569,0
5.56468840934412,4.44445165938961,4.00333177753353,0
3.981968439952,3.11133604382282,5.10891002858466,0
3.3295026768147,1.61031398584364,3.97744305584059,0
3.06040177900571,1.3344017105462,2.30925561510162,0
5.67250806467999,4.35081995956735,3.87276644304095,0
6.26620143611183,2.72923875178614,3.26032189978205,0
2.72947751223114,3.62698900201157,1.08523009061123,0
6.40363039421694,2.9313838934306,5.02466531341398,0
7.06620259771573,3.26550956424349,4.80758853659124,0
9.97599382263241,6.88762754461553,5.08120809495973,0
6.1173527115244,3.05035483609376,4.39178986992104,0
10.7907367584006,7.47884969464479,8.46424805886227,0
4.02146654775281,3.48861897571904,8.42136107183932,0
6.41241877930249,5.15049686778106,4.52351405796944,0
4.50864304492431,1.7404632787492,-1.85803169874964,0
3.85966170281017,3.84912507955025,2.44945325205943,0
4.72910945153108,2.86534157724195,4.94051590583899,0
6.83526142743264,4.92813101669351,5.62007347662757,0
2.95763522143875,-0.723174260627682,4.40578238896036,0
5.23448420258642,2.28398991122629,1.81926866417014,0
4.83278838432935,5.1987958579403,3.52420087077373,0
5.54215468585426,6.67558983077072,6.60057431921835,0
5.25490507381339,3.52827869357848,7.65437196792441,0
8.77270344582741,7.21275588391174,8.63799571243567,0
5.04718328488291,3.54823582089387,7.36159393120603,0
8.32753257724224,6.11930088319489,6.42378328064078,0
5.27478933278401,2.91722834398925,3.33909292670661,0
1.18592631721866,4.45908198766463,11.1584251001333,0
4.11980009236444,5.53165393188399,7.35931564776426,0
5.62292745913216,4.55200163897853,4.6945456035429,0
4.40966119000527,4.49200570178064,5.74758139423527,0
7.43766236495014,6.06553095840473,8.40661181966292,0
8.033880935736,7.0536537297851,7.65927799387834,0
5.17585098437317,4.39508073401529,8.28003160369874,0
6.25562882966226,5.72891053600878,3.81883527354725,0
3.28803278518065,2.17955317714994,6.09684605149909,0
9.45323609897775,8.36648454408454,9.16424210951912,0
2.4741681240777,3.75251054336843,4.76573796658328,0
2.11627294552224,2.86538864950359,3.78490681127294,0
4.61156639121828,6.00223303244452,6.31363736218645,0
4.72981868771513,4.27775697810173,5.42340472124938,0
5.15722165531859,2.98191000217558,0.285852229454891,0
1.78986518997216,0.679279657100684,5.19497307787639,0
5.63997231454832,6.72406408906117,11.1538443731755,0
4.6299151762573,4.0910069628302,3.15106350866169,0
5.62519877860511,4.05045407355764,6.84411196506279,0
0.35891435360934,-0.352842718714188,0.284083922892203,0
4.51736073775284,4.79004184125196,6.70114587946606,0
3.27333713497024,1.61472080337248,4.64476248927508,0
4.58702153143887,5.14673153883392,5.55102786217706,0
1.98671482610539,2.38740176530138,3.08253417687584,0
4.93483193641063,2.740440642779,6.07081711574996,0
3.7779475298102,5.98228768807445,7.1282920042584,0
3.38748755970438,3.00151341160138,7.10526783789679,0
5.30909875301283,3.42029324945251,3.93082895226397,0
1.10527456935047,0.83545545514136,2.29623746802239,0
4.49802676570839,2.50697197646795,4.72545642967142,0
4.96808984439244,4.6084474131996,7.57236825558117,0
6.37328098479631,4.9915659491795,8.80107633505779,0
6.04232147588755,7.97996479190309,12.0209817831476,0
2.08875342824056,-0.0679440768448378,0.792944956220988,0
8.42689411465108,7.08460318676648,6.99233892703223,0
5.34903852349485,5.33146047330485,2.68519824142322,0
4.92671241219645,8.26773248677441,8.47026386489202,0
7.53142953074399,5.46355541528983,7.24778949455072,0
5.53378360400223,4.79482094539897,6.77741972952128,0
5.36716920328645,4.12703308869263,6.29301484745145,0
1.72935336322254,1.07574549463876,3.3716784511279,0
4.2058330322672,4.07624255570882,3.11836104025495,0
3.8897831456565,4.62146172234835,4.14675855878711,0
6.33156930751503,0.428616784763176,2.82629135349722,0
4.76221757270808,4.53932915065471,4.83923592446122,0
7.01485706795557,6.74130740236746,3.06415852195001,0
4.48404833248572,3.92088687166623,10.4178147349337,0
5.00485663736405,2.17153909214494,-0.261426772654118,0
4.7103925710283,3.98228191065038,6.70364205881599,0
5.56571793360906,5.2935724645613,5.4301743522238,0
5.95218950961867,6.40515854412624,5.6546563872999,0
8.50803999615646,6.47575151466337,7.4915988157893,0
6.83629236501369,3.47005995641311,4.00006135245407,0
3.48909133432291,4.2323151290756,5.56981917986481,0
6.88965877840666,6.38410237526748,6.53427351005348,0
6.23946639710004,3.4514976798704,3.5485156208374,0
6.24560417059903,5.90026069580174,6.44298034071061,0
4.31049461789444,3.2489212970906,6.7083925984763,0
4.64296727905715,6.33803515467986,11.6232265497916,0
7.69000776895206,6.03518261295829,5.73804174956137,0
4.17078252460173,1.41557029652225,5.03472449707899,0
7.56522382986425,5.25176034570562,5.75783808929066,0
3.29063595330534,1.67742079996834,6.66105135079398,0
2.1710956816417,3.52379365529439,2.40065533271558,0
3.97587992880094,5.5204683361033,2.91110123833965,0
1.25676101744323,2.16619698774509,5.64476917264778,0
6.24081520147753,4.81723236625106,8.38307750860586,0
5.5496430229363,6.13902722206432,9.51541398097865,0
5.14369908227145,4.77722427926608,5.08529176204926,0
4.61914166759107,2.69268297951279,3.04426547919956,0
0.720493163437095,2.08348836771043,3.79829919915947,0
4.8733045150014,5.39675408532508,6.76009656573259,0
3.78300544398065,5.16360469012628,5.57009649006426,0
3.4502795641987,2.2999515366194,2.07572248090348,0
4.53838123933558,5.98900081295732,7.24339131747895,0
2.60072504655489,2.85512824318151,7.41358117197005,0
6.22125602810245,3.3302558828976,1.99880556912239,0
3.49436212055487,3.05667128819322,4.24374883137454,0
1.40534474977924,3.25997212931495,2.12369134020488,0
1.79852959363056,1.42197586543465,9.74674183618119,0
5.03206474518309,3.96227178700968,5.7495552939998,0
5.31135136690961,4.76896565691321,7.04844859153425,0
7.05847933963035,6.37283634251523,0.846439275802134,0
5.10287435558779,2.65298160951076,6.39446098659323,0
3.91617107493626,4.14509665795405,4.80432299402121,0
7.55927431616119,4.40532873627173,8.65554592353919,0
7.94397545909463,6.21159491535949,8.21513951830356,0
6.81593074273162,4.55681476738967,3.29819237133135,0
3.40617328790572,0.645058069287307,1.00747421997544,0
7.21033860986437,5.69562413720486,0.969795232843244,0
4.81913462166244,2.42584671459294,4.88792696375058,0
3.04395851762437,-0.0569088538398494,3.25566098326685,0
2.54025166542526,2.61060282075234,4.77620633271254,0
3.89898416723065,2.82926971923557,5.14153283825032,0
6.72957379306772,5.02350929560004,5.06250622473353,0
3.32571959582402,3.76937621108475,3.79258419954855,0
4.81268690749829,4.3439979078551,7.12773844590213,0
2.82510928790334,4.3774458767573,9.28981194604367,0
3.50784908839559,2.82910052778647,7.69489938582025,0
4.06134895284128,4.80187998246783,5.19291761171395,0
2.54646925849173,4.31594640500211,4.63359497660202,0
1.36419337466815,2.78343999374061,5.95103769322792,0
0.862702347345484,1.36236786043591,1.8475508143538,0
5.26114601603788,6.86823882765744,7.64153561471029,0
5.80325100028104,3.91311224390426,3.72200724202676,0
0.921618104334091,1.67076714447324,1.97637692251309,0
2.62063761063002,2.61017867920577,4.7767498881933,0
6.34423561283849,4.82979760080336,6.75949360636658,0
2.86656005198914,3.85893865005448,7.23067633041822,0
9.90073127037992,3.80658067813612,1.82390395378055,0
8.3993103795517,4.99877713377683,3.92905446841697,0
6.80479727862954,4.26881023247604,5.88906360379538,0
8.15624065454335,6.15549727198706,8.68174971670186,0
4.69763240612911,6.73381308603698,6.22902496342569,0
6.3035777016356,7.52826299988804,8.38077262963543,0
2.73412374793494,4.8081341949192,6.36049924429622,0
4.67404814811195,6.30421837952068,3.45355596038841,0
8.64838815016556,5.60788639699745,2.52840488113254,0
7.28766916192272,4.50144589305114,4.68399706256263,0
5.56984596115393,5.12567713259935,7.23527310851778,0
3.8927409088085,2.98458651158114,3.89219205513454,0
3.16397090497354,2.39704569830744,3.91846434102873,0
4.73986087588725,2.35165367214795,3.1330881029864,0
5.5871700795607,7.3277360370937,5.47756462855452,0
6.61084824032947,2.65447865779521,5.25858542988689,0
3.12120457781674,0.350765211619051,-0.78646365234332,0
1.49736185405046,1.38835975918726,5.18255895950493,0
2.39288048149148,3.13781783471944,4.61590547298706,0
8.29673290422147,3.8089613741531,2.48190769904398,0
4.94185624838678,2.91748012161567,5.22052378447465,0
7.9926759816049,4.21840035034415,2.24795812669122,0
4.15793524195575,2.16045193917673,3.15299269383956,0
6.87991019305285,3.17672539319041,5.71643042989137,0
6.65745025853769,5.29298565047423,5.6356555325635,0
2.86666154555173,3.92492078984908,7.55021452417641,0
1.38589974078431,1.35128933636765,5.01404520294038,0
7.55783666844191,6.81514470642564,4.57012123374865,0
6.62286147225905,5.78305163491537,5.07450570540249,0
6.78327556719887,5.5193161401629,3.11848711146188,0
1.76341145790285,3.32459320547317,5.39806561716077,0
1.73488773195199,1.48522724353245,3.79207490786687,0
4.62146510319839,4.31990483338426,7.88619203212522,0
3.97352275108946,3.09468468109862,4.40715093757871,0
3.77426985239398,3.8699400998512,4.20872285690611,0
3.14869614438457,3.60975339428127,2.37748473839205,0
4.45600274199421,5.29352916494942,5.00805677885411,0
7.46284495393138,4.1932418587919,1.90181376781461,0
4.83378050690938,5.1707444678025,9.86953693682205,0
4.01535300340097,2.2297743639505,4.50183201868826,0
4.76919113129413,2.91282431510211,3.88830443534494,0
6.38305090031909,6.13086145205107,3.32694377564705,0
5.63812016064106,6.80554875252517,10.1538485752938,0
6.57115785152764,5.88777630289414,5.81588069177701,0
8.23287963492799,5.19918290317425,8.0537154071232,0
6.92530998577749,5.80897634007873,7.98859420891272,0
4.34361694038125,6.2242564637466,4.40002904366403,0
3.78745688958658,2.5209778228673,5.82810719603197,0
5.51766425101331,6.26184997576333,3.64440527412985,0
3.28946225210338,3.78343225315785,2.73695384911394,0
2.87376476559224,3.74531003433285,6.32882826054733,0
4.36876261604534,2.12194030617237,2.00469114993415,0
5.92043639940541,4.42538954972846,5.99522693821948,0
5.66355035674647,4.8832718284106,2.91037191122269,0
4.72592090973797,3.18779914391437,2.29833797846508,0
3.21206750570834,4.09385461780873,4.58390711306226,0
1.03627638687254,3.87515303476327,3.56617595688258,0
6.21429972112628,6.56555403014437,6.0971927195582,0
6.53969629970062,4.49207284059894,5.19379896683844,0
7.09579642114222,8.0126397709416,9.99318070333172,0
3.40436554477533,3.37838874350884,3.05815209342325,0
8.74105670799891,3.52175085145386,4.74305586808291,0
3.30357617297572,3.06648378808761,3.26364586558747,0
4.50481904278958,2.74576267417406,6.43840198039408,0
6.07862802397195,4.17329887774779,1.79727795113697,0
5.83150376201223,2.97076891720334,2.42950307198681,0
5.86756285894164,4.16774359276158,10.2177707355001,0
5.43523521453691,3.48896344877441,3.2862297058015,0
11.6841127500882,6.16169954348428,4.7467812664911,0
5.10920653244379,4.72334428205868,6.26115766757481,0
3.99263026024611,2.58257220109815,2.92480576038779,0
3.85739717658716,3.22384863592761,9.12553721722907,0
4.68180493752906,1.41732210131879,4.96471216777421,0
5.24878267738324,4.67542949763059,5.11711014023735,0
0.950812388235951,1.00400895878112,3.17619090637325,0
5.57479917944377,4.49778874904004,1.3538142684397,0
3.29761779296523,6.58947277927526,3.99228761139489,0
3.43480682430331,2.88721844640963,1.62294778771404,0
8.65121725254759,5.1415657300502,6.5301842112781,0
5.01329061514544,4.94980535646084,3.86937098968017,0
4.37178246216305,2.37163801730952,4.33702547653823,0
4.54952612260729,3.891070916677,4.44775723314202,0
1.88452860401726,3.66231735940232,6.53265839531395,0
3.7840104105538,1.0771549559623,3.62644856972754,0
2.41535713851081,1.20048662782482,-0.299460414174858,0
7.82136598208577,5.68970339174351,5.15198658661212,0
4.00254259341647,4.73762708200263,6.28467312525244,0
5.06049846120081,6.33674981809023,6.57602400773993,0
8.97203862205192,5.30099049114682,5.54402863274693,0
6.35854994933851,3.61384319922099,3.1445337131346,0
9.00405192270061,8.14900751023907,9.99354906843279,0
1.66554191665373,2.54546734777478,3.28649131941993,0
6.55016016949291,2.1977811171557,6.39317948229066,0
3.59919535128632,4.34624500360443,3.47912610214014,0
7.90273880285569,4.88775621816765,3.77931332073051,0
5.69008267756482,5.27551393931041,4.13446033082031,0
4.9162202249003,5.42677806535279,3.8362714798553,0
7.84300328277748,6.31928839764141,2.57850488684398,0
4.95296958494931,3.9520795301885,2.7673875577253,0
4.70575962050565,4.12337083458158,5.51889472970613,0
3.59267776155335,3.12679515315791,2.70619287186517,0
7.76959211815931,3.1576604289997,1.45792739592715,0
4.27715841673872,4.74292809312788,9.1668988472679,0
5.18216581942927,2.93697875243477,4.41884319005556,0
4.06636625348082,4.31528087309177,1.47803939158813,0
3.11669190360331,4.16063349431087,5.36026501477761,0
5.65355762964872,4.02148734577436,3.29874887248029,0
5.09449853610021,4.99232328263748,6.35765297421089,0
4.59770126478754,3.29115665113414,4.90932433622236,0
5.20420620501172,5.68971674612031,8.5148609336278,0
0.855629400551472,1.76529788826565,3.83122956390559,0
5.34729652761852,5.45237883640622,5.57343208251505,0
7.06218238008786,6.74469688066668,7.40083038535814,0
7.10588551076333,5.40468859435694,3.11017383686167,0
2.77218378886786,3.57038475153028,6.25855076226386,0
4.49485875276728,2.08797988956163,4.98187821101719,0
8.05404267479253,6.46218860653155,8.30519100932072,0
5.93064313402302,2.04781298150717,8.4453144827783,0
1.6937842896254,2.74181344419666,2.69636028289655,0
7.28339631711729,5.35161846160301,6.9086179159798,0
2.08950612225651,1.34751751187286,5.81610000866617,0
4.20917420930219,5.30467530271891,8.00686467599923,0
6.33830049367774,3.61309296212307,3.14583512404957,0
4.84130941906297,3.99327351225948,3.72024723990091,0
5.12764015246236,6.55435642258225,4.84775529451513,0
3.16840531720991,2.75773842171031,7.12543273533134,0
5.35672507875706,2.46676693862259,3.62838902327843,0
1.75862367798993,1.69043530363821,3.42722056853488,0
6.15923325094207,3.63566402353892,-0.309493176516583,0
6.67868565418796,5.23784726449912,4.40377185923598,0
6.34433686566163,4.38627720151004,5.59368692881577,0
5.32732573023197,3.69114723800431,3.52137418794899,0
3.92193917055234,3.10935153454122,1.36260783074239,0
3.48466756963008,3.05587282790255,5.53986882237278,0
5.96971902555793,6.89996107243934,6.67777958156242,0
4.8430408029259,3.0914866401955,1.05461611515623,0
3.59674471850528,4.62222503295409,6.83103873648174,0
6.55709417504295,4.52516692450237,2.99775114399041,0
0.758006186410223,2.61462315736095,2.8526080924967,0
5.85030085331853,5.37849548372594,3.90886420321668,0
6.81720908856399,4.90580329862407,3.95749820258496,0
3.04930622621284,-0.0751924852703212,4.53518013814096,0
1.11547569312942,2.26460664657161,0.206529740114167,0
8.91185539385706,4.33722125362672,2.44851293527551,0
3.11663268360703,4.94620838489921,8.12407285045678,0
8.93710391862578,7.43202944474829,7.90077621875949,0
4.66456667121789,2.2451053764648,3.1431256474272,0
3.59611876683782,4.20162789791901,7.77909539501471,0
2.85178984826626,1.58600772490592,3.2175417685467,0
6.1290474702364,7.15865295594671,8.34473207546844,0
5.61349255888372,3.96843880882268,1.08526182668936,0
2.0226454854826,3.40959669115029,8.41137145530577,0
5.14921780306735,2.19201827789441,3.28910115642167,0
7.37201153050743,5.88071602211002,7.3420628591278,0
6.72094771890546,4.70515366022911,3.66370914248392,0
4.91554080058738,6.06879831362928,5.85561934477196,0
6.18382118600034,3.42386365135221,1.76953809991962,0
5.11089079209715,6.82112786766191,7.19378480057864,0
5.28647713145892,5.34952827048325,3.93072439417035,0
7.42587619346062,4.18647269833561,9.0407581360891,0
4.82023836750222,5.37588739952112,7.45903483589173,0
5.95506863972524,4.03181185091075,7.68606385839846,0
5.32941965080632,5.73328829997829,2.73668355517582,0
6.88263481760279,3.75541003801049,7.14381855629685,0
4.21677419327856,2.98372053339832,6.66795225096518,0
5.2819654208964,3.84817504698803,6.00537544809305,0
4.82939761699709,3.69069117520274,7.81237257009439,0
5.84012312662769,4.39715958808057,6.19613511378161,0
5.23417670017373,1.28473387569799,-0.264542500025826,0
6.14792085906824,4.87144238152717,5.42735539135422,0
5.70814677144179,5.20420946723321,5.97704853482211,0
3.64140214745295,3.8307378599417,7.88928158939424,0
8.34496388890302,5.65304879614046,7.90063396659288,0
6.00991966008527,3.34978685875389,5.17673558471896,0
8.0726104897234,4.90367946022158,6.62667247596402,0
6.46804751578657,5.6897408029709,6.48950380523922,0
2.07541736452553,2.21566126588256,-1.77733442248804,0
4.63900918524225,1.24255074112249,0.757428243142171,0
9.94219623610628,7.09963084150206,3.12816511698045,0
4.14001502255796,-1.16234041112959,2.65593340776989,0
4.98497785428123,2.54493304336133,5.41393087317492,0
5.61406610544416,3.33878807032377,3.17385831543943,0
7.39778113485135,5.06339032743132,5.82413050607085,0
4.76611900790499,4.68037606738728,2.67951143984179,0
4.89123979457964,3.65883183650836,5.65046867748883,0
6.71676439574903,6.50175931511442,5.24612404269734,0
3.27179139960996,2.23552277719115,7.08140777681545,0
4.0642033817,5.97893904111274,7.81197581490582,0
4.81171164359072,4.60047707962265,3.90624677534882,0
5.36139898487822,4.66487235749477,3.01716769600389,0
3.95885155561821,5.22426520621163,9.53834704266605,0
4.61381193791559,3.61928500719108,4.21181565297211,0
4.89800473988405,4.82783472030587,4.91517800975913,0
4.60636316645921,1.82265144434281,6.21508271462286,0
7.26504918524884,4.36089798070232,6.34029961937034,0
3.30262265659566,5.45758624501937,8.29164960143968,0
5.68930164372399,3.78838415962654,4.49799500791675,0
4.07409672345405,4.23683152735912,5.20599859866869,0
3.73398626236792,3.80774055677242,5.64444031805878,0
2.47115132151444,4.12368570856278,2.14680089868205,0
4.11797840390528,4.40109915921267,5.2409940540534,0
4.91009678433073,6.10723903171092,8.66609124022961,0
6.21549363678602,4.87800793713197,8.23419273035748,0
4.40117216023267,6.47627121044084,5.80767346511111,0
4.89782264989282,6.2125257659652,7.75812692034255,0
4.85275431713133,5.16818703939537,3.79335584708616,0
3.22757120501084,4.63636048264966,1.31151672049332,0
4.48192794440674,5.65230116789726,6.1256629804566,0
8.13165146481006,5.05764895848531,5.54136853236177,0
1.45856450900643,2.59588536016615,0.950157347668569,0
1.83408769289706,2.23050580719899,6.83876079554433,0
6.27374851687835,4.60010156079419,4.36046418617547,0
8.2917768478977,4.86407463471435,5.10358962626914,0
2.61875842478067,2.75338378025512,2.20692132474657,0
3.57966609266484,1.98651667752532,-0.877429063455097,0
2.69389178482501,0.57938060872819,3.3283386671092,0
6.31059424833549,3.94721856859488,3.04660757192997,0
5.0683023275067,4.8884161895961,5.39205909735671,0
4.26619006738781,4.76458132172356,6.32617007440114,0
6.09140228342688,4.69298096824001,7.32432722532366,0
5.05586649201388,5.26692871563068,4.46081630616033,0
7.97965869782913,3.01052548007178,7.21172372685897,0
4.72135888770632,3.6964563784219,2.96253996885721,0
6.54769855096751,5.19654801642371,4.55082147905994,0
7.26734130061022,6.44362037500117,7.01186698322151,0
6.06931354228904,1.82869156563095,6.78999232976637,0
5.84172995880627,5.30852532843982,5.07169551306762,0
6.00197477901249,5.82098396961231,4.949472767974,0
5.94882152129413,3.59604324345474,2.20494412062089,0
3.96693162118456,3.27661217096846,3.32117098817978,0
3.69585378390967,3.58696895947973,6.11729705077685,0
6.29449618305157,2.91908203607342,1.74918149792398,0
1.92892645297679,1.42803261355527,5.73968246589327,0
5.62517349853759,3.18605356160704,8.95402622289996,0
6.63158876457432,7.2901997793258,10.5151022715023,0
5.19056365155918,4.23090876484885,5.72276017971466,0
6.30318208083648,1.99091375711635,5.61646597298497,0
2.71912324884402,4.36706861950526,8.04578346476171,0
2.91107958211672,3.86173360096127,3.38014234040595,0
2.68325475042984,3.02059046092692,3.49926608893745,0
7.95682820166834,6.32470203109221,6.37448775288608,0
8.06829850700271,4.35246192740601,8.94042466270431,0
6.26651474349723,1.84021561852897,2.89761346572981,0
2.335374941427,2.08927278208969,6.26971246614274,0
5.55173093046832,3.09900368709765,2.82889163937728,0
3.64652245480265,2.2079851590088,5.86736850587024,0
5.74176407274587,3.98747377246776,3.49197103131802,0
3.72662734632134,3.67388447664664,6.13036178909482,0
2.35374464992577,2.19349359700614,6.45634667603588,0
6.87709598017156,4.20460413491544,5.06908982004803,0
4.85229471890452,6.19840972349096,7.50223651389868,0
3.741682478596,3.10838124900692,6.93042687345971,0
2.05477043114025,1.77297528963729,7.42287152114667,0
5.51256138587952,3.9889499545712,3.33614135800747,0
6.41894129484007,3.91386819478059,3.17522154223714,0
7.56695063821854,5.20391688518805,11.6255033853804,0
6.06279315158598,2.01124451222646,3.54019275757563,0
4.61013849102082,5.21305241041383,8.66686994680124,0
6.67912010083783,5.13450745765234,11.0124701970652,0
5.61960558212447,4.63550799403767,6.32555165322482,0
2.8216659837736,4.69514246283546,3.54338521651522,0
0.357279952626254,2.65842116086554,6.59629772766529,0
6.71680613127636,4.93504227627806,4.76460036306143,0
4.10629689003316,6.21154069055091,8.14864375314466,0
5.44950236677653,3.8320789009261,4.50639389377378,0
6.3903569158693,4.92272897115922,8.96575124024268,0
4.17142549901425,2.64761630364827,3.57720783443903,0
4.08605730326658,1.08057236955501,6.70585354992638,0
6.16515274319711,2.72412418807423,5.63937763764732,0
5.36950357845041,4.84513203338165,5.32187356621605,0
3.48373509097882,4.80362598725589,5.00101749434704,0
6.52069486410387,3.44046662724352,4.95778819272179,0
4.37918865202975,2.12750675470179,7.56351542822938,0
3.2931558701334,3.50348919468698,7.18302431374719,0
6.54194259048312,2.00871577520791,2.05077778554271,0
3.26087614328888,2.51250503166291,7.92375057592291,0
4.07898740651331,3.65006825882892,2.94741876087495,0
5.47868512622728,5.62706277242552,4.73793211895478,0
3.63509509704293,3.06529379754931,3.73292110683878,0
5.79083440141042,6.20741292924129,6.46564628000168,0
4.99007458529063,4.57606752013128,6.53409565413467,0
8.11765392803692,7.09297776052813,6.20026721698014,0
7.46477799377659,4.93480001022984,3.69699052603325,0
3.19068557178558,1.62739294193375,2.74401728366001,0
1.93375038117686,4.26849217528944,5.92333127207245,0
1.3254720848354,1.72185475516966,4.05164500785742,0
0.380912222042217,2.8120736687708,5.86023696290712,0
5.25246201186747,2.71768369488888,3.9378021528155,0
6.62165823664653,1.10396283343614,4.99353848596813,0
7.36539694785671,6.40527071463644,9.08320348100428,0
4.16575342415166,4.86490222635126,5.96477478307079,0
7.32536777117402,4.86776067125196,6.98374951141972,0
0.335570797679694,1.65941204319541,1.10630013517155,0
7.12342628686553,3.91583134896278,5.18588885124151,0
5.08295722798328,3.49679602715239,-1.47212647553233,0
7.16701169841043,4.70334893023345,3.06562179361716,0
7.6495843977911,4.79430242511706,6.00119616429618,0
6.36005481890996,6.28270671790796,8.02472055253632,0
3.82998451189926,4.16232121084176,5.79725647605095,0
4.02102602874857,4.04413990921847,6.90206661692105,0
5.65912035482993,4.43724774144253,4.7031103895798,0
2.49721182438698,2.86783667068872,5.29649441634065,0
7.07396052877114,4.82578161980218,3.56904069231991,0
5.9490381469046,4.59272917253049,6.07189135619724,0
1.52580748391969,3.31209010624107,1.17681596030624,0
4.50485428433928,2.09460662817462,-0.454408117392651,0
4.77929078989183,5.74251724761838,4.84185014839515,0
6.10257934112053,2.86954605764581,5.8734544378304,0
7.57016353072104,4.66474986575786,7.66765494008485,0
6.14487759242327,6.35716950212079,4.44768358544033,0
5.01122318786433,4.10101515975971,1.55712268235924,0
6.21414036427193,4.11470425927002,2.57286296287544,0
7.48871373785895,3.17533281829722,2.95175325993257,0
2.3927733798065,2.78443422941484,3.8299615313253,0
3.80349445443182,1.69310858165295,5.49892866658965,0
5.8971151764427,5.18783291712061,4.99966883650634,0
5.28524404009205,5.83752802231952,4.75072130207689,0
7.49849269880906,0.541777177422088,1.87519585243422,0
7.68615032899407,5.81949642346927,5.01874223425629,0
4.10301972713703,3.35917817380334,5.64301951462507,0
3.62556927009563,2.98748171169292,6.12229088872927,0
7.45834661355523,4.78887798481358,5.23113662592507,0
6.21925087541749,6.17703588910845,4.61493282911429,0
1.96760971799681,3.43439068476525,2.80515859289656,0
3.85663303183999,9.49897931741817,6.88014929996496,0
5.7251317795278,6.69132732794362,10.7345634476714,0
5.54415059772068,3.63962544108008,3.13850426775085,0
6.38338722836038,4.68494188665365,6.65970195935428,0
4.45225185800389,4.14571161869837,7.5615514916384,0
5.51926718566829,1.5974827667003,4.079821877972,0
5.92789780212848,6.54936427771251,7.6564621434293,0
3.80919087597679,2.68374205542232,2.31887237079275,0
3.52141908326196,3.71553591202052,6.87613253196882,0
5.1109227429173,2.69702080823799,4.37403339787333,0
6.24857015501924,5.67095520595903,-0.190957382231811,0
5.75145966784418,5.06853926278315,4.77039017077847,0
6.28465367448337,2.49062424927277,1.19213885572918,0
7.68618542915611,6.30355040659725,10.0323490063427,0
2.9470339005607,1.5145827537157,4.21630951134558,0
5.13449092841472,4.6994874099562,5.95636999296807,0
5.59179703106908,4.63900203275594,5.03000056252841,0
2.39111244150842,4.06171002379508,7.10117929948224,0
6.7380832487653,1.86573132258341,5.13329058024471,0
6.08836433804213,4.40615986786737,8.5476995822374,0
6.0447786628964,1.23800834206579,1.22375908162875,0
3.72423071756756,2.20291642257757,5.39420099383476,0
5.6057964979056,5.94306080736092,3.1968427090855,0
0.00813619133322874,1.35793390727462,4.06416581982058,0
5.11534377717875,1.61520468448549,2.12502209707971,0
3.21285522190431,2.24526692188394,3.65279253624841,0
2.12651990965143,1.31608329614194,3.98588890709995,0
4.21788008384683,1.91437309822404,1.12072585528746,0
6.10932269694584,4.27428169409113,5.69324938129773,0
7.82226266155327,3.41130767587081,5.15737957883607,0
4.23481126980083,5.06919806989058,6.50947749607098,0
5.55635868471885,4.11018485414496,9.3740550907151,0
4.91966527036038,5.53564554429865,7.18821492252786,0
2.90009884697249,1.35217024357733,2.72749955490159,0
4.31359193790899,4.54620082547449,1.99938583463007,0
2.02640780666382,1.60005792323145,5.10496498973817,0
3.92058284719035,3.48403207017463,8.62392834257122,0
5.95864017012583,4.22284543272466,4.34301646184699,0
5.08744941345947,4.89891631397374,2.78750441227307,0
7.77114497967241,3.34039962987827,5.44991637823544,0
7.89837534818184,3.64368251233392,5.80086846861958,0
4.69187798583675,0.780616713341804,2.00349173378949,0
5.93164383587474,2.50944247653834,4.3060525037078,0
4.44095670855955,3.08509916273038,4.66944195252683,0
2.4107394381452,3.34915403629401,3.39566282654858,0
6.54249771133981,4.8543098536191,5.0791402648446,0
6.35196831187203,3.66337833287558,3.58693545864404,0
6.27457288666696,3.8788436337998,6.97261978200704,0
4.25034630699945,3.2267310539581,4.63910799723583,0
3.49582701975793,1.53936241622107,2.25627060163585,0
3.50739726538226,4.59229858894125,3.39178424486548,0
6.98443290273076,6.54274221221694,4.90516191990898,0
6.32254752839912,7.62516591119107,8.07216786726814,0
4.30142136481531,4.29849104427637,6.01390397608774,0
4.67851186732402,5.15980940676084,1.69391746410506,0
3.47293713841556,2.33380407250239,4.24626947520585,0
2.09004411054058,2.75786517471863,-0.0825833443341519,0
5.89359097107378,2.45522527569576,1.87956288473421,0
5.37531731639306,3.20406646750376,2.53410613123916,0
4.53582472869248,2.83510751194918,2.61601531346507,0
4.39481168231022,5.85352192814028,8.20507193938854,0
7.15882240651446,5.94870518023064,7.66998326630302,0
6.6494459385765,6.50861925071956,7.24585754748309,0
6.76732288258979,4.09656502074367,3.13414477734158,0
9.26338078190535,5.16975103338598,4.76287387283654,0
6.2273539150243,5.20036945439751,4.12021186921658,0
4.22318284008343,2.90399514636363,5.40648295484039,0
3.7567540465106,2.00106196551775,5.64316059826788,0
6.00425725356329,4.43462253375002,6.63356103692652,0
2.99443850079023,2.39006946196333,3.17665775316239,0
8.71740932786014,5.90165193767568,10.0509374589354,0
1.46824972611026,2.50422771670433,4.4148349498615,0
1.78983305601612,-0.0700117484752338,2.08761279594089,0
5.35790738303612,2.52736431308716,4.25044492413789,0
5.11028899695371,4.68538944654312,7.09730036843259,0
5.7163645537984,4.19654583896337,5.04812926866722,0
5.13670249396547,2.96380704901586,3.19257961373363,0
0.559747473681941,3.4716768337969,5.36854283083086,0
3.80467240993471,2.59192887392815,3.99613122027083,0
7.08521348193948,5.0437538936529,3.89554182215217,0
3.90540479207627,1.69437016766444,-0.111655430603943,0
8.98617149733417,5.20332829835118,4.89558610777061,0
4.34005268489177,5.18243954904983,5.05513470885074,0
2.8344355705013,2.61356656282201,5.81754499406892,0
4.5919686095862,2.50669412183088,0.492335153394386,0
4.99143260490735,6.77270802578406,9.32583842321833,0
5.88633292405612,4.60028389030245,7.51093666621791,0
5.11502786829652,2.36312161393657,5.76391761408692,0
2.88844686745543,2.87365766538375,0.495345279174626,0
4.84835376545202,2.61220288600427,6.22618193867119,0
5.80221415195437,4.87189543178962,1.98670595534367,0
1.46545345791861,2.61321393898359,2.6066166538898,0
7.04255210530275,5.80713397626884,8.92825329850396,0
5.68930471113113,2.85267816606993,5.87221335907993,0
8.49498415262447,6.48136115072088,9.63565854278272,0
6.95354376765015,4.78829555635829,2.27473359333971,0
3.89994523886023,4.48063268794489,11.0754679832393,0
7.9759999170185,7.19774842686881,6.51375292050117,0
5.66847424334285,3.26502909387065,5.79667930420146,0
3.19776214995624,1.55306887558589,3.9068027765636,0
7.96974041132366,3.91461002328981,2.37292805732274,0
10.1966070337372,6.13383067796367,8.37283778459668,0
2.78402003801195,2.36899523095767,3.4711627407904,0
4.01397588985989,4.23543963757793,8.35326367326019,0
6.11466878341999,2.03741053152296,4.83362755588943,0
1.72039423075023,2.87963551637637,2.36127734899086,0
0.868527852914138,4.20866851045929,2.80386684908773,0
4.68867881107524,2.77243052965398,3.65818872067653,0
5.3050004845313,2.01191293650885,2.16444675195006,0
6.20244730579462,4.85298754716093,5.0459875023489,0
5.29515355267741,6.34929322869693,6.02433809984881,0
3.43935992008042,3.03455826774015,8.50408938962656,0
3.56266932800355,5.09023951006613,4.63818057745473,0
6.18900646665592,4.4659834902185,4.00255550349222,0
6.4253332936351,4.03551690643013,5.57904318480969,0
0.338654801921498,1.46672040602153,4.7589796886846,0
6.71670334710314,3.22279228428952,6.46890487892778,0
7.85754838539154,8.37919891300734,7.1787926451999,0
4.82977829943159,1.9566121618948,0.461454335601012,0
4.81499995392072,2.4644276527221,1.77815219175807,0
9.05714726216256,3.30350104624449,3.64460480780756,0
4.43086728664193,3.21090314620661,0.662472832192795,0
8.03226218341076,6.5756695488006,7.06414937056078,0
6.4598089181808,4.81083196252335,6.35459695812324,0
4.42336628680843,0.96232086173145,0.381555788886558,0
6.13268683818243,3.43388310489976,2.70935667061213,0
10.291530699476,6.92921240902076,6.52670681980571,0
5.67067875792145,2.58907694043187,2.59998335922687,0
2.50675975307303,5.53123626419443,6.47689167788075,0
2.28536224969937,1.74486695740885,3.29998025119205,0
4.40597363093612,5.2957942345186,6.78006268764964,0
5.3640937127082,5.37370561973216,4.95177382287673,0
6.26626961714081,4.0763029694356,5.10570776904684,0
6.43563026424632,5.27573783383925,5.88556018484374,0
5.50459618926056,3.93513943611925,6.65261898159033,0
8.64021894788143,5.54598533357364,3.60788669593475,0
8.34270953593951,4.81577268222672,7.79893670875978,0
3.24919640393659,1.89432839670762,3.24497953145809,0
5.67099050665454,5.62658253185254,4.13661594655222,0
4.99916462809079,3.61647852267921,5.3183418991575,0
5.04223831905203,4.25333761296403,4.31765345241615,0
6.28323473250905,4.31268104129909,0.474943578118974,0
4.01755583110414,3.6717948097307,4.21974321980803,0
1.15803880207296,1.46872817387648,2.19363248022221,0
4.21937646946473,1.20161882670538,3.53150622653952,0
2.7925291267294,3.96675673130809,5.16915546121006,0
2.44403435367236,2.98826511549117,0.685096989558207,0
5.77370741703823,2.46101689043062,2.59860157991944,0
1.49904773046013,-0.354291386225487,5.04050443895395,0
2.31135141394516,2.21158505989561,6.59445430008849,0
5.4027710079674,5.20792941435509,1.96416463838932,0
5.40785701134755,3.47626144510005,2.86927743283697,0
4.78183432633094,3.37798320406616,3.22450406586954,0
4.34604002695704,3.15117471412544,5.56886887028885,0
3.44816151025128,0.472728861776867,3.68840759534923,0
3.70729257473142,2.99671370476867,2.38134856039096,0
4.82912036309171,1.86632872487973,4.06786651477834,0
4.6725227993803,5.19959090359275,3.65977603733461,0
5.72036687745143,3.93197817609525,3.14569497477653,0
7.60068985209582,3.43946363208111,3.00266596950848,0
5.65000131862074,2.7774388625349,0.521455152623417,0
4.55097906556664,1.63515476294944,0.291637509628385,0
9.46541883482278,2.76646706164922,5.30578153492029,0
3.2135133381115,0.577784746196258,1.7013247470812,0
7.67104808526569,5.88400292733763,3.89666959917329,0
3.08141875914515,0.574973712686355,-1.554705947884,0
5.94347706279139,3.90230843813937,6.04426009657703,0
2.74102821363633,0.829292285674692,6.81513633174718,0
4.79750338156768,4.96598087198275,8.0028579860482,0
4.06780075189388,2.75948954471508,3.50734600965252,0
3.20245194836482,4.29320711021913,7.00284817028723,0
2.44416456131679,2.55457457761225,3.09811880736438,0
4.10275327674718,5.58480765499945,6.16726137372083,0
4.56295278014809,3.10877308749482,3.78663027884965,0
1.72463926162613,5.85904970247442,3.31138962809187,0
5.71376009486727,2.64264200185675,4.32185928770042,0
3.98691615830459,5.06356679293663,7.52584710378427,0
6.05205389294221,2.81310834602708,4.2883545952638,0
4.012916201658,2.48473259856738,1.02045051026787,0
7.20240571071701,5.77787552240812,7.33741367367278,0
5.44946679079831,3.22823350701217,3.1535577807635,0
1.44326404332967,0.727326666806912,3.78464137166224,0
4.04763781632546,2.94505234700231,2.01778532961866,0
6.84488706684385,4.06397071841009,6.11303916485683,0
5.05571704520191,2.55059455896946,2.49451124339573,0
5.63185795135709,2.90262566939475,0.0416207435450238,0
4.64777156062751,6.96014278931061,9.35844324722384,0
2.11227178990786,2.84444795495325,5.11744042687015,0
8.32600305323781,3.40282166150132,2.64567640436154,0
3.16296636405328,5.58026918684051,5.67053623344157,0
8.50385203369717,6.79359463647949,5.09839422875942,0
3.64669090694617,2.99211698192245,2.10595158222101,0
5.91352456822958,4.4952198037042,6.76817982140411,0
2.83783158233735,3.32484447099254,5.94056451141615,0
3.66182059076878,2.15728703604785,0.848073183612833,0
9.20534656100723,6.60461129426662,1.66909237325891,0
4.05142782253029,3.63029042532204,5.91804811829386,0
5.53222045089904,2.12248705643115,3.59681482545794,0
5.18350273941261,5.86559233601907,8.93393113113653,0
3.71606985679407,1.63930712585211,1.18691451343162,0
3.47810541604421,3.21220592770952,5.19160443142643,0
5.89419776835215,5.76305597427266,7.02145918147011,0
4.89787433247107,3.19848587400831,4.12517919441021,0
5.42363760003269,3.62704235660958,6.04322292683413,0
3.40959452259902,5.48434915750442,7.46102779076766,0
8.35030911460066,7.0678589761873,7.71494340829576,0
3.66612517329498,3.85804161949617,4.88089045728765,0
4.07887370660388,5.13190507704794,7.37962597941904,0
7.504360259362,5.68591938075856,2.19656030064898,0
4.96926100413878,4.56930005075803,8.76838868711578,0
3.3544213172017,5.400435005699,6.6206814672385,0
0.166582792725345,2.86147425156834,5.25324417760899,0
6.00661791101257,4.92431928333936,6.75987259821425,0
4.98733350403497,4.5381832163076,1.78153178484745,0
5.72506100779392,4.80379916775245,2.68580757391445,0
5.33396924576114,6.13322558885281,6.18867329963749,0
4.31440408051308,3.49101725164608,3.34099428949731,0
9.26815530267704,6.73041293740473,8.07083845302332,0
4.50163109814571,3.54583172191047,7.34910467770203,0
3.59613428363097,3.48194607813322,1.82966793175629,0
5.36408777945544,2.11995592818572,1.05937191238857,0
9.53910097642241,7.54361616601112,6.67640873623605,0
7.94002605260064,1.91628705325374,4.29433104072673,0
3.57902111206143,1.41527191168963,0.819600048900511,0
1.85161715257774,1.08632724247847,1.51918112582983,0
2.33552554010656,3.65498136788117,7.38209631806505,0
7.5098786695038,6.67732219055509,7.14186542010813,0
0.044856551138329,2.85334551947147,5.88101673759359,0
2.76934175879831,3.44831563426992,4.96588344289095,0
5.6658411046106,4.35476704657361,5.12831029955578,0
6.65716552107465,5.31915570179534,5.62202022155717,0
7.00594808376703,7.98268458931218,8.75343105243369,0
3.68067748488236,2.18976138136108,4.83434288090481,0
4.41559654393656,1.81569067468205,5.38076312386556,0
7.2133532172014,5.0746944341616,0.300233000794414,0
7.71836331968989,7.16112700338507,9.55601484035897,0
5.0252605856125,4.17067244230435,2.80828160219358,0
3.88090219675013,3.92022126082703,6.54904471679765,0
9.7759359950288,6.91318033198039,3.43874839111409,0
5.70084588510366,5.66320657492801,4.10242263280649,0
1.48298822149317,3.59931218311703,6.08878369651502,0
5.2926661225988,3.24359178186105,4.96283507230766,0
3.24818060317322,4.5411660087501,3.0720243906496,0
5.43044221024279,4.47587381663098,4.56963020217702,0
0.882241676524714,1.5467684157566,3.63669061411041,0
3.7055421663795,0.316184502041724,6.7954784203335,0
5.95401412351566,6.18887473958823,10.922602660226,0
3.86589532882627,2.71712939045328,4.35933656921422,0
5.0821765734429,3.29247949687108,1.35884377205865,0
3.57419826443894,2.29937065132336,6.38471337070496,0
4.55421108204522,6.15041142471569,9.35147211664622,0
3.26222018959787,0.680234339785871,4.21767314676373,0
1.67930391821462,3.45804483324654,5.85220066163305,0
1.39833271586835,3.368461245228,2.76087712418192,0
4.98441503005234,6.33125725196357,6.07917548566161,0
3.63109543306613,2.84317322765168,7.05726311134715,0
4.42529968658813,6.24164077254807,7.47981445941759,0
7.45349137052897,5.97384297017312,3.91123434853737,0
3.87170330877251,1.85596666380732,-0.308581597545095,0
4.67355514688466,3.34704639208605,6.1462318247439,0
3.52992744431029,2.93227139349489,3.00918926229956,0
4.30022292066755,4.31082369812494,8.53699857185275,0
4.49459221643812,2.06482011012043,2.05977401741546,0
7.50900221758512,5.44511759184399,7.34810581486116,0
5.20978606540723,4.49756127830075,1.6586944145612,0
5.7171834358946,2.67386443067878,3.95300395473321,0
2.16140745925989,1.85400848206608,2.95563042681523,0
2.30687191247229,3.92644026037584,5.61086174699305,0
4.64727981828635,4.92335622567973,3.42505885248944,0
3.33318192205939,3.09299001884565,7.39184366073578,0
1.97509154244607,2.6332855760012,4.84301066815109,0
4.36083007356108,2.82771482024614,5.68980994782671,0
6.0162288457397,3.73615572322176,4.37802136727175,0
4.11348472350869,3.78321055792567,5.11770983022661,0
2.14256882220665,-0.273110045106538,3.83847233251986,0
3.53632537854347,2.20240231113491,4.70919299906552,0
6.25121472632322,5.15194455641655,8.10693045011328,0
1.8675569318004,4.36388783404258,6.83021792280096,0
4.3932360469624,1.88862464001959,3.10045303604602,0
4.38708072605055,1.40811835063798,0.145439578334098,0
6.28750338974728,8.04076324725813,11.6143831843956,0
1.74194330112705,4.18254342046054,3.54857408910895,0
7.15694592963118,4.35103192509301,5.97147622682584,0
4.35806324734704,1.35998700133393,1.05326765853491,0
6.10588212975737,6.92131562339844,2.69260706253627,0
4.80121426723038,4.08338165326649,5.03073122428894,0
5.81517940327677,6.30174504418907,6.98264611744344,0
6.37015751565521,3.09879932063123,4.38452532236991,0
5.52064923096854,4.58593811444573,9.65577525158144,0
4.89355115345543,0.883402924733408,1.21009202046316,0
3.0559361075973,3.40586459776383,5.87443946570282,0
3.71537746192726,5.09944094459465,5.4202469124552,0
4.53188642588909,2.1205441122,3.81385587551453,0
5.26126464424684,4.52621647439821,4.09199987294983,0
4.33434532715655,3.48292664890313,5.28104709934498,0
4.06634814394238,7.93810748319163,9.19671459724749,0
7.10947679617964,4.29781273449875,1.72239868094685,0
4.56586920861365,4.42345088475843,7.57979415196319,0
6.52977669024876,2.24333100870361,5.25629721938227,0
6.5221987794817,4.25047811036268,4.46017322156,0
2.33260524905826,5.11512860740807,4.58208263552759,0
9.24961832663307,4.55547484063899,4.60373347963111,0
5.23920415733903,4.67221441626658,6.05953775972186,0
10.1971020601153,4.98762646912217,7.64245475737773,0
3.9777918610389,6.168639082668,9.96337233079213,0
3.75822107046584,3.19163350190341,6.49020423033578,0
1.09309985247593,7.05051822311295,5.48954229453811,0
5.71416493631609,3.95772907999576,7.23393038908501,0
3.63652675373797,2.57358021543859,1.4461187812005,0
5.83508562882297,0.730719027447919,4.39595883600567,0
3.58540604684493,2.88828748741444,1.72357435499301,0
5.23316782576885,0.963802907657357,-0.754792974469153,0
7.17066078059654,6.39628499338831,3.88337006806976,0
8.22274876565202,4.66397188595918,2.25004164335465,0
7.47832465471172,4.74075836798832,7.90956083874679,0
1.81832155882798,0.122322930983639,-0.276574760518621,0
2.02088187704241,1.47193060763173,4.35451771894133,0
3.15306732112052,2.93020359226502,4.09501106666304,0
7.68585726271081,5.38590281019467,6.320891467402,0
6.92630566942974,4.09912969133293,6.07600738355042,0
2.54259574644112,1.15838833586455,5.02292488749117,0
2.8778926964019,4.78038737477219,5.2450792111906,0
-1.06929496134752,2.31571447647382,4.62084941210358,0
4.14548655218721,3.13834570365954,7.37485386354498,0
6.10766945257457,4.25967740273942,5.20499224931467,0
5.79097188280692,3.73980891078949,4.41475697515971,0
7.52530661112055,5.52992466547032,3.89784666565801,0
6.38669809974916,7.28156464301547,6.58761200443832,0
0.583305080909646,1.98647326994134,0.229929715692651,0
3.46842838700674,0.881597347657729,2.31073684158629,0
4.51617515646325,3.68295152476804,6.19320434975883,0
2.27584357298461,3.1484331818508,4.46313907796978,0
3.93679134352544,2.64574023770551,1.30585179876822,0
4.71225372872646,4.31107643225344,4.3899306970862,0
3.62849271740598,3.35142205215051,4.85884668485543,0
5.40761786979366,4.53464922142232,7.37227546229026,0
6.60446100053793,4.76574276851833,6.55073128602893,0
6.67483653783347,4.82612317474211,5.10711773247787,0
3.77284312893816,5.70511147781476,5.44650850102184,0
6.82405147961488,3.97962169316221,2.75291087462163,0
3.66884094871508,1.8272524560726,7.56690027698686,0
0.574072311704672,5.07140231597156,4.67714396792718,0
5.65842924301949,3.97621441142307,3.44895092014561,0
5.458116243483,4.13752660895152,6.91739392136279,0
-0.109793252308122,0.804555381735569,4.13018772969944,0
3.86304230633661,3.16986354882408,3.38124927700693,0
5.43261901929789,7.22586328739185,9.48955368041983,0
5.98555580259427,5.29868802249253,4.75022582677106,0
3.40971604441962,1.30801133522684,2.05977596572526,0
3.18278983792684,2.98552389004137,7.14623969658328,0
6.61463100397849,3.85041941177764,6.13295178682084,0
4.24699476476801,2.60780835476892,6.81071627764752,0
3.36093831727095,1.1168283676116,-0.185729519001333,0
6.35982893013999,2.40230132177714,0.879305270449706,0
4.32986843908959,1.72669303091163,5.83448518074559,0
5.63338177058237,5.94886639070822,6.93048085047549,0
3.33251226694787,2.74826194746713,5.82723395573521,0
5.07378710771284,2.96175146832282,3.82213755550173,0
2.0183577689972,3.82751125829921,7.44760435552354,0
9.62563095457325,4.92741642373766,9.74694387659196,0
8.06972089902917,6.08261733934199,7.17767493699289,0
3.60776749392832,5.54431425937833,6.51396584462671,0
2.87781661717112,1.6549115661076,0.84234374261703,0
7.79083195227224,6.07613082383059,4.62864413964347,0
6.71506390208646,3.93879575667554,5.62372751543962,0
5.26502233181725,3.822652111965,0.673296837111385,0
3.0804399217739,3.89415184679479,1.7893026034177,0
3.64782500744309,2.21252227995347,2.08780974260288,0
5.34585041104853,5.94280831406718,6.05303144121072,0
2.928565066653,3.52006698447532,6.01318271588675,0
3.82107512627991,2.77976754094148,4.30047096919259,0
3.74587785420325,3.84428178551847,7.57540414382112,0
4.84028720908173,4.24530094228228,7.2496165476499,0
5.96104956223467,5.4438606858752,4.67036139202391,0
3.23543619411483,0.35864218666232,1.96665798838783,0
3.36841288919644,3.13555638253115,4.96746561514175,0
0.998239735319534,0.56568084206245,4.03688937143689,0
3.69861178390874,2.36773215609895,5.06651021985683,0
5.35935031636767,3.27450247333533,2.03689323997181,0
3.55579461506566,4.64950943876328,5.3030392619339,0
3.40418984331463,2.96335143127014,6.01851882747873,0
6.61174924914201,5.19521868406093,5.70013463813374,0
4.94967443204251,5.78642489437824,8.08205383252022,0
-0.597937132213707,1.16392678819975,1.96630968038077,0
7.01788143718283,4.77883874438715,7.12785324949262,0
3.27191315888238,2.85123282947063,8.74889432316296,0
1.77761539445571,2.24512071478435,5.06848985481415,0
0.199537058371104,-0.116157287515991,2.82660649705306,0
2.79625513585695,3.01003222705105,4.02872905184547,0
8.31113654520579,3.81617017862392,3.26512382381425,0
4.95908337313579,4.377503056187,3.58690844251798,0
6.71098822997513,4.76414068191611,2.92633344211536,0
5.7452460350004,4.3006546815263,5.80349749032083,0
2.79640089922423,4.06395382804597,9.31223231731439,0
6.64060084096093,5.47539290211341,4.84318517943553,0
5.2428214323556,2.82956479694222,3.14402644004732,0
4.73607292635594,5.04808513785291,4.95747457167187,0
4.32989724925593,1.04707206435393,6.78522406693845,0
6.45512747369692,4.08030166230004,5.4660474859688,0
6.08644183145266,2.87320871063028,2.46742620242792,0
8.2276462006632,6.20907443274906,2.32789903400668,0
3.00739589745736,2.73294677276834,0.64848188916326,0
6.13896286259441,3.95006611628954,4.91131631848957,0
2.02203385363475,1.3116372704746,1.16398141740774,0
7.03785033690333,4.27137877958311,5.56090900283099,0
7.04930190232733,4.36095979771938,6.08133059219059,0
6.32803507685878,5.46052931920062,7.00587707003796,0
8.15171897728385,3.51906832501873,4.925047623846,0
5.37315262096151,4.36633752467299,2.11957746164409,0
5.49234100091465,5.46133535483135,8.00994720425614,0
6.14810409848736,2.96476252218161,2.41890697523686,0
5.6606850595393,3.30156423940344,0.302073913341649,0
5.92955494616321,4.24738043448195,7.68855540173574,0
7.26998828755207,6.03335092809642,3.19453854212916,0
7.04419357182103,6.35763592191922,6.43086300415243,0
4.76323250519089,0.741950594128538,3.60543126607274,0
3.45887445135821,3.05364558265692,2.2098697624586,0
5.67435180203201,3.51316605256772,2.82404055051867,0
9.16998091539881,5.85552758131781,6.10748383199543,0
6.60590939555973,5.58072084607936,7.88740856348809,0
6.97146603400824,4.81142943949643,5.38090491745927,0
5.98139225730246,3.95499286131625,8.27333483684075,0
5.572758612161,4.47480487370795,6.85237253073713,0
6.27447346615209,6.22663041971729,9.8819679759636,0
5.56223326224272,2.38635683755401,3.8618047893232,0
2.72867982437031,4.27526719190423,7.13038000843361,0
2.5305407153565,3.1021322830402,4.6605695333095,0
5.87854358302505,2.38731325486687,2.55290480444916,0
3.53340540415054,3.77387694535424,6.11089816697037,0
3.54952641886916,2.11468034567665,2.55111377240094,0
4.87758703811675,5.0856937776117,6.82760837002859,0
1.27409500195574,1.44662461960849,4.94532444705908,0
6.08307749551718,4.53825483735859,4.15131033778721,0
6.58012737957546,3.87586742750168,-1.1819625288385,0
2.98664010979287,1.96603100748974,3.03217155642915,0
4.28295613727858,0.396202921672408,2.01142918691606,0
4.75995687933318,4.45255720323966,2.22582218230338,0
5.28439774466997,1.99277746276314,4.29506997861644,0
4.90761068463018,4.84325319875708,6.58172344632717,0
4.08590803331366,3.95192072161968,7.99523335295461,0
4.52418683035035,3.94557972582074,3.60788711791194,0
7.97977768819788,5.53861597166862,6.89309116863677,0
6.6376250361013,8.22855840098617,5.6798878582658,0
4.02242621829798,1.98966707912216,1.35771076118067,0
3.43459345486539,2.72445713445201,4.74002851292118,0
1.60976686098852,1.43647149021537,2.00609032819568,0
7.18066885777816,5.19751010579241,6.63318250222081,0
4.05641439533169,3.3448108498979,0.691484458224102,0
1.4148926822437,1.49964393487158,1.76169408125086,0
6.5754822652577,2.41786690358617,1.95572616270908,0
4.71076851984859,2.54790958793845,7.5279566414872,0
1.11717446839408,4.35693722457298,6.91950956605765,0
4.1591222032486,4.39266416841676,5.8153842497095,0
2.12544276088852,3.30624787563378,5.74267748672141,0
2.8403105780342,3.92838451546571,2.80339468435857,0
2.80706723367469,3.86720364508792,5.18741246946053,0
6.30014776158295,7.06779351808878,4.93266770045592,0
3.51674039382107,5.74870823517952,4.162532757411,0
3.83148867451317,3.91547321987449,6.27766482384957,0
3.39432882436282,1.95896878179885,8.23628142926907,0
6.77570168187985,3.88407010623535,7.1772065671491,0
7.42273450531326,2.86372394217569,1.27958773572798,0
5.87588619565,4.40883841484224,8.08290503154783,0
6.81474049746314,6.4221376686091,9.43372778646703,0
3.4480619200215,1.75457443863408,2.68297798858708,0
7.80332418837287,4.40390822832222,11.1216899162039,0
7.25560064641618,4.4421251311474,1.1426913450377,0
5.39412433446288,1.06814046328427,1.20241974158099,0
3.74413311309855,4.19717945967123,5.22161363347312,0
3.93064629634213,3.34668520145121,6.49628750699264,0
3.9317573246467,3.54790971858849,5.4297791495376,0
4.44538727582604,0.657685460019807,0.68487409904951,0
3.55635314318312,1.74416781451802,4.59678383549348,0
3.20556444133874,3.46941915418556,6.36023308966745,0
6.62298106326481,3.83128655691731,4.22145212517884,0
4.83599274293638,4.55074630062539,6.08012186888683,0
5.19492170358196,7.85433035910546,8.51646762492383,0
6.59561916172597,6.97874273985878,8.31511590619965,0
6.90587722659713,2.36023691234217,2.62600734489534,0
4.86303001877853,4.93703849513152,7.56103427487693,0
8.7926160217343,5.93585218652905,3.96932819982293,0
2.00183011210077,1.65777340346057,3.50709475857229,0
6.16850147403589,5.69517537420273,4.66133915850085,0
1.54503488820152,0.974689567173301,2.7341975077126,0
5.73688635525417,4.34636020096091,4.90782859543075,0
6.35451090444277,4.24900534738326,4.66652941052006,0
5.98809942218581,0.0409340592392224,0.439095703686467,0
5.47576701695445,3.99209648143193,3.23641851064288,0
2.22837660202374,2.70333172857133,5.89566561191824,0
7.44982966676735,6.07401630326533,4.98615598644353,0
4.14861429700669,2.25785560085373,3.6064633409004,0
5.40509396904093,1.49831952772807,0.158692423387026,0
2.39997602932439,4.2360893948632,7.05251265230955,0
1.77971906676349,-0.177827513642409,0.637452563036337,0
7.38337774202074,5.63460875701062,6.22844481900297,0
5.41247260171247,5.01966759324711,6.96346915312863,0
7.38254025110156,4.02545398822149,3.93884057965578,0
5.07710438592799,5.01621841100886,4.97286053367538,0
3.20414299193512,0.260858957454269,1.30251063721726,0
4.91164353571806,1.45534128032822,1.04900666619932,0
6.60025392536128,5.73806830783286,3.75295461089734,0
3.93529980734324,5.50882949509013,7.32348472772889,0
6.02581864424128,2.43135001229185,3.55201743461304,0
3.94817133718871,3.701866129696,4.6121114662989,0
5.87184427853667,3.77749965814339,3.57519061653196,0
7.31638439832516,4.92022707227936,3.06288429837975,0
8.12747232223566,7.83515155763915,11.7501383978702,0
5.67768870274798,2.76137431844588,0.714015335214265,0
6.44814113472601,0.98337863340889,4.98842001419452,0
4.32101147984142,4.42961783547581,8.44972514213967,0
6.00128402125402,6.26387963559726,5.70906994757587,0
6.48910815755116,4.47655259206773,4.53781806780851,0
6.62682940870387,7.18603194117964,8.7552143210292,0
5.087439948275,5.44557781059957,5.68944283110405,0
4.16137406775199,3.16940501642873,1.38625796670265,0
5.50180713201107,8.78979453141589,6.39311127649479,0
6.75526729299072,5.63328871903025,4.03014380757317,0
7.0108349230769,7.17666968818809,4.54346613291273,0
0.135673484265398,2.78334123065198,3.05545458998092,0
5.55733735174244,7.12419583337103,2.90508505684313,0
4.68331858508745,3.17404916076301,5.68339488042779,0
5.50428120316611,0.322548474456153,0.526861812172215,0
7.48549829994955,5.18226794010118,3.85450207743921,0
6.31671965765042,5.93241511460253,4.90580934418914,0
4.99011736219903,2.60222177343632,5.11005297394529,0
2.23664422975336,3.65488029890393,8.47846460512597,0
5.76357028337553,6.54790066738944,5.9310632447749,0
7.80298670912589,5.2589287555603,6.18598652914147,0
4.13793662900181,1.57999618939142,-1.03360698973676,0
4.54851664840878,4.02279464679248,5.92230403071911,0
8.39344853255916,5.24133815614851,2.12452173293953,0
4.3862142037159,2.69893258427515,3.21145864533723,0
6.91332898254805,3.96433337256802,6.07103025313783,0
4.81682618676089,4.16166137094761,1.85770705228006,0
6.34282093011644,7.82889491635499,11.3939063305449,0
7.42644038894003,5.38055630445929,3.78284152658108,0
4.15836826328943,2.86461330114106,7.92261667402705,0
7.62365949624794,2.30906675165992,3.0982812703208,0
5.10813511603559,2.47330989991333,7.91473169343825,0
5.54164256000651,4.41391358952028,4.00316419050913,0
8.47056484264912,6.77336601741112,5.23939966773868,0
3.90700646219376,1.92536706389988,3.02269055520127,0
5.89196544785723,4.45159497114702,2.43287430078602,0
2.84868232388189,2.55407499171848,-1.06153527041911,0
4.23055757411522,4.5038686592334,5.64405259154436,0
6.99248019071135,4.18320388858316,7.96440054531226,0
5.83159266231573,6.55483433937441,8.64234632422866,0
3.87805465645539,3.59634512590386,1.97038108951943,0
4.40343710121608,3.08105378431755,4.04187462055852,0
3.23343625313834,1.04327626731785,5.27741619839691,0
3.42341296147963,3.34592108910788,3.78889859419934,0
2.09055012124816,-1.68779761975154,2.3203693451067,0
4.99541873435887,3.81254281126431,5.49968054895238,0
6.2498137120504,3.92934339897123,5.22921187072337,0
3.16278625434258,2.43402354104207,4.01633827230736,0
3.7337313591341,1.58737369494522,2.37973085978235,0
2.24414743055573,1.71862120075695,2.39215026593667,0
1.55265440335388,0.562930205674451,3.57079268999176,0
5.65489700564563,4.36201065579566,7.0199986773064,0
4.80303483367912,3.59486870229311,5.68447861694682,0
7.75275989839148,6.3690118198827,8.83694160129234,0
0.647423529380655,1.3962811447986,5.7375223808527,0
6.85764090673067,6.64699608548817,6.18370756964132,0
5.04768491326797,4.2448567997887,6.75714045173673,0
4.81587895340401,4.05118243497764,5.37435631782285,0
4.453790773688,4.93499345568321,8.33340436994686,0
2.15171187336647,1.1074359940998,4.19828639770928,0
1.66413257760782,2.80250286878432,4.69336480505276,0
6.49984647300301,4.75698016968374,2.31689850554915,0
3.4614410081788,2.90930670043792,4.44406647822329,0
1.6756697324084,2.18599526615355,4.1106605677325,0
4.46952548653204,5.11371389223795,9.77659638126765,0
7.24467173534218,5.40980205759749,6.59656166198721,0
2.58643690396463,3.08139022585133,6.56179960701248,0
6.94800357087189,4.43459008444676,4.21039270801385,0
6.3088335172471,4.67932022026213,4.02269508378554,0
5.57130925501361,3.49653308973842,2.2976995232745,0
0.199926820543747,3.10448094370256,4.06307010238315,0
7.81880625632011,4.76022213178634,2.10901990232888,0
4.87387921963601,4.89566193151071,4.62347748167253,0
7.31910659669618,5.01998721138967,8.61659063046303,0
5.17801403371467,6.04755011873257,8.4603438848745,0
3.03639186259553,1.73058175082323,0.295345044521261,0
6.84227061606101,6.14895570953344,6.73137807216845,0
1.56811033201892,3.43394789888999,4.67907675004412,0
5.51025927410585,2.66866057044856,8.47358990320708,0
1.75573493207826,1.94299992419745,7.2061882293959,0
5.21903433711957,5.2759977120161,6.50327226925311,0
1.91127720117034,3.59481303261816,5.17972519186761,0
6.59629512550301,4.98717873554733,2.01778722350416,0
3.53706945052831,4.32637692882977,5.79739988828076,0
4.92572579462687,5.09116515407309,8.74981004634646,0
5.11530740398734,3.3910308554503,1.83132888530496,0
5.82327265007669,4.19164926605462,7.10250617925878,0
5.09544123095858,3.02983346910261,7.52594771895215,0
4.01839173438774,0.972595349836675,1.66295713752086,0
4.2919413280672,1.71581492178893,2.56852412067324,0
5.9560573669545,5.94326975528655,7.13500290631029,0
7.63171241927867,5.27002092296336,8.49223620844621,0
4.41829924702263,3.40494995363248,7.25380781696956,0
2.93283386393765,3.0884527127282,5.6617159045763,0
4.53285136066245,2.19378106765285,5.64591345398153,0
6.84282394900201,4.43826451956726,7.17176318832463,0
6.34282478894536,6.46703177166582,6.01339730087485,0
5.03900002681543,6.40096268920917,6.47051202633659,0
10.3142837762985,6.79135942253242,5.89971816909194,0
3.88278657808321,2.7569707194164,6.47326145887532,0
2.11723187367571,4.17765879087986,6.81518514143308,0
3.2843802685532,3.53691370268593,5.40492422017441,0
3.92769410661277,1.13059282474754,8.40426406851817,0
5.59444856971504,7.33641371091178,8.04505502628425,0
6.67735880436779,5.51794491800928,10.6403772848382,0
5.73998214706537,5.43519704777938,2.76346582275563,0
6.64443928117975,7.45511194086654,6.47896376966033,0
3.69538603847908,2.38375429677416,5.75367868367907,0
5.34704601762077,3.73645099928574,7.02036535743826,0
5.83594047841423,3.62292393951244,2.11416878330555,0
5.2981644860393,4.96083491043109,8.05709697922346,0
4.90807295428996,4.31606240142262,5.66731114029793,0
5.88589755941291,4.23409590228425,5.6593609375433,0
6.98212500427444,5.30947585933361,5.82911692180238,0
3.95822882715768,2.92648044159743,4.43473297983238,0
6.6107931446664,6.7003638839135,6.19270707376283,0
7.67396090080499,6.17849223879056,3.06980275085203,0
6.08202396267639,4.02078485914815,4.23519334969997,0
4.55245390964867,5.20714396916767,3.79081673593629,0
3.73054512177151,4.72286516604476,5.57286973831612,0
6.38261422537091,4.37631435616824,7.89336621713848,0
8.02948695569777,5.5977825299469,4.91259741032771,0
4.26782555048002,0.537197932941961,3.5021802177177,0
8.8590947764465,6.17304672464172,3.72660181610755,0
6.63204107935907,4.50697694216667,3.56126483308315,0
2.96098472445493,1.28058769056069,3.57935056927335,0
7.70216936664904,4.60770371963446,5.01441734208465,0
5.35334352611018,4.38729360807105,4.76335255368548,0
5.20941772848428,3.23928057198442,1.41263713500031,0
5.52829716391464,2.71660652103461,5.4637283813397,0
5.39319763750442,4.29847192751995,5.98415712311596,0
4.39579463257964,5.04443854703398,8.07194768458674,0
4.76412672749026,1.53305668516838,4.6131473740107,0
3.62354544117624,5.69513593843331,5.07944653333339,0
8.06492363495472,4.14403050929773,3.15202719529994,0
2.68394782055667,4.62576890887894,4.94857685168279,0
6.0966321387777,4.70275189337824,3.19263305300379,0
3.887052168528,2.16756726702172,2.18020374394633,0
4.38941949267674,2.13866175411879,1.76011955974552,0
2.92348517316623,3.37143686949872,5.0331277679422,0
6.5501671568722,1.40992745581696,2.00339336070804,0
5.56164289860577,5.23910631766373,7.38130478346861,0
3.0597783133314,2.82229025564161,4.26498958097984,0
7.71580795461337,3.56244282002294,4.12327214690117,0
3.15653231429175,1.89182898598066,3.63136822601866,0
4.03822104080306,5.92062191386921,8.66052758815072,0
3.24105249870937,2.84139970214394,7.45148531684229,0
4.38932775483478,3.41140399853864,-0.941797793791722,0
0.703337528758051,2.05774915397063,6.04620540210104,0
4.34490465106364,3.10751761418236,2.72038850966689,0
6.64195131943494,3.49933619032136,1.78049924171615,0
4.62105779922589,3.26179590207668,2.58363605035951,0
6.30437740527594,4.24871453218794,3.52708986769765,0
3.1522538350675,1.05709827041552,0.850201419292014,0
7.35069513840786,5.81660481864508,5.44985871302067,0
4.3417216798525,2.10636149810452,2.87217583984531,0
6.53030079488383,6.26096334234842,9.1582561553954,0
7.02145436813767,2.4331980669376,7.3113225632023,0
4.73128589252855,5.79432780304263,2.64760641117067,0
5.97837578620046,2.91683947684935,7.74167520537524,0
5.15679736934927,2.74938167601974,6.39300040948357,0
8.27164115653836,4.61188144135967,4.69742923431876,0
2.91645249970076,0.0512669231555751,3.90630008738705,0
-0.16680225524737,2.93607168422855,2.73614596742426,0
4.08324052433083,2.8545998483096,9.27220134953549,0
2.8487354272223,2.3709164248153,4.25078342539385,0
5.31691477588161,4.31255115544029,3.50545977630871,0
5.72575885843382,6.47985787549858,5.65138429521319,0
6.9351905922099,5.26639098934366,8.05715536755631,0
6.41773151367093,5.09052246849511,-0.360056638852053,0
2.37549835225744,0.685804614670971,4.5699111467739,0
5.58825259363671,3.09780606566372,4.80081564994975,0
4.70430724125393,5.07495101007771,5.08177883956743,0
2.97758774544243,3.06016627157186,4.64997128535283,0
5.09636501514078,5.82316703645272,6.32086290821381,0
3.90609986366399,5.5122361782277,8.99058355938942,0
3.12833160310832,2.16139309999124,2.64008153842104,0
3.95500829237958,2.3250766657825,4.73759817918436,0
0.928929323455995,-0.454816918960447,1.73125093277125,0
4.04100496262502,0.985084130509669,6.05427823495603,0
7.50314620982384,4.37814057007956,2.32447836122566,0
3.64462566786827,3.08950407999066,1.09727658004892,0
2.21330508646947,2.58898305830483,3.8162389931738,0
4.61100963131775,7.04999239147892,10.0725302092057,0
8.99209876397319,8.57603948058689,5.00897049884295,0
3.26505146051636,2.10516877690905,2.69358881808776,0
5.82720636022109,4.89431085277946,2.7308999775146,0
6.91386115613703,4.19532434078886,7.09212605286852,0
5.35396581172345,5.2251320871015,6.13770198286565,0
6.78040471966789,3.51764317846437,2.87648933575279,0
3.51348794595658,2.99641926245881,3.74458929745106,0
1.25193809249883,3.43602971661513,6.46943090604578,0
3.98659924306374,3.58913140507672,1.4307279134463,0
6.69233321458072,3.34367419442283,7.60721310062528,0
4.65573438703559,1.7976470668999,-0.703408516165397,0
5.68847308410944,3.76518299869514,4.42545537009155,0
4.65999899823142,3.38776885108219,4.74417460806835,0
1.2249928384689,2.5702373511213,5.48973455863117,0
4.67322054870574,2.98306751988834,0.310596778646811,0
2.43495934087583,3.92614500374495,2.74452298689619,0
2.87040722959529,4.26123831983992,6.29388859311898,0
5.5872747638645,5.86648559987693,8.32181345832408,0
6.96070069788747,7.20082127593543,7.91866892573506,0
6.6164652414189,1.86839232546231,1.76238258539627,0
6.49070363933582,4.15235036532945,3.74479102181668,0
4.80591590027702,3.19981234189077,0.249568878655107,0
7.24365347890823,6.10598252390316,8.40798984262641,0
7.65815457777675,5.43443770462956,3.92330132042932,0
7.81330858552465,4.6593987455745,3.45061765099949,0
6.97215503793684,5.77307790681024,5.18697871344823,0
8.60990311252596,8.03731644789867,8.61222413517588,0
5.42981756993994,4.66289730411943,5.35342875970819,0
4.88822520763815,1.62079410160807,2.70784905507953,0
4.64209024415614,3.71630909190292,0.988478645895084,0
5.31673719328047,7.91724777464992,10.0915027997536,0
3.82069030652188,2.2332468124678,3.26321198495406,0
5.65437655476308,3.20323082198295,0.697058641732185,0
6.6265124952845,6.74422188296187,6.71924824782617,0
4.27001846172447,4.17525171420883,3.28776930392778,0
2.46251730600192,1.39919096001024,5.13455615788341,0
1.61253148213923,0.040058031881482,1.26428096380442,0
7.65652610031436,3.74249620922191,5.48197243108451,0
9.34570407327016,9.1967051810303,12.3031055717644,0
6.77182184649714,3.92074765257378,7.11195910403768,0
6.29679339966174,5.62442702017723,2.46758781581031,0
2.07301348643705,3.21594371139425,3.42928145965057,0
4.03341035255659,5.23647098193236,7.19543281192052,0
8.82467285672078,2.72563648579268,3.54492822131758,0
6.38895664162364,3.48428899182742,6.62358668441217,0
6.56460370194508,3.46417356211262,4.51872822646351,0
4.85897773149091,5.99054492602769,2.67603662438157,0
7.06894813780773,5.42034110246423,5.40786625439909,0
5.62784333790111,5.74778384279539,6.69260620744506,0
3.5373481891474,4.37603556229697,6.1678876932498,0
9.230121836621,6.11019576391951,5.27742651146711,0
5.76804591412925,4.09430331991456,8.21372633593032,0
6.56020872848442,3.64356282275496,3.6786149843161,0
4.25164647729062,2.97117271180189,5.38204902006727,0
7.59072350394416,7.38124745186622,6.05573173111153,0
4.75208332938525,4.15497209374988,3.34866347327895,0
2.77091576330789,5.0807357683631,6.9913306952534,0
3.0631651555665,6.29752055988232,7.62169394036872,0
6.13764949967322,6.95711036041846,9.07921379983426,0
5.00095189707475,3.76913102009443,3.93531731416711,0
3.2832519547957,3.24917941820035,8.93465929174917,0
3.07023766284103,3.06748296990003,5.05745427396754,0
4.48450490743866,7.16344441478156,4.91521359024106,0
2.0827362543564,2.84537128413751,6.25349720749182,0
4.53633897742546,4.43850296065692,5.13740763239358,0
4.4869885093685,4.23748644365387,8.18271502172865,0
4.65359529651659,2.73716936035299,7.06691415780001,0
6.23551239459232,3.37502914238269,6.24008517201771,0
2.91238791290923,2.66518920538162,4.46496144695419,0
3.8684189162532,1.85696530564667,2.32340847913816,0
6.62376051237281,3.67571946231716,3.37623522117377,0
6.13681043238889,3.1217401950057,4.03335190705068,0
6.04710767104835,4.92383305916377,5.65272059359866,0
4.18350890173029,0.795381990685856,1.80878804648256,0
6.19143976210185,1.71481157621672,5.73209818594435,0
1.46259622361524,0.861236329898627,4.24854552197837,0
6.74785860796544,5.79273207400808,8.42109658906146,0
6.88040992363628,6.37814571999851,6.43483267024761,0
6.77354687733278,3.0023118767495,6.03863478233429,0
9.69096979266322,5.75809298064825,9.40648762224323,0
8.07232314957019,5.83363502286456,8.40551194267228,0
4.88632501229548,1.78552866144059,6.71354792087762,0
0.876073666520206,1.85023414601051,4.63350273329612,0
5.23322422165719,4.5686688842434,1.66889449866777,0
7.14945839104167,3.67269322420763,4.47460083425559,0
6.39183738327463,6.57489554887423,6.97688068864864,0
6.02881106350594,5.23381046155587,4.91265858298462,0
4.21229089539866,6.59909893549474,5.43781478011376,0
4.2230115221316,5.45423262646954,7.08754055708204,0
7.29357586577241,6.75486365447797,6.11066227744961,0
3.04268708067277,3.52368377469219,6.28793942844216,0
3.45023350838956,5.45765015066389,10.2550447997214,0
2.07477818174917,1.63885430910875,3.53948204254098,0
4.57917782427587,5.0095290014537,7.76617995245287,0
7.1104119387666,4.30049244982558,5.19878559106468,0
3.57553204494526,0.0355125115149733,1.61658327181364,0
6.99083317523452,5.04493594413102,9.2957388581613,0
3.32756965045186,0.941951240266635,2.57109385056717,0
6.07469776078068,4.25978918851932,4.09368419597265,0
4.2005446354386,3.13734410806947,10.2148638616595,0
6.73883334953055,5.0319845293081,4.6394455354449,0
6.85656048663219,5.20455594235,3.98195149290248,0
4.25659806710772,4.00084786425998,6.02289727650541,0
8.11169842714432,5.32753582909516,1.83392367928432,0
1.72458172384155,0.273249868328803,2.92859106083864,0
3.68942548904448,5.35091130406711,5.13259519150418,0
3.35107298752868,2.07724010895078,2.76295719354761,0
1.16709912164173,3.15888293077657,3.88341325072186,0
7.72313290865434,6.45381233456229,1.2804399533275,0
6.18646034581434,4.45362906161716,5.52547885260622,0
2.77158437223734,3.58333331903742,4.88284762029207,0
4.50958151891335,3.56526439563237,2.30454647673297,0
5.13421064807829,3.43669366433096,4.03059760071143,0
4.16307686726681,3.52561402856801,7.92074334406441,0
3.86070021939174,2.32914315540976,4.57935518271803,0
3.44147321300913,3.09865162686649,2.89490203445159,0
3.0410755588279,3.31215691823771,5.22495818540405,0
4.55991430051487,6.85646364403884,9.6478319525626,0
6.78687744031966,2.92558166298977,4.31939675751168,0
2.96539555111847,1.37010315983178,3.85284631210226,0
4.68044270299776,3.33114988848634,5.20241423435172,0
5.03320789310946,2.2773735879639,1.22963689744478,0
6.64711135362212,5.22846320216423,5.40764081378151,0
4.88312470775402,3.24764156486137,7.55707058922967,0
4.39436595671294,2.9980581779374,10.1025370265453,0
8.06076834129903,6.58690764021894,9.18066071339263,0
3.50686203098501,3.6710541158538,5.15336718109888,0
3.64097659059423,3.17810179847918,4.22377648786719,0
4.47694678481234,3.84363457122037,2.61507375285073,0
5.30718274096471,2.09596578237276,2.92599551034527,0
0.279334102944294,1.16193859751476,2.586448200245,0
4.7584836522759,3.57179364578303,4.22418709865759,0
8.99470341430146,7.19026194325999,7.59666168018413,0
2.30303281805936,1.12824185403495,6.56239202533048,0
4.23182319541974,2.07389863289738,3.97149830356989,0
6.18607270309983,6.52021412756436,8.83049098522097,0
5.11456050718813,5.62306462249954,6.67300357811334,0
5.63665897993842,6.21781504972067,6.34116633442411,0
3.18177864047074,2.72455915911754,5.19407206192117,0
3.04829918541838,3.66941433057414,6.38744252253447,0
1.63174128533067,0.984289197371852,2.76392504245094,0
5.62309136887088,6.40023824373247,6.50579776431054,0
2.7005842894968,6.60942828392773,11.2650998358659,0
1.0034776753316,1.17633173712955,3.59150500304548,0
6.43583099327019,4.37617761884172,4.15257711169719,0
3.08063563311599,3.56235381312404,5.68491546649444,0
5.11761481268614,2.46528283553977,0.155116932736643,0
4.48444887858415,2.19866546852423,5.06440758271072,0
3.65665505123379,2.54412124274772,4.12017564240153,0
2.01223333104654,-0.0196364180673401,4.85154901849358,0
6.09818021405122,6.88458093052397,8.14348211467564,0
7.60595127081422,4.19290232438779,6.53424559855332,0
5.24227940418359,0.783739512037138,1.42960778617793,0
5.12790302474992,2.40252407207096,5.15219362647081,0
10.4785814886515,8.60677267618811,6.68342237662498,0
6.13089552523165,2.84918114439422,3.3207264517311,0
0.843833755222509,2.88996956158533,5.99928171511434,0
2.70829492242885,3.42527702442759,6.02255159820581,0
6.90220119782039,6.18981497687193,6.10433343637158,0
6.30781693696549,3.94709768893274,6.38229762269201,0
3.52894364991,5.43396169649304,6.95079577804008,0
5.32879151504914,4.44651603790042,5.28976907598178,0
4.73432086816381,2.67373659871542,3.39291088192059,0
5.52162086317357,4.06748987369894,7.84959228051194,0
5.84682840000663,1.59117925988069,5.108565650158,0
5.43431469764896,6.83022543150853,4.65839602224358,0
6.34852442273929,7.52016987365055,6.00401238539044,0
5.5564953775537,5.18826822593951,5.34830176281752,0
3.13559663399012,4.53336636024694,7.30707494775649,0
5.65865583524335,5.40329684835115,5.90964483327619,0
4.40106285181095,2.9127757268998,4.28597323823379,0
10.8195811622836,7.19440835467237,4.63450082039052,0
3.37127792819945,4.27381977285807,5.40181911911469,0
4.93833179685017,6.10339021846418,7.82956882365167,0
6.60337468998865,2.71950693840842,6.15575376509109,0
4.1444845186894,1.87751850850075,4.08895670802127,0
3.70876767682506,3.31844963680509,-1.53179934699856,0
5.27215919730256,3.16615380180946,3.02428445016383,0
7.28527067569451,4.47111344249128,3.54532610085393,0
5.25624389318584,4.90618350215445,4.29969223158048,0
6.16909277136405,4.8282848549978,4.51234998327506,0
5.23109239043656,3.91764133030034,6.44151222201761,0
4.29438757360072,4.76836039746193,4.35295306222045,0
4.24622379328202,2.18267654055127,7.33433579669578,0
5.90910608921952,7.43928038142995,6.53728903411026,0
7.67606636855484,5.03417109594085,0.848738089650049,0
6.18070643806413,3.82421113600976,3.96975828159283,0
3.67337362307468,-0.232655257224554,7.24662495883953,0
1.77170804829403,0.226386910011245,5.66424197233484,0
10.4670021889263,6.96836011073496,6.92086682592995,0
5.18289598263453,4.21131417271397,0.786513195400429,0
2.842476185652,4.34286604854604,6.54184695246879,0
3.12735035770302,2.61029176714303,6.21422503423575,0
3.39864240772576,2.85871382809823,6.86336909376258,0
6.72958070046689,5.79178439305358,7.2446245215859,0
6.31867555439944,5.92644113126357,10.5618523092177,0
5.22715282238905,5.34985851572554,4.72050988835173,0
6.67215416506026,5.12587179620942,6.35568407612595,0
8.17080932429622,2.27089051195137,2.3815763055787,0
6.4728609474256,5.76595233785257,2.45792008390468,0
6.63487168668889,4.47614382471151,4.86211075839804,0
5.13964660084455,3.95444660137135,3.85387547029887,0
5.55342508495837,3.56121564017656,0.293816955039111,0
5.80567598257181,5.56829723501125,7.53854630785362,0
5.87627913645345,4.97902690277487,8.98165216915353,0
4.9045117371441,6.28416094423196,4.90702005303847,0
2.20614741443256,1.26292922879482,-0.457225570842811,0
5.09902547635855,3.81086493015086,8.61019721430288,0
3.61214659828276,6.91195840692521,7.05979786442536,0
5.21885773323365,2.52734767155001,4.74667728983354,0
3.83388250206728,1.89356074203279,3.42048437515936,0
5.81529519297051,4.39975569851578,7.85606359077897,0
6.76795992166018,6.76380684515762,4.82113773805871,0
6.01151341051528,2.43308967043882,2.46259137125765,0
6.90403222984825,5.49712660503215,6.78276668492047,0
7.93889014641396,3.49036307958223,5.49170664971197,0
5.70493094114094,4.25320812894207,5.53935190206095,0
0.412534911879482,1.66765594652848,3.1206815081976,0
4.72347201304872,6.30456888563998,6.96684904376906,0
6.40490155682743,4.32574947002132,7.81879328777208,0
8.4500146002854,2.51242643532491,4.46523357865542,0
8.33130939989949,6.01652865562274,10.8770298788075,0
5.21233113514298,5.50589584429695,3.03222448706561,0
4.96951390994159,3.65590372536923,3.41186756763964,0
5.07508848238118,2.56469023531366,3.29346901345045,0
6.36568363059423,3.53019570042732,6.09598176286115,0
5.79075478674406,4.13376252478317,6.2676198636389,0
7.10330857701211,4.34308993378528,6.655484800989,0
4.15145427415846,1.65070573706678,5.35787617982,0
3.75659469839049,4.05103413165441,9.26294266785235,0
4.87569846179024,4.97726907979025,3.64417734051862,0
4.85418830389157,7.51030594353487,9.67282501141247,0
4.52241569552742,3.09420900273613,3.72063816447863,0
3.6965283574165,1.15368872825653,4.01009363984666,0
10.5248995619587,7.69644625170435,7.68575664652657,0
7.1579760363022,5.09279355682794,4.05855645623399,0
6.99060631797292,4.84833313650192,5.93137691712399,0
4.23342166221395,3.49030526889858,7.99913209440895,0
4.13492427274563,2.61456186183548,6.55870400337079,0
-0.0979584397629401,1.2771735072909,3.59860729370313,0
9.63526116244562,6.84555136857342,7.73738634650144,0
2.74758784013271,3.22857643793456,2.96411122444585,0
4.2140361720076,1.75834595408843,5.12817804081996,0
4.70726807688081,1.00184010226658,1.96754619903271,0
5.12827785923312,3.00877066268104,5.81016675928565,0
7.39886771476407,5.7423243969929,5.63216842145434,0
5.54912238576648,5.7725967470128,0.261216032497354,0
6.92726468592775,3.642638474903,6.12190206266464,0
6.08133180123261,4.26819877835815,3.50291069266824,0
1.45745306014259,2.35676074393281,1.04983130168797,0
3.2780967588451,2.68440218552425,5.84904954921168,0
1.71677911748365,2.8510896444415,1.55380320340788,0
5.769493016473,2.98168461287856,1.04958882896997,0
9.69692571643692,4.71355403315266,1.66048593813718,0
3.90574262071906,2.2115019068149,2.81424839723518,0
5.60616399729914,3.48205574103987,7.06518800036406,0
6.9951663317039,4.66183011744312,1.82608872065757,0
2.15959851460969,1.45773354376709,9.20684182515048,0
1.74015730586857,4.48859051076213,3.87066852322286,0
6.34624519778027,7.32668133712225,5.88021099945137,0
6.16554510237845,4.13468809839492,6.81050243833462,0
5.92726103778884,3.19072057852342,-0.1313957354157,0
8.03844719271666,6.91883004442574,6.69261767178654,0
4.35704972653383,1.96480472018922,-3.46980977413147,0
5.36323160765128,3.07863836354236,2.38067119093608,0
7.93218650257,8.22761306955848,6.31642073673128,0
5.36565890789919,4.01235042149054,5.38006101815793,0
6.75507671746899,4.79794969823309,5.46198694537187,0
5.43371384752833,5.95119401143733,9.97982115550744,0
6.41455768550764,5.82262046315271,5.83150219191811,0
6.2491065415484,4.28804086806083,4.19267522795661,0
2.24006632015217,0.816809087179519,0.554032917273649,0
2.3200225229075,-0.443091772757368,0.876644151519353,0
5.02576360562519,4.33469474905667,5.57657106577042,0
4.93758387799792,5.97950301852951,11.729336405277,0
4.55455562136371,2.40545185940217,2.90926907173555,0
7.05321111172988,5.52589788715392,3.38742836206957,0
4.80622948324129,4.66730620438827,5.36940218134647,0
6.71527897699514,5.22866711076472,6.73432171491252,0
1.15955861208438,0.462169133097348,2.96348091926892,0
4.22275150174029,1.2300669471669,4.15929550169492,0
4.56842346789773,2.70647021323918,6.86251255380404,0
0.272952870088509,3.99224787534512,6.35017889144006,0
5.13229477953424,4.2303550246512,5.69407555952336,0
3.87065105833794,0.939305067735053,0.60573493113978,0
4.84858562715668,8.51883581946473,6.96431013602341,0
3.76191710007133,3.54670002984961,5.3136543622413,0
3.24543576147241,4.81824200242934,8.62016658446437,0
8.57273336424714,6.65276450615969,9.11111056481811,0
5.08493745447579,3.54571651368654,2.12498220997531,0
4.48712616134874,5.06753688620104,1.45368807387962,0
1.46713057117373,1.98783107058155,5.40114691032812,0
4.53569859804917,3.74544580759464,7.29090148522241,0
4.55681258341297,6.57546518210983,6.63169924739411,0
5.63972482696239,3.90358935067325,3.0840963198473,0
7.85574290810652,3.40347054028949,6.07507716974051,0
3.00903778081087,4.13403784265729,6.16706896303994,0
8.5418764773767,5.96654479887206,4.7316306752065,0
2.6595467641317,0.205203948469913,3.91714995785734,0
2.40342548649404,4.68241113347531,3.25324630537619,0
4.46516380900246,4.9550413014341,6.98498582092394,0
5.37872570996812,4.50951630300706,4.54380974746846,0
7.94708581233023,3.44066109039868,2.91656828266791,0
5.17751749348193,2.93105778255222,2.35452661476886,0
5.60753245129486,3.41075868320642,6.45021323583467,0
3.65269244483245,3.90641105010767,4.86215643466148,0
8.32409742083716,4.26971676805371,0.799417813055511,0
4.27067844063015,4.74099854887038,5.06012808054805,0
2.05302864501646,-0.837485907233125,0.261847151850662,0
3.69236645208645,4.8642112524883,2.97132838829232,0
7.49201272402215,4.29829005284043,0.89436439120214,0
2.78360361348133,1.73907970784646,1.77591013575347,0
5.67225286428323,2.31130525333095,2.28829123696854,0
2.87904632743078,3.37817052903191,4.26249539883262,0
2.07710890270007,4.07554252118772,3.04631565285701,0
5.14926706073804,4.6235466227397,5.15496580674587,0
7.99028274433541,6.32897098143656,8.35781112190516,0
5.09522569576233,2.97156067827944,1.61781373641891,0
2.88017336428371,1.53936656948205,1.10578849017351,0
2.0493454460891,-0.129189660484961,-4.09364495222868,0
5.35133135710246,4.00032263631087,7.66487476153307,0
6.32344566852151,4.0643887802928,3.04767275508163,0
5.62394978449881,8.35008672693262,8.42258668681969,0
4.58314341401337,3.03791080883933,6.24377487228014,0
5.65056721073756,3.94921570254377,4.3310406285272,0
1.74031853876823,2.69884061161895,5.0716150038116,0
5.34667599279795,5.45512675927092,9.18014010045447,0
5.08763389181159,5.51335583325155,10.7938558801052,0
3.84207530476089,3.53533129441079,2.44982506078397,0
5.60005538668531,5.69045491198358,5.32879448989293,0
4.90234681919049,2.00440969412545,3.75741445173956,0
5.14667360948016,4.63082169257127,3.60653267666011,0
6.25819867012027,5.89925955873757,7.91819725707543,0
4.96343093063391,5.90280694888288,8.90053521079196,0
4.57972503646872,3.26223428118405,5.20885546234522,0
5.75111264320203,5.37647965471928,7.42285336898787,0
1.88085687731793,4.59489098505672,8.12601815341669,0
5.47579978384939,5.66189249113818,5.26570281559886,0
4.6454247611635,1.76935795974617,1.46242958119396,0
4.53622456840317,6.46496658099586,4.13724418720851,0
4.51193077944553,1.53853912359153,2.90407606638176,0
5.0145856240753,5.29618672544725,3.60043896891251,0
6.48483859202071,5.92333234035638,5.7358351871144,0
5.17605138024381,6.58628467079515,9.54296675229929,0
6.32732102219849,5.04180973253314,7.21146299950602,0
5.00567876544801,3.29326718214282,2.82243671593559,0
5.23718899989385,5.11596948071081,7.12158480571924,0
1.29739567180653,3.26796586569649,3.61026031299425,0
5.43860962772577,5.15669080086371,4.09527134062476,0
3.92079890311169,0.305847183372305,3.03355965129068,0
3.22214678146689,3.49765097684171,2.83694979316784,0
1.86048228000194,3.62715863506075,8.79724383238301,0
9.00493056916206,7.30809566980929,5.28235970213974,0
5.29446130762589,2.03055661481297,0.959627415990663,0
8.91325973701019,7.62380606281681,6.62099568768997,0
2.80285704088711,0.491024060901669,2.39883949771119,0
5.05872923239625,6.13636328787212,5.66923382682805,0
6.90803748942311,5.32740831066288,9.64837164509714,0
6.07660781227762,3.86399860401049,3.46346339451134,0
5.58273526060252,2.40295164744649,4.2422364600875,0
5.98794797585133,4.37953592188818,6.65612346239011,0
1.18457126163905,2.10472130593717,5.70896421120333,0
4.28402315071693,4.53165601874626,6.10894837804906,0
3.52026264565303,1.97851077101618,7.36582662582031,0
4.89111973743659,3.60164411975701,9.19050986423913,0
4.96785747415931,4.06487419523028,9.72108594553803,0
2.71105158628835,2.58281527893655,3.52321481833148,0
7.56678569226098,6.27376394177489,1.02827822186949,0
4.59733211348953,4.01209715626768,3.71662561499652,0
1.9661993726984,3.65346363539323,7.75369416784209,0
3.42437130387373,5.33914479131964,9.07064710190402,0
3.98708054565462,4.13056684002639,1.98015085196292,0
3.74208613044905,2.79433078157521,5.66994432593362,0
3.28068096604486,2.80172854896534,6.11442187543007,0
1.46031888497598,1.08268417934453,6.15764847872437,0
8.44634382768881,5.34945516007379,7.28414169165309,0
3.68288100124274,0.616722721575295,1.76308554818436,0
6.49285196665431,3.50308038474081,5.11488669249914,0
3.52866391107138,4.77332009988507,5.87507792308133,0
4.17806259683959,5.38671227785059,1.83265869451344,0
4.32768805018697,3.35258931998754,1.65878486501415,0
4.51491097375956,2.49669180275259,4.21597372815151,0
8.03369650421177,4.69701972430953,0.565926692855315,0
2.88639936299124,2.57393259214515,3.25395343689794,0
6.25278241848578,2.81393413235656,4.1422989892602,0
7.51424214590805,4.73723560423462,4.31250938175415,0
2.40421750506929,2.75019042319202,2.30561211215102,0
7.76231201789481,7.32209277564899,5.20957990689333,0
3.33887596840664,4.46225896853086,5.8874123633925,0
4.97233232852075,4.30427147398096,5.34839930344875,0
4.12176221063102,5.48468268185391,7.52200172924335,0
5.08836974444549,3.62743420837418,1.57940305817297,0
6.18656561878735,2.49076552175635,2.58394640552923,0
6.3986126386523,2.64210166857346,2.97716356580196,0
6.51078979735165,4.98803628645816,2.57057644490194,0
1.46341721545142,0.909807072689178,6.62957403925169,0
3.12853141555289,1.42265175968774,3.73132492457461,0
3.74555715128265,5.49297803120528,2.26743822021035,0
1.31719978240793,-1.06512338228181,3.03187402309118,0
0.914524720744478,1.15357906983696,3.88335965728404,0
7.01763329337032,4.06663646966213,6.41491432201041,0
7.04697039809183,4.15592194567127,3.05983188363249,0
4.3715479183324,1.80249193894214,3.18229011799492,0
1.64429053216185,6.46994032083124,3.981753176564,0
6.01106430459931,5.34921603393526,8.24695843953191,0
3.36538070238386,3.81895065154637,8.54841610539857,0
6.81327401628802,4.61541548094852,5.02334643343901,0
4.5410206787279,1.85278017118737,2.95544258867676,0
4.79909157498208,3.42766059353802,5.24870434602787,0
7.1075161470747,4.96852886151688,9.29151182905837,0
6.46093205710933,6.76372302470746,6.40369146984402,0
4.9524220497311,3.87723663702741,6.89755551419765,0
6.42288153975734,4.80014115473297,3.62732254277694,0
4.79611471437592,2.73716190594269,8.17257417695026,0
1.92575246822178,4.84515456141156,4.97957863488557,0
6.84954185420251,4.77698536113484,5.82709626540792,0
5.06490925458552,6.2006940374918,6.77169682543441,0
3.56513022615735,4.53356012602576,4.8611325761847,0
6.54108369584792,4.30271630591581,8.07658747189397,0
4.5869209810965,4.19795816282354,1.42603267583396,0
4.69729682980683,4.42261116721697,4.18116699751379,0
3.14269360066898,3.32482147775202,4.83065267077456,0
4.81146024576088,3.2575354852609,3.84491959149667,0
5.70777040314314,3.52277696381532,0.22405341351102,0
4.3389820424105,3.47712296954985,2.25946785078846,0
2.61466210498998,3.40385046226215,4.2755944378044,0
5.2923449328831,6.08001896879984,5.36793062197215,0
4.69325034882464,5.18479414753205,5.38769045547419,0
3.94615491605035,3.12611080167782,6.96780485143029,0
6.17852731521266,3.081555199201,2.01484841813131,0
6.87188287223514,2.51593635366052,3.2078781093296,0
5.75794557133633,5.528952686081,3.26747821290592,0
7.28986524976578,4.42535312121446,7.08768102139296,0
-0.725421995206045,2.98381815472395,4.95982571248001,0
6.30375408202067,6.3875359613995,8.1170892164896,0
3.97732767971574,2.55681044751374,2.36384153203239,0
8.27370156824438,7.61448745292707,9.6128737922213,0
6.32492994457747,5.19780528139622,7.88415662969427,0
4.48476322243126,5.22442296206987,5.7572212498479,0
6.50001006822227,6.81628798971407,8.76300478950356,0
4.47624231462904,4.06978488127995,7.29806354907135,0
2.31446366697768,-0.570417900159112,0.992411015833429,0
6.11949891025093,4.29130781629505,8.9601263480659,0
5.67598907619004,5.03357037514395,1.77624241873524,0
7.08543419805789,6.5281318959573,6.47088985970698,0
2.87922080475188,2.51731614049686,3.47592920899664,0
7.70841631126501,7.13711240090653,6.7676649762342,0
7.40769212158909,6.9119875061303,3.31617021067608,0
6.89288982947084,6.09756773870729,6.9020448247632,0
7.38432187043556,4.81221429968589,6.51264511835671,0
8.04115130664536,4.71449355406087,7.86340384057136,0
5.19652376882479,3.53079670506151,6.76164315055374,0
7.3050469059569,4.48489390650502,9.18647274035547,0
4.69329078728339,2.96505222127129,4.80882647462963,0
3.24510504060092,2.58172376438641,4.76881360624989,0
2.26709367901073,2.34447229300753,4.47834869401893,0
5.62185865820597,5.36679129343764,5.67483066536911,0
2.93799625270014,0.828225872541185,4.55605558664582,0
1.31868486651619,1.7520486248063,6.09419402661788,0
3.54374744466788,2.91220449425495,5.41353883119157,0
5.57418706298723,1.4730664871401,2.4675356416677,0
4.28111889775323,4.68278748996011,2.92835961117631,0
3.83161560211764,1.15984647399662,1.14464248997681,0
5.56124344242945,3.04774246574288,3.30408482657981,0
5.05519973672055,0.247725685800648,-0.894439912815881,0
7.45915376897186,4.17106718962575,3.45273672901056,0
4.92944417816303,2.16512445094597,0.395400324246583,0
1.84185771985614,5.30589420102278,9.59396135451614,0
2.25336075269576,2.19446174901645,3.63780991247043,0
4.07331557416582,2.0487381413441,5.53675898774895,0
3.25447154806217,3.20195639565739,3.31663439651031,0
5.2433323427531,0.214949681682782,4.3368444971754,0
6.74398422731961,5.99998210399106,3.74152452598497,0
3.9286449473265,5.96347309425381,5.42770513266164,0
4.81296011611044,3.25749818720998,3.01382635618509,0
2.5053266687112,5.05168083688734,2.54319072326364,0
1.87895855418271,2.82852306188864,1.61498275708617,0
4.79809837070895,3.0472325033558,5.36778438925698,0
9.2353635833215,4.76376938275123,4.51728574095946,0
5.56054704117115,3.25243947788821,6.35066144798128,0
4.94538093670894,5.38936373081919,1.98194352810407,0
3.25957944563018,2.27476380530628,5.17037416035361,0
4.0998512849692,3.34138134868335,1.79844762276143,0
4.69921295244968,0.692156499044036,3.22205770560068,0
4.70366409523192,3.10651383997518,5.79561717072297,0
2.60715248043482,4.99823242109759,3.96910845982754,0
2.79203243647078,1.85345790131474,0.0118503143367743,0
5.05562193715337,4.73730984307727,5.06320161993299,0
4.85200014554212,0.93856354657356,5.85426240909012,0
6.74127594087352,4.3322501665862,4.83642377551361,0
2.5757470089751,3.54849492414957,2.44626991308008,0
4.57556410455251,2.02549970643082,1.08915284532359,0
4.15079394284811,2.19313107404571,4.89052791759841,0
2.42997560127991,2.60823814257458,1.76504454455667,0
2.26968173237502,2.61714283273612,-0.249722434359474,0
3.68014450349008,2.65725482292521,3.25173862220259,0
3.27003704848455,3.70998003235049,3.46926776188861,0
3.32300161770237,2.7674034125541,2.75588617490462,0
4.71390102505762,4.46027968341578,4.71476726890012,0
4.73163614584936,6.52589137403569,4.43516854921844,0
6.13041989460166,6.71684698387411,9.70508678191485,0
2.16745309864156,5.16019933039364,5.81268115499301,0
5.10776865990717,4.92498671001955,4.25266595129302,0
3.88887792593174,4.12648766486366,5.16744540118852,0
5.51261105490231,5.86431219109733,10.9137754759818,0
3.73461858075404,2.54637357550928,5.77163467625314,0
3.85179045842969,1.01509932161569,2.42845096190517,0
7.03141522612419,3.90970997594633,5.3969925548627,0
7.1730266715344,4.69789214589748,7.8038756676716,0
4.30240740540378,2.83942107845216,5.54463317955474,0
7.28119591312272,3.25250753198844,1.64689726569334,0
5.03882566270512,4.84990467925904,6.79681279763922,0
6.42722703368116,4.42766385362671,0.517531072557463,0
5.67058033424397,7.58882336625129,3.89469995623453,0
5.45037366515175,4.17861678517196,-0.721710871791633,0
3.76436816634846,4.42908242252528,5.60678871418781,0
4.51916220656901,1.18792207254504,3.03100872733522,0
4.26225694330218,4.24487524502185,4.03925033429168,0
7.71190357511435,3.93650894215119,1.13522840968119,0
6.37114082815002,2.79173536379924,4.90447434833424,0
7.33612633298369,5.40810885121214,5.61752725360599,0
4.25733160062183,2.81786619256939,5.15665835867059,0
4.96438460560211,4.35872428792444,0.739739802496364,0
1.18300024011812,0.20997310169269,2.95729744664084,0
6.16062917897843,3.3427290715311,3.88027087068915,0
7.18075794050856,7.12992897873439,8.42220077950918,0
4.57755075317016,2.44788489186479,6.27064260002315,0
4.65505079577534,4.6267485445556,2.62740688292043,0
4.5200082243853,3.22709510230201,5.58946729775345,0
7.22260105979251,4.48800024174127,6.05772523112394,0
5.98208112272365,3.30818541621499,2.52770366193019,0
3.5603981482561,2.2086187941465,3.7536736976443,0
6.34855186923919,4.30332440079066,7.0845688531068,0
6.38196825026834,4.28325367648001,0.56974010991969,0
4.39921277060754,2.99993691936957,5.75591964668847,0
4.7228603175292,4.36592335437459,9.36213640756933,0
4.66934667413587,3.18100467547492,6.56459372481838,0
2.88188736763416,3.16410306043183,7.65280881164205,0
4.73628011980795,6.62023597801027,9.68040556119503,0
3.56048849686461,3.45245521719881,5.38428685623937,0
4.18206408831112,3.36788988204949,10.9547922100217,0
4.03837805837521,6.63156279146676,5.84712643314151,0
3.12078011077958,2.82776192881164,6.31942933268671,0
4.08907147622143,1.53304462102884,2.12860329066528,0
3.45821816203681,3.58846308531634,3.8788744538807,0
7.94773593415711,6.06521872162842,3.98558258065683,0
2.86438674380778,3.45570023890556,4.06338731965816,0
2.59365474634466,3.23479747050677,7.31545836640762,0
6.50647554790853,4.84746355909162,5.13060700775686,0
2.41222886573677,4.64106317199646,5.82064722174429,0
6.55582800829092,5.89098788377913,8.92411147628895,0
4.47437568553944,3.44783378726775,6.49511038940911,0
5.63633576692882,3.14834810686974,5.43194192377938,0
4.13226410730488,5.53654392764996,6.89418385801528,0
5.44419436084748,4.57914783160421,6.35255971801999,0
0.89019435772321,0.374312593980806,3.75412450060881,0
1.24504922729794,1.91097369730707,8.0069551398523,0
8.0841350374924,4.51896103386932,3.30647105631339,0
6.16705630749119,4.92356903679174,5.45708542936853,0
3.74773778836302,2.78166153372696,2.97272530852496,0
5.96173185259705,7.52819037618348,8.81147722376125,0
4.86857481895427,4.61279676458514,6.60874194935096,0
6.42102317496729,4.92055745024083,3.12843387977374,0
4.89250383062512,5.65290444802637,4.49272227511615,0
5.76909166245883,4.7160636217348,7.4656870058443,0
1.62446000771662,4.61430331236181,6.3912123395554,0
6.23023683315743,7.52910436047517,9.11887671338238,0
1.88611404673384,3.71608727158041,2.36160347252738,0
6.1289043490861,2.56515960828907,4.26941000947903,0
2.53533257599476,1.85845723636009,4.42511552768344,0
6.22505565624828,4.27500165765945,4.2872107409908,0
4.65925435151991,4.69024563406573,7.11913094203725,0
3.41520668663676,3.43773111097454,5.02973894646469,0
5.49081812896681,3.4269345617915,8.37751913781418,0
4.62603600051587,4.65844423231495,4.01279241552932,0
4.33337315439173,1.30424443802151,3.56244171112987,0
5.57182798779604,5.72892944164536,5.73907993254305,0
3.7905186536853,4.65696990890609,7.51704356101251,0
6.05078428507524,5.25003521420052,8.1325377191195,0
6.49915219394124,6.16292338269454,5.41813271356558,0
3.7292810131592,1.60674428461905,-0.974140485023353,0
2.31131634038116,3.39716867690793,0.874051465342362,0
5.17090441128536,2.4597695515901,3.9761242279078,0
8.46815583143666,5.13937804111445,7.9877726219997,0
5.41370774660987,4.41653785348753,6.61509516699001,0
2.82375206593338,0.552732491875847,3.36324809807587,0
4.8630911836495,4.14110649453544,1.96962434874761,0
7.01421436589462,7.73212951502084,4.49274669085523,0
6.94721755529305,4.97642730159358,5.97658869555291,0
6.26537718228277,4.82126351671407,5.33428990550615,0
6.0176497090514,3.57789243976611,5.87142684581127,0
4.41212743189066,6.30148567388639,6.78256543517444,0
4.27009107503758,4.71637330472893,5.00656706221992,0
6.91660062770181,3.9285737937471,7.94282519155595,0
5.89304336055484,4.16542629945635,4.425159312179,0
4.46196707263452,2.97994157901025,5.27623768753475,0
5.73992867191341,4.22196518741037,8.54622889424159,0
5.18535178102572,3.76399080256596,3.5609057548424,0
2.30337471048924,1.48986674132425,2.9912386192138,0
5.67011504147961,2.16721932670628,3.29158798960211,0
3.66218401804347,3.95837299706361,1.24549568121902,0
4.93520318054035,2.24801820697197,2.41127609853453,0
7.69917318541086,4.13080765667235,1.11238285602158,0
4.8851444738935,3.33294388527213,2.58375605746162,0
8.93042748406058,8.56223107110311,8.74268317217168,0
6.23501700164289,3.05907017788048,3.51918984915859,0
4.79968221493609,3.86529316148821,6.73941429620948,0
1.3859869043046,1.13710801697296,2.58684601941795,0
7.35940595975377,4.61295188272699,7.51012709005107,0
8.17792584102659,6.94131313879499,6.78625178885853,0
6.01638687063033,4.76170539575158,4.83269160847509,0
2.71234895057614,3.63339723430578,7.20802657660271,0
4.21307925200131,2.96618859195905,4.32741755101593,0
4.75195780402636,4.17283052135087,6.3091062237526,0
3.28304235160956,2.76642181641077,6.38794929717972,0
4.92914120968003,5.21790282106774,7.32142079542103,0
1.42087723113751,3.89046880357042,4.61128095519337,0
6.81521060938868,3.56961135528984,4.06807651004567,0
4.46328180829762,2.21738381738116,4.78892536150947,0
5.1415837232012,3.81124852527377,5.58332677619647,0
2.04439395770158,2.57421527491469,2.01431737524575,0
4.21605078031073,3.10039403156812,1.97470120926313,0
5.96311857905246,3.72787569481815,-0.289548169305606,0
5.90447941655776,3.05081600216754,-1.06020818288081,0
6.18397572671798,6.21911548251058,7.17670734223904,0
3.68670270749074,3.89902359828848,6.00331188097509,0
6.47983980204066,5.44782017237092,8.98917609628514,0
5.82042322396016,4.82870380779211,4.80884574734741,0
2.10825366349797,0.760487315457441,2.70151512334067,0
5.00987485811715,5.35368274935623,4.56976156129219,0
4.72649165428641,3.88879876904512,6.71307380060419,0
4.47669160353334,5.6419727438026,7.21465486392996,0
7.60661471211769,5.25650107677457,3.58741436739202,0
5.3368207308049,0.62796565370564,1.39848710846604,0
6.00804767428639,6.09038082634056,2.25501695769483,0
6.09782748533888,4.2162990315857,5.05323804298167,0
5.88961220491231,5.75784820950053,4.0695424151509,0
6.92975718016332,4.73326291331461,2.71276102428143,0
5.41012850820197,2.41221455613401,2.77285065650078,0
8.54284181796525,6.00775298913985,4.72033521894859,0
8.82328168585271,8.77909648952015,8.58591743203868,0
4.25353524692137,0.911773742370885,3.98343300376243,0
4.86027028965763,2.7755751837301,5.27676333508684,0
2.86464406171653,3.38920348778611,4.67373192656163,0
4.5288787083247,0.93651319141817,3.83757521403571,0
4.23696858911094,5.14267134212954,7.10608254356343,0
4.8955368886469,2.79193815408642,2.46616194604563,0
4.53636116494722,4.56591219512114,5.85388977168008,0
2.52678170582454,3.71705252461383,5.13462970474468,0
3.83942971142908,3.88720393259173,3.61334262838003,0
5.54972869005957,5.54580856267824,4.00243972928179,0
5.6783009452207,5.17913386151008,3.59657464228523,0
1.46221752600523,3.34203548085724,6.49025865962271,0
3.0859895484241,0.81855115076536,0.721476273316808,0
7.24515840596136,7.96363127939087,8.49587635462314,0
6.53867039361375,4.94335756541054,6.84186294895463,0
3.79771550819598,0.415268841194037,1.97007806269175,0
4.63479937578747,5.78057295882769,5.81386957615513,0
3.34444367522436,2.89973971681355,5.33270065594702,0
6.74541407354483,4.67664744813368,4.89729216886355,0
7.3330246577952,3.48479098265823,3.76623391929509,0
2.90580229093839,4.56785094090697,6.94030912965681,0
3.93056870570316,3.59093504090814,4.07923872264171,0
2.83156348398579,0.198534568739142,3.12822489625359,0
4.50257461049035,5.48707036112108,7.38256393009322,0
5.05908615445021,3.89849295001066,5.72603907698893,0
4.29629914603091,4.32830679887243,5.94716449019866,0
5.02162077654376,3.87461159529196,3.53967943906327,0
4.82176937544893,2.75775210265561,0.712779950213333,0
3.75981555282904,4.65899433792263,5.93800515277045,0
4.92600612419793,7.22734987532782,5.95000359081467,0
5.80669622615408,4.45297102396669,7.31776128899613,0
4.38162110463198,3.85442370095406,4.51090929987535,0
4.17601473693577,1.19692116519996,8.92374288765762,0
4.58494762701439,3.65846861284963,4.81987203272483,0
5.09308600899562,5.68476116731776,9.37233793062634,0
6.72248080699857,1.18729766194314,0.424255609524217,0
5.17509078331337,5.98971216923256,4.77070055505552,0
3.47293860516141,1.62736458923516,4.133196082308,0
6.12967148734142,4.39105523245298,7.74305450654618,0
8.71992379000395,3.56653505979783,5.90386883418968,0
5.47937835270457,1.04897528620348,6.24731153147382,0
4.22938020139242,5.81756548680674,7.36386626353315,0
3.80538943284847,2.78115443086288,2.66455540425404,0
4.79363565545996,3.63338920545537,5.66448341773444,0
3.91866411011023,4.15956484651705,3.36992715565136,0
3.0342519631797,2.5654011358084,3.55084254448546,0
4.32685539046078,3.65246032454698,2.89852268810155,0
4.09160804135342,4.10837411829711,4.22407401080653,0
8.23535227125744,3.67419308313665,5.89180047618896,0
4.53320260672756,2.66386331271141,5.51696917052043,0
4.65455825192641,2.6479927408327,1.84554469258402,0
3.77923551181366,3.15383847366005,5.65569682009835,0
8.1799405275058,8.94751914061354,5.58413248887688,0
8.61816784357174,5.40783938314801,5.98636460785928,0
2.33156657939824,3.97723617306885,7.44879160960634,0
3.21113936786367,3.7353660744727,5.00493253125684,0
4.55639937798615,5.34629726891427,4.84918632255507,0
8.19597022211568,5.42611666363349,8.27598771119471,0
4.95898474503036,4.56565624963264,7.43202597689259,0
-0.174274447174438,0.65208055315141,1.61190095994917,0
4.85949252529803,2.42129475256143,3.04119852868903,0
4.12619529516668,0.478787415830853,1.43212761075792,0
5.86995263010765,5.35450983000035,3.76161519115213,0
6.35563539535746,5.71479164857787,3.40522773698605,0
3.47562354528871,5.39095315234398,0.728975228933204,0
1.30399083087373,1.11635377128898,3.48009241311022,0
2.79267052755098,4.63246267966409,7.45336777090237,0
5.65940858188588,3.70943194434118,0.881824451586749,0
7.61393160264869,5.33169980409104,4.9400408298019,0
3.77615550972615,0.514538717559514,4.06212249517551,0
3.61745897321796,3.35035377813166,1.76956841589696,0
8.04159938772344,5.95950324619829,6.63449103911082,0
6.32189941884014,3.89431692018786,7.89761211353814,0
6.53757693726709,4.4949798396308,6.9541643994089,0
7.29055345711942,4.60601037221078,7.23054612885876,0
4.59799563465806,4.68216711135873,7.15692793902226,0
6.56809877779405,6.64831108260624,4.21482451836796,0
1.27577075704155,4.29090708226243,6.25189336155574,0
6.37592297096804,7.83248393578539,8.79358003805362,0
6.10699880292155,4.22331975775695,10.4604430987268,0
7.25419523675252,6.19778845972088,6.82628637936873,0
6.53053734846009,4.91323772196962,6.22613506910828,0
5.65522342169479,2.27943805651021,3.65142674808044,0
6.25268828949365,4.96787339501082,5.97730891699954,0
4.38892718853955,2.48362196708735,4.31930505895321,0
4.07949908433541,5.56499022282587,6.02609637821076,0
5.47260583171749,6.24455838230266,4.23184818224979,0
6.23027100679661,5.61294448097976,5.371082086541,0
6.7168507292225,5.253665030981,2.97523408370692,0
5.26812415897988,3.49835040859004,6.37481265892859,0
7.39409449474643,5.26272644153985,6.32178879836198,0
4.66681102521591,0.134107103762958,2.7112916905768,0
7.65207685077904,5.43272664412502,3.78235920801313,0
2.73318663987178,0.357002973003943,0.717425185031304,0
6.30183390202463,6.44700812226674,3.51007594821652,0
6.87497164120427,3.39156403787963,6.83330177583979,0
6.07630444249138,5.90529680355446,4.65316443456924,0
1.69851567804107,1.34678112045383,7.51099899903219,0
5.77242391319945,-0.692633770897653,-4.0079324312151,0
3.30947484488566,2.74503475161852,2.84690695620776,0
3.43742752531661,2.64991182946997,4.81640613778196,0
1.34882034066855,0.782684489232672,0.355015758022171,0
6.13944305517657,4.28568923574059,5.18561351897814,0
3.63542788625785,3.38772367496321,7.52076023291408,0
8.17794214193479,5.57443797373008,7.60244891159548,0
7.46177659897737,3.99991391199543,5.24289945442332,0
3.64961102843096,2.54808231023195,4.33356738439272,0
2.88885863715516,-0.199716921910735,4.83569066812312,0
4.06780237085639,2.27430654748479,7.97151024862275,0
5.09512813397032,6.01371983734626,7.77915852970386,0
3.75320046579392,1.24757054073726,1.45154644190899,0
5.00691025550725,4.49643621262964,1.96748326288064,0
2.9744744088123,3.76816884271742,3.87668069500068,0
9.48924229168079,5.57757731030934,5.92387139720952,0
4.99673559060046,4.67867337834502,8.36799542617055,0
2.48628776976286,1.02666636030557,5.07909504323626,0
7.01533304743427,2.35758186067355,0.671031586103478,0
6.75830454150927,7.37025482036491,10.8750014597583,0
5.34287368859833,4.84012477883048,6.33891851396294,0
7.21888575305937,6.61775236412394,8.25126925784198,0
5.22704512994076,4.65162017958079,7.17212996019186,0
8.25742815221217,6.31697371279517,6.10961800786273,0
3.61298081746552,2.95144703182832,7.00942561079909,0
5.47044968259253,4.55772596091166,6.52014432693134,0
-0.109753346687215,0.513102000534294,0.167234128173104,0
4.86050652629607,0.173420357868733,6.84553836204269,0
3.46631717037807,1.53885253298049,4.07579841531768,0
8.23553937621175,3.65263782635976,6.37791009895323,0
5.03531158860776,2.42476197293051,4.96761702938125,0
3.19325733826955,6.56050435442763,7.26142518798157,0
2.57051510005108,4.61258908280823,3.21716860311074,0
4.61076121195693,2.65630887682723,3.86657540561961,0
3.7544701880667,3.65637501675898,5.48856354088461,0
8.73044763646135,7.91418612379312,7.14457804350995,0
7.46465303927505,3.10765565403055,-1.39043826174072,0
4.94423531802052,3.11532654464484,1.23778208535586,0
4.00917857529777,0.39507072041733,-3.63174622995961,0
2.70937474139304,3.0844205801431,9.92855168320839,0
5.43221949036939,5.43213195270371,4.66593664612704,0
1.1428397703424,2.79162728860708,5.57916988205988,0
4.5170557386367,6.44363967320046,8.75259813190193,0
0.819128379956368,2.9617924326459,8.01941453929794,0
4.31244929504436,2.3158468061266,7.59434748634616,0
2.39459050765817,4.42977156126898,4.7200391754987,0
5.50688823719537,3.7748761195501,2.9252044844691,0
6.67596931677422,6.32584822516758,6.37064954435314,0
3.43534369634067,2.47709289207962,3.4341876617731,0
6.60367528116047,3.26747261159348,2.6402433820775,0
3.43004405973049,2.7682079711755,6.96860179479085,0
5.59312659174883,4.74963717874971,1.85005954375542,0
6.77791522129988,4.04486233813595,4.13324451101612,0
4.84500053623208,2.63620016157597,5.52290826800454,0
6.24600836835968,4.44839541631462,4.74328835278,0
5.3134694539827,5.6086460162882,4.71543638296366,0
4.43596899423372,6.53460636560466,9.33568616300283,0
0.952255725319707,-0.112078087425575,3.90034424800885,0
2.80462235982779,0.679525566013764,2.20961088114553,0
3.51561876768362,2.75820516257507,4.72351601703857,0
5.2275672253026,3.79902167507863,6.8404659258078,0
3.18752360934183,3.43427437627145,3.90223452446113,0
2.7676583463585,3.88825872022092,5.624778479451,0
3.40607425262003,0.597290480806456,-0.598728160897659,0
6.6553718891925,2.60512406848222,5.64559919966346,0
6.37660192499326,2.86762160530222,0.211453295251635,0
7.06808167499443,4.39749959717675,4.92944519546123,0
5.28432932134572,4.73538129273996,-2.34139498073796,0
1.32343830033224,0.384162637247832,0.225872785162453,0
1.68602582831928,1.61488737101257,4.96513029941005,0
5.74152642182087,3.61108798945481,5.16827828879815,0
6.5319981294082,4.88260255283412,5.17301598205463,0
4.227699620355,2.71819724849969,0.410486992008003,0
4.92826590300165,2.83269228020988,4.35567279485965,0
0.892215637081589,2.27950838390494,5.56578900385483,0
4.01076531812147,5.50249048049927,9.00798049066133,0
1.24841309812535,0.559099282864175,4.3576613869153,0
1.79404687089456,4.79397780570317,4.63937847586084,0
6.17609460256563,4.2614883694481,3.4984825250776,0
3.86097171073012,4.38217521546853,9.96171732528228,0
5.34815756314364,2.12183388706745,6.21967701525232,0
5.07891505005439,5.8727988283144,8.00683458880206,0
4.26728555909711,5.22899888653531,9.79460715102267,0
2.88471064884355,4.79752549568672,8.40788480142945,0
-0.0868799790331813,-0.111587852751254,6.67397376247259,0
2.87267128168178,2.14911074606951,3.11811039221646,0
2.59654300351677,3.03407533907717,5.96081495667727,0
4.14353045854583,2.07780507139498,1.31176770035097,0
6.543805548547,6.39790659433581,9.21104835383355,0
7.07800403336863,6.41828839237071,5.92817695287587,0
3.23497435883737,0.181269197310048,5.21070527585046,0
3.00682864429161,0.201057056854712,6.19728504520985,0
4.40602066587531,5.05668487715083,5.55577449698831,0
3.99198223474062,2.94005598058774,3.93995356125544,0
3.73950842640383,3.31349844462092,-0.0423131243505832,0
1.92459538927043,2.47844699550644,5.83475389283695,0
2.7910820780333,2.32849641573105,6.78374232382467,0
3.66373627368143,4.46716074186165,3.16796406472947,0
5.46059284017681,1.93579832940202,4.291423508714,0
4.15360493554852,7.53044451210049,8.46819234681309,0
4.24129092263758,5.37656143593103,5.12059242050694,0
2.75844359841099,2.5576843766197,3.9713622148898,0
6.96831216236016,7.42819756165957,7.23508515132563,0
0.646966865343534,1.66193543401313,4.0722017703489,0
3.88655530056189,4.84365534663476,2.07836473839004,0
5.59484055700975,3.8298270553448,2.92830035627015,0
4.65175563122317,4.0568691492451,4.67781675690735,0
4.70336050490118,1.36505819802242,2.04131853813898,0
4.18654499295911,3.82842584052055,6.7995060268958,0
3.82360150569523,3.05907521433287,6.13522496163996,0
4.46427045749651,4.70165886652494,1.38311718227308,0
3.62556393016716,3.73444869892857,4.3843786071057,0
8.04773216373417,5.90648835951243,5.16057873176464,0
5.77723763752471,6.67218865161895,8.17266279855829,0
6.89276263954904,5.98926936828575,7.16123544412197,0
3.82725972191063,3.51857547185474,3.13229537915945,0
0.902972703360256,0.31891205230177,0.759357823981216,0
6.089979277542,3.10422447304469,3.30881682919318,0
6.7793362661119,2.25038020957239,1.59658236673691,0
4.2026975797108,3.30365316189242,5.69477857494485,0
1.49945601086546,3.52590464420762,4.42074205040762,0
4.54716404669241,3.14806587786612,0.346681859596998,0
4.97509608205452,2.09720845733297,7.44730697847102,0
4.95169700211999,4.6100192570167,6.23912958705275,0
7.9951102918456,6.65782872285306,6.54943913327371,0
6.44055474103294,5.52106210199054,6.56970124381599,0
4.44927633692851,3.04919117383254,2.37985464543389,0
4.44001248245816,1.1128501223736,5.57632336740557,0
5.64314492697593,4.17151628142595,5.2903954418525,0
6.79561993189015,5.37162382625439,5.41011367003934,0
6.15512253118401,3.68826083866924,3.0723587311966,0
6.76465935271731,2.16290071408158,-0.0379887210404908,0
3.2551161949346,4.26142717325168,6.63007131521104,0
6.7602603638116,2.67998145692237,2.31519066595611,0
5.86674292543939,4.80754939014045,4.12483950517965,0
5.19125930011568,4.89893954533079,7.45024526238233,0
7.99718257394994,4.93834852610435,3.59523695075956,0
7.4164179739655,7.89276570629685,7.34573765800393,0
5.52694936452228,5.02407061929189,7.45186007316125,0
5.14594048300924,5.38945093312439,6.01037037012002,0
5.52998240297324,4.29271572190515,9.09989358868175,0
2.87427401397181,3.87403465704932,2.96449614783274,0
2.94950439185981,3.21823841084429,4.17088770894082,0
3.19737812244279,4.45574178103633,4.11001701647245,0
10.4430012941742,6.12806961536621,4.71660789071444,0
2.61681915306596,2.46214266356249,2.88098632152837,0
4.97364479056395,6.49744808794089,8.14378425953875,0
5.00272149583486,5.93509707570471,7.63205020748928,0
3.23594808805045,2.659367186337,4.96492373617112,0
6.76728434642149,6.06646090685998,9.67631091475243,0
4.51996201525925,4.5739325896585,5.29090105073273,0
3.9376136310325,5.3483617828593,4.44766838186784,0
1.8850442910697,3.87801371528869,0.871883525608591,0
3.46269199964349,1.74353281829331,4.25928267288366,0
5.70226987149515,4.01320987788417,7.60308348935939,0
2.37761567159104,2.57940230840707,4.05578167297126,0
1.3700485305588,-0.376682367199021,2.40969436458176,0
4.32352821303522,2.99468141267135,3.87190915503168,0
7.32316088003003,5.9019026713337,9.10180241727249,0
4.97265274805273,4.63939416244789,5.48195759975856,0
7.76144584523186,4.06168115187374,6.93425169766403,0
7.23503350852539,5.8784142836339,4.69417634426999,0
5.56468613347061,3.33398817552842,2.51259155720345,0
4.58568156705878,5.07484277995413,4.62798559387043,0
8.68526621771348,4.71315477249493,5.61913665498542,0
6.99789880281688,7.90263499320803,6.84303832565222,0
0.778191860183926,-0.134348404668985,3.6533412597479,0
7.14356684184136,4.22025813869692,6.106790239216,0
8.7758238040152,5.31669660964336,9.94413966491295,0
4.87335925905608,4.66505401742759,5.05373592275872,0
3.84642955463449,3.1783498089454,2.64372048237565,0
2.91627161072852,-0.607894637461918,0.0190350194593627,0
5.18952313574949,2.07240803752885,2.07537399536475,0
5.14340968601706,2.24012559670128,3.66759326518585,0
7.4764580053734,3.19908834142434,5.24266575450128,0
4.65178929874375,4.39435153907396,5.24377706150227,0
5.04402891733991,3.47743405361178,7.11063420043965,0
2.17139759683148,2.32346170185172,0.356870806968627,0
5.88631753031567,7.47837874188333,6.86582377564411,0
6.41068356653546,4.93620876930199,5.08633601751166,0
4.8237696140965,5.14416861701289,4.02502536152862,0
4.80196918799095,4.35665542253193,0.799275312308002,0
4.15894531391308,5.09715682690186,8.15645620592922,0
5.58287444048289,4.38755797952324,2.18297671373559,0
4.97348521758207,4.17124011694831,3.32804003553097,0
5.17316014686947,3.4901368320104,8.93669393165028,0
2.81524311684144,0.495606010989535,5.93793121748906,0
4.94121501573755,2.95311951438686,5.00378982419394,0
6.13952194554803,4.45616540376889,7.69395829746284,0
5.19764035467458,3.39750575234844,5.51325706553662,0
4.36476360019281,4.72136924193595,7.40349368519172,0
7.11273619334443,4.92672847203723,4.9568515706093,0
6.09472878343063,2.58299319869674,6.17093731333544,0
5.09708821914578,5.58388903414823,5.79848557168814,0
2.21210098270238,3.34436692559656,2.45436489711915,0
6.59992639493531,5.5427024158421,5.49232246372928,0
4.14265836937364,5.46695647339375,7.07307995183112,0
5.20805737862531,5.5534203068386,7.09193678500425,0
8.27592632974786,4.00344432636468,3.88217035982223,0
4.09171777548393,2.59370128598119,4.29303735037252,0
4.28396166740846,5.03776210219707,5.73014367197698,0
3.03268422380116,2.13541953893761,4.0913527847533,0
4.02321642212679,3.34797851339683,6.08102950691565,0
7.64354160766893,5.01879874267557,5.04491533912867,0
6.09557433233692,5.52056329746497,5.70550105605256,0
5.18957198983362,3.64190214534894,7.15322566233119,0
3.6015641202509,2.56078880652365,1.66519655623183,0
5.33110629562886,6.23548457709844,4.75569989168772,0
5.96587586892941,1.98798413330617,3.2548265371246,0
2.1371326376233,3.17285978852085,3.375069416886,0
1.42949316655992,1.35838599357843,7.92776960212256,0
2.46943142914462,1.78447074115045,0.754619165781197,0
7.1115381397083,3.9183975425752,2.81306969236884,0
2.66963866521477,5.54603240574231,6.12510760219799,0
6.12585894597364,5.16422614503559,5.24956554042512,0
4.63705866103636,5.32887065545982,3.62593191783103,0
5.97209427010246,3.44133530012574,7.83245099887191,0
8.00968216656164,4.40348135375793,7.95345574506146,0
7.55862627195867,4.88450278224304,3.40144309539534,0
2.69472983892779,0.675427525723598,4.72348779105635,0
6.59448200403233,4.43099019082803,6.13031984985116,0
1.71134716931943,3.58684073205227,4.32254337036287,0
1.21612238311766,1.67397051058548,5.86584640075348,0
4.62092589862899,3.2393602634513,2.34414694915274,0
1.36792595227781,-0.706264134351324,2.84394303952315,0
5.77420137493649,6.17622478505703,4.51461717750697,0
4.2737423526171,3.07194957706124,3.41416210391022,0
0.548707338717277,1.42299192802143,5.08032158699895,0
6.59234251846485,2.66088771714747,6.07798073426765,0
7.29591720872194,7.64220009406505,10.395692561263,0
3.09278405605255,4.13798158965388,7.29738575991076,0
6.54492742336449,2.03950477863628,2.84242180719478,0
5.50194172844901,6.69601964936701,5.43101223448861,0
5.66360483002162,5.62552161662021,9.79996204885102,0
4.52313323726557,3.84208542618523,2.85443713993548,0
8.04244384707064,7.27071526032012,10.6366383314044,0
4.3661964004165,4.43738816490904,8.03626401299701,0
5.30448758897766,6.08739928249233,5.69253856001979,0
7.18718339613838,5.42709045426348,5.25519997017733,0
6.00670644395138,5.02013291001181,5.70410644907106,0
3.65879467620517,3.61641619449249,2.55463568493346,0
8.75111528197371,2.44787071266275,0.825628525345069,0
4.92387818916066,3.99652175138995,1.72031478134673,0
4.3435761833637,7.94584863212204,4.29878150582705,0
6.94589200679182,6.53489888336759,4.39811821756498,0
7.93417053136399,4.34718568330026,5.31972359693618,0
2.11428229063674,3.75419721102424,7.5881573733321,0
5.2123881014521,3.05117667084969,3.95839939542973,0
0.701731905722795,0.708803402078599,4.45045935576348,1
1.20708814938165,0.264141547957311,3.81604278904996,1
1.75110976671636,5.8277803168221,2.11225533099842,1
2.46269269691518,0.282987017154853,4.70004394868207,1
3.84482544007196,0.949437662608437,2.42599559573945,1
4.55222725628314,2.65439969866833,3.86452845682363,1
5.66578166506432,2.6746454320645,4.78796453230417,1
1.45672559574131,2.86107023318117,0.774538333501084,1
4.59670789399183,0.878636779736074,7.01798669449997,1
4.07271308010985,2.58594486221612,7.7372489419616,1
-0.396525467822018,-0.232859130296973,0.0758573476347442,1
-1.07514875623664,0.112944125077038,3.21152973351342,1
2.92275700352207,4.01678080991107,9.39703281451062,1
1.56801486648972,-0.253562695636091,6.70858977680719,1
0.811608524087064,-0.491568170551421,1.42546125645737,1
1.11124297934019,-2.01718921908965,3.61724532334576,1
1.0816306921442,-2.64900074836121,0.108022772258258,1
1.34094435374016,-0.426757624688808,2.91199152694198,1
-1.91938499295932,-3.34818914364402,-0.297010819676402,1
2.68819012682855,3.58936830807756,3.00019732583023,1
-1.43052120909252,0.658986736039576,0.601225678945529,1
3.37658230331418,3.28945941401073,3.71067712769528,1
-0.860459515376963,-3.51599628626173,-5.17966705459783,1
3.71536800650582,1.7313145115297,8.19629454366914,1
-2.78613597659858,-2.40776220213303,2.39902066920144,1
5.20853042555693,1.88337868786005,5.33941384850737,1
3.73104583322217,4.14802619394757,7.08792112100872,1
6.07664693544009,1.80479720062442,1.57403351787036,1
3.59088355713969,0.949989513694372,0.360231682692007,1
1.30640252757993,2.13313532997306,7.76049897473183,1
6.0566727097646,3.28409019135392,4.2754096275072,1
2.47622633440833,3.72139105885125,3.06323052250443,1
4.49503288943392,4.34327673117326,8.21105778859934,1
2.68674261868795,1.99649432407013,5.83092132280151,1
0.728693777998031,0.137970040332731,2.56303163768944,1
4.83850699991902,3.14930691840808,6.13154149108895,1
2.66586562642461,1.08094486520651,4.23766261516164,1
0.0830552847912904,0.955370822071018,6.03679195383924,1
2.80132934393932,2.31161069051506,9.54694455155096,1
-3.62254612107032,-2.35455281286435,0.776632285484608,1
0.280404223028198,-1.23337639961136,-2.89811611796656,1
1.95032186423464,0.893002935349069,5.88176915441546,1
3.68037671139813,0.626741611729537,4.86002999489433,1
0.933448545468842,-2.02237893116481,5.39612649210291,1
4.85865614237968,5.15153594173094,6.60399581798506,1
0.202058261391534,0.0278987770655152,4.79116076458641,1
6.85977302638864,6.31015489994325,6.62932170727827,1
0.975049389996319,2.51594363474686,5.96557067847921,1
0.169453699548903,0.90862853313482,4.89404025262582,1
2.21180135871009,1.26638294307336,0.840895930973409,1
1.24616747631814,4.1820352926259,5.00562238092406,1
3.52316888680079,1.22166970804755,6.90643251811441,1
-0.0931442808753107,-0.0285848597135359,5.71539014722693,1
-3.51730866616591,-3.55839400128382,6.52370022384875,1
0.225888533256935,-1.69195145390776,2.94238372123085,1
-0.833311043378252,-0.654719077907868,-0.0554404014617642,1
1.69565653131139,-1.73702611655774,3.4744565609811,1
-0.2988210782418,-0.422738337037808,3.63939678528843,1
4.4392104746329,2.47945892430852,3.51639074218374,1
3.97978526429513,2.29651132048171,5.6828051509542,1
3.49836857605608,1.11129921191008,3.79271098736416,1
-3.61081697241292,-4.3454808527272,3.88855504628223,1
1.59163506070279,-0.8124325888769,0.806247215565503,1
3.38169669997483,-0.713613347630949,1.02134463321318,1
0.215359699207969,-1.77085591795094,4.16119031854293,1
5.65736420888837,2.69306502680538,5.20628678887551,1
3.68520659816263,1.80750168624658,-0.575008305653528,1
0.994153965114815,1.81372373851157,3.2277871130981,1
0.116439419310896,0.52344904103987,3.94639964489867,1
-0.813795286889763,-1.19032959185541,3.62925572712768,1
-2.6275553732489,-3.13276987503106,6.42096054735711,1
5.5849481189693,3.53075202101649,5.4335826265456,1
-0.961245058517292,-0.224047805042295,2.06236312689805,1
5.2091930329517,5.4443477300153,12.087186001551,1
2.76404542770957,-0.138972267404161,4.52503159432578,1
-3.56524157289031,-3.88658102564947,-0.94391876821666,1
-0.620244767100754,-1.43937345830255,5.75862453322035,1
-0.570240893430608,1.17117526084066,2.84137071326945,1
4.67004653226433,3.95727704342963,4.40152541166092,1
1.46617489684931,0.107570417369564,3.58735318935193,1
-4.60588030328254,-5.16102791268814,0.371587517800026,1
1.6068400923737,-0.224790398496231,-0.257292995653188,1
4.02699986603054,1.38855474183118,3.00880481145176,1
4.20015570608748,2.95676730953546,3.99285778366758,1
-2.32724357883371,-1.09558124280267,2.14250543673208,1
2.99296267328187,1.80865231783301,5.17368239259705,1
0.0380105513465441,-0.252241615041524,5.71858904470701,1
3.01613284892193,-0.358880723333747,1.85339685634456,1
2.73038940028916,3.39476631056513,1.55275659786612,1
6.82875114830312,1.10190508957663,4.58023120935424,1
2.59690233230975,1.62605025925994,8.56173659926726,1
-1.52102434694902,-1.02323409150066,-0.709688776329281,1
3.79847843014854,1.22283163676811,8.02247107348354,1
1.92440436814537,-3.33360910021025,4.89608587694027,1
0.192375785153395,-0.352429268837475,4.69420624833754,1
0.00289162124051123,-0.832780586931124,6.61587289024725,1
5.80099747007251,2.71440716653127,6.96168915707461,1
1.87838543184645,1.93687750839986,2.83080161775094,1
0.203859776178543,-1.02378836066832,4.36753641708682,1
1.96562299339889,2.30079094974375,5.23025671565109,1
-0.37629977942515,-0.668663063596507,-0.469243507176271,1
3.93342242844213,2.2992701527631,6.63618934739666,1
0.962994556186313,-0.618673973757121,1.314765830388,1
0.684222347388548,-0.634142164659296,1.82502421021807,1
4.63397869887248,0.944053412699437,8.22807360289373,1
3.73098561999227,2.25669013090377,7.58981209758968,1
-1.53173808658648,-0.668074483887087,-0.799098180715837,1
2.76049172609119,1.66020160747184,7.12443673635031,1
2.25072987404167,1.69060705360377,3.17716795500595,1
1.61391704943396,1.28630389275225,4.27053490308089,1
-2.36455164030265,-1.82879728032514,1.30387218702059,1
-1.1097182068905,-0.010068337499014,7.69900039751769,1
2.11702539630031,0.314442019649189,-1.52654148036162,1
5.28374001976223,4.8034983686433,5.55954179523898,1
2.36667458488013,0.164077893772632,-1.4100744698412,1
4.29796609942931,1.2022775227216,3.49422750467838,1
0.0744354881494993,-0.706515560401174,5.42598964405737,1
5.91911335188245,3.56261620883486,1.9998670841593,1
0.140189808531637,-1.92328635754706,2.28022493907125,1
1.77362384438127,0.785560237683264,3.78530312216554,1
2.04968512990721,1.77447673993444,7.96744400715022,1
2.66468234415397,-0.167102149511982,4.32430179531042,1
-0.514403905954344,0.379348994849527,4.30655104886178,1
3.03775264225261,2.40009971259005,4.4164600881883,1
2.71942180665895,-0.279106744599681,3.46486080144685,1
-3.25951434968532,-0.282366586881917,0.693687837668041,1
2.58748218129955,2.04517392603241,6.4449227627366,1
3.26712630098722,3.92705481168366,3.69630666364595,1
8.14240156164638,2.37427547271759,2.29093288118285,1
5.66963237103383,1.23047485962069,1.177257337794,1
6.39789928196379,2.15481804253931,1.75831229920152,1
-3.67802208816809,-1.0217134627234,0.326690726694702,1
2.18209241241476,0.505746094975199,6.80734824779754,1
2.05326224851699,3.94001025295258,4.34004818815027,1
-0.664357562258768,0.452656856591132,0.7390401848069,1
5.20023342962081,2.88825735529813,6.71431221080956,1
4.59847931632753,-0.242029687486518,0.390059681422113,1
4.8835397012644,2.2392699033471,2.59592959272417,1
2.28867127040633,0.756668931947106,6.03856264052622,1
-1.09306301835306,-1.09105632188162,0.825311140390986,1
-0.511410267585182,-1.63417233373881,4.7665119012991,1
-0.0274519229271575,-0.272956665035712,9.24617771530896,1
-0.562276493377246,-0.137730553872888,-0.386927850690713,1
3.16604799157097,1.55835203681439,2.85440291306732,1
1.02619540631997,0.953470838313242,2.92859623074249,1
-2.21145036318219,1.44510337227328,5.7235749611129,1
0.485843576223744,0.909843012920513,-1.46477638602635,1
1.57944136973362,2.87443658586692,5.13085193946729,1
1.27000536617754,-0.11530435513548,3.74610804156801,1
3.70519524814482,2.88632246943916,5.23091261754807,1
3.10144717933693,3.96927022622811,2.76039229581073,1
0.237088635571838,-0.165216258326386,3.93380228256766,1
0.229076523760637,-2.1943261880621,2.87678125778834,1
1.83218569215077,2.76006109175384,7.10540551740462,1
2.67313605553958,0.925736947918869,4.81570568711913,1
-3.40466929994033,-1.83928574883116,3.08272008769636,1
1.65728603586374,1.12473776345938,5.04050879292967,1
-0.843525130156744,-0.463098302568465,0.816620495760833,1
-0.103617472716406,-1.55854039214197,4.37839048496652,1
1.97788773176087,0.865011371987847,5.30004211844148,1
0.456420976512162,-1.03058013139664,3.30109609880453,1
2.73320359537383,1.23461518582812,4.78020927226599,1
1.86774034978326,0.627764498263542,4.63979106494649,1
1.78122709182614,1.51340524835688,5.76803992485663,1
6.45581321480956,3.62478055268839,5.28167211510553,1
1.47221192200214,-0.558142316952162,2.90748570134214,1
0.843461130135246,3.02437176672688,5.22063480114616,1
0.499932204583784,2.44766413662359,5.79564052972714,1
-1.30023452435356,-1.23536577369248,4.28632090902355,1
-1.24681085800184,1.26084936905136,4.75363627298458,1
0.212255092698812,-0.173488551010375,2.44716673667323,1
0.126169330525026,-0.34345634675262,3.63545847549181,1
-0.670731722711507,-2.10262501503313,2.34226548348982,1
6.30698146993834,4.81719581515608,3.63451880481338,1
2.51801837613084,2.34101665473356,4.07808349564917,1
4.80026131907084,0.281467426118732,7.30473238315568,1
-0.349042627327643,-0.310535157949688,3.35118205971187,1
5.39920238028611,2.75558678079437,2.42888940810229,1
4.31428912307386,6.91355195805263,9.42510111951519,1
1.29121112119581,1.3288744233569,5.56418972653315,1
-3.13059643628572,-0.583546940877917,5.28943625485761,1
2.2801262938164,0.438667290249568,4.1978286066184,1
-0.325553644281075,-2.53660983905761,1.22521767172436,1
3.35788537592301,2.78262272136963,8.0215723716032,1
4.3114013240698,2.37226721211712,6.84024681356306,1
3.40381093999411,-1.69545916510971,2.76185616609608,1
2.37452416191486,2.26447094967051,4.96369807582898,1
1.02027951140734,-0.761644809806406,3.90853280975039,1
5.96191030621486,5.46261737946771,3.24864075584837,1
0.244263220008752,0.927797913075044,2.7765345202066,1
0.79753701305751,0.445726729396005,2.28926440837428,1
1.23393836903271,0.930928620410154,2.48250658743536,1
-0.602975089090183,-1.85279645300338,2.24681281735234,1
5.28839363281736,5.3981547011091,5.35380979622251,1
-0.779685090236327,-1.21347785909833,2.00320911821299,1
1.30872712634232,3.00910802692859,7.93912798578938,1
3.26046187429444,2.11823813901807,3.34085441420925,1
0.65498725744135,2.27620996131327,6.16614320777672,1
-1.56890203447472,-1.87611085799292,3.85603568434787,1
1.12584705690309,-1.71750704027135,-1.86767679052104,1
4.57987426995537,3.20805860415443,8.19529667433546,1
3.07783448850196,2.90700463099912,10.1839072991075,1
0.259168276776809,1.34297838664107,1.29597715841201,1
3.77622336190133,1.13989570318077,4.74725747928081,1
0.555863238226484,-0.304282411401951,2.39093156535144,1
-1.47019502179364,0.0129692642063246,9.76871773791336,1
3.11602205436451,3.11777795206223,4.88331304773701,1
0.945946713988012,1.79022041344382,2.5265753078307,1
5.69255797212711,6.29713833316864,7.5865908237775,1
6.02251562248976,2.14978560936828,0.0668983953999414,1
2.65310236913499,-1.85769095968757,0.331388269404806,1
0.313076599747084,-2.06665931088351,0.831072660392098,1
4.64123265116433,0.621607907032628,4.85000332569076,1
7.2629569692184,4.87617365908899,4.37136503159867,1
-1.16800387013341,-3.7184209629898,2.75245742925934,1
3.26556270190299,4.98960106927534,6.58835071057214,1
3.35083398575486,3.42070011597581,5.28659163787423,1
2.3912173629067,0.0378967350967616,3.59207560865205,1
-0.363082090836945,-1.97196533960722,3.68849996276463,1
1.6022302848658,2.75350722011218,6.77872394636883,1
-1.05607074747515,-2.63676285874376,1.98078720142133,1
5.59102646461171,4.26645723100975,0.926205249912215,1
0.614709858272251,2.2748102989192,6.37265056967873,1
5.83518485459303,5.67623529191099,5.03893655598652,1
0.905515359050127,-0.195317230239766,0.779806411914501,1
-1.18430424967944,1.14055459419785,1.96737848364973,1
3.44339192470214,-0.07221632815545,2.15230943014341,1
-2.30321458367976,-0.636372438954375,2.77570034690927,1
4.26798058740589,-0.967536356605292,5.15593635375774,1
2.94115275964226,0.422170632997983,5.8231596786752,1
-1.61397199934676,-0.8002902682785,3.84497034236486,1
1.17731606015072,-0.0609929984001569,1.06741231557533,1
3.85630717766665,4.97518980634721,4.52434650350043,1
2.82042137667539,1.5180483192309,4.68091722340998,1
0.958240887608529,-0.0654232149062417,8.87320487711084,1
2.84788864236718,3.38258425138729,6.00051471077953,1
1.45653392562375,-1.13371342377397,2.68661586915583,1
1.48108820807981,1.99161995618526,8.3729341742614,1
0.0691342031805906,2.49864877196563,2.6128334055032,1
3.53206549837544,3.3385565533199,4.39234878892217,1
4.00295043688678,0.847520654738392,2.80666685313307,1
3.15524354365419,2.08037548011021,0.364599001127915,1
1.32368313922639,-0.395206873464494,7.05104675014365,1
1.38629526919334,-0.184590685550077,2.35253102971708,1
4.57131552932461,5.29343799327448,8.26460671185925,1
4.79008531908257,1.2562847869643,5.66137890324695,1
1.37252892996914,1.87683531454486,8.53332988556754,1
2.85255072180278,0.777124102171354,6.61657642896259,1
3.99058580364044,3.8251627242901,3.0170754228832,1
-1.27213383382906,0.546481563303797,3.48997531092664,1
3.55650986288344,0.770894521854509,2.48058123973777,1
0.613127194823027,1.8613346669728,-1.21897056014386,1
0.012713224169481,-0.222815008540515,6.40968522861053,1
1.25601344403845,-0.311463963182118,5.68059430753208,1
0.824576453656039,-0.0147225071416053,3.41596872324616,1
4.35807017681909,4.63363816328895,2.84835719581339,1
2.87213058298741,0.808595487703979,4.52518703506193,1
0.237799560281603,2.0768992361051,4.03371510924513,1
1.54541941112062,-1.16026862701501,-1.09041616216028,1
-2.31808182196848,-1.61098510352541,4.88567211695468,1
0.0404527001267052,-1.0180940259652,4.10304879991971,1
1.31787625919918,-2.51205020863212,0.731148992618483,1
3.76351632484355,3.03013308091017,7.36088103948829,1
1.60480864811796,-1.25853711618374,1.47803483163448,1
0.233711111164011,-1.72198426005206,3.84731983865164,1
3.88285217942688,0.105199499733852,4.50317689215717,1
-0.261984370344546,-0.97362362664093,3.02467440421372,1
6.38033619901362,5.56321605727592,3.07494873129947,1
1.98806184516005,2.97198814863678,0.808550680583047,1
2.24307167458445,1.94951466535207,5.87040854613675,1
7.15956893981013,5.12599204402283,3.60583067375627,1
3.62952578930481,3.2875684560963,8.89395755449904,1
-0.175576605676847,0.843570743704281,3.55854688124295,1
1.30969789977659,2.300856219056,1.45819259286853,1
1.69905285972298,-0.865383869344161,6.16978540297641,1
0.521002178807165,0.151409559920719,2.09899695673384,1
1.63383576354046,-2.6214066616049,2.17833927741621,1
0.0524935211619852,-0.58862004741631,0.428482060354615,1
-1.11054183617508,-2.7055174104657,0.422545874318523,1
0.637587797956158,0.953084960478229,0.481587453782818,1
2.24690578155343,3.71838515094973,2.47850311864276,1
-0.0461932578649087,-0.841089288816616,0.782258057787151,1
2.32208772927821,0.683402541729814,0.451605792882703,1
-1.53942288576919,-0.560447896886794,-0.367128956863849,1
3.8085933690255,1.69202696365792,7.83215068081913,1
4.59050234306984,-0.486212105646455,10.6650391830831,1
0.165836738624471,0.719132812782293,2.78215395186977,1
3.86911552791731,2.15798862367288,5.35840638524757,1
1.95573832405418,1.21795801079853,1.74471008088924,1
1.04944743885882,-0.989169951188618,3.03082601591468,1
3.39611891084382,-1.0786434344312,5.24543227048408,1
3.52638305672907,3.32415344740977,4.08715898629556,1
5.88545759399449,4.3075623673587,6.3996901038883,1
-1.02518224606771,-2.94808212176334,1.19262595731294,1
1.95287987132005,1.99348576101417,5.25457994548689,1
7.05998122186018,3.68467290231318,1.66620547323506,1
4.5960320108933,3.17606074674306,5.79559621273761,1
4.91288292876361,1.56664041642102,1.11949372802451,1
3.71096496578651,4.38037481294737,6.5202579190879,1
3.03713760505116,0.590918547797059,2.27564774808208,1
1.52489919024147,-0.223925589229758,4.22036072855628,1
-0.298213692220149,0.0169838271907283,1.25405462357402,1
4.49047650763187,1.24685286265785,4.30686465534001,1
1.87430686591525,4.10082943893441,6.42758041004294,1
0.746010992839778,-1.04740208688752,5.50721176380535,1
1.785835867046,2.77910414714993,5.47359471473178,1
2.85622845398481,1.21125532636542,2.22635572568226,1
6.63954340354739,4.38868983923474,7.89664587264982,1
1.04451724178306,3.40586782831837,6.18741999399287,1
2.77544785644638,1.06225177262796,3.65491205153852,1
2.47099290841957,1.63722966612876,3.66869521112022,1
4.25974853276836,2.42579363078177,4.18355978641897,1
3.31549963606815,0.973100316725714,4.87600391698049,1
2.1438902683359,2.49478282026951,3.5194864257189,1
1.27253309603757,0.816106802270307,2.44665816589141,1
-1.98664155061471,-0.204531183939161,5.76162955541516,1
-0.408008702294999,-2.05901400491181,-3.47687942564293,1
-1.20814056138797,-2.21631905180789,2.33541133387331,1
3.68060865316091,4.09507602624688,-0.0614425827343821,1
4.0549153989959,1.96633736742334,5.9479671163749,1
0.128404594013591,-0.0502604186377706,0.504966886256342,1
1.68499957187657,0.21499404274797,4.72714196693698,1
0.443415613173905,-0.169590170492608,3.34893877637446,1
2.9187974541073,4.18233552235498,2.76708320795007,1
5.15536979730206,3.89667486137641,6.00236223301154,1
2.17323680760248,0.513099084982147,-1.4944226431498,1
0.757751127330684,-0.0477455489363752,2.17909502627116,1
-3.18257193437127,-1.25928113179193,-0.659645986009206,1
2.50752877578524,-1.47940830565983,3.1800052188987,1
2.2932536139936,3.23736129547429,6.13990236637459,1
4.51857515850032,1.5628902454702,5.78139271497133,1
0.0623207232648537,-0.026947541363582,4.08917845400493,1
2.25933027718068,-0.25203236233786,-0.476689879476471,1
3.16135211225697,1.24833888023378,3.29670618361127,1
3.76638879333186,-0.439981220385258,2.32394218081546,1
1.22485630473542,-0.650490034598266,6.91954830812349,1
7.12094751862657,2.68560556511129,3.6810357284711,1
-2.66089243566659,-3.01143767349699,-1.52533423772175,1
0.48817336737672,1.02688943960862,1.54043380590643,1
4.15978422653989,3.24242691268899,6.14113805985231,1
1.59340012897968,0.395393399813974,3.70172707694515,1
2.58085431435449,1.31969047764959,7.42529418007348,1
3.33049191675567,-0.779102190574443,4.84801976025689,1
-0.88246224423653,2.68973210757026,7.61437491245357,1
1.94027417833045,2.67583429474818,4.25574833174233,1
3.91349818662477,-0.831720492333944,5.84646934704444,1
3.23965771937406,0.231766306503224,3.17590475011186,1
1.14223128028118,1.63110138732035,6.65073508167857,1
0.558112830407641,0.510047992950586,0.427966277687661,1
2.61576340752577,-0.0218568303741788,7.11256627595291,1
1.96509862256662,1.4950976688334,3.10218703466576,1
3.73033092713155,1.99369883566826,7.47252783542118,1
4.74270607842994,2.3728568181361,5.8293843738398,1
3.99381187865175,0.90312564806879,9.49949869838792,1
1.40360763346781,2.11344748555947,9.17556888592114,1
1.45322844386419,2.67017894428193,1.70956105259408,1
1.29523371586242,-1.60853965193719,4.57730429889643,1
1.28452562873646,-0.254558923787519,3.44847349706802,1
6.02567779047002,2.97764803154192,4.29855604747907,1
0.817228969250039,0.388662790824535,1.51512569898814,1
6.69838782495405,2.61123589381754,5.94459556344486,1
1.89015057652546,-1.91824477385703,4.45978972383172,1
3.06893706656127,-0.562123660072242,2.8630748288274,1
0.242740088978986,-1.52556748201684,0.329119942825383,1
5.16362020661074,2.80253049222701,3.26929036624718,1
0.49465406076723,-0.256325740079533,-0.406923300441069,1
0.220834047097761,2.47905671793276,5.3597347121331,1
4.71214565178545,3.44305268858349,7.25535513774929,1
0.84722999722319,0.00699465186947434,9.20893906700236,1
2.47459547437709,1.50530054281002,5.62998599723163,1
1.5502036530133,1.10726705599171,6.461641060964,1
0.78938061840293,-0.691766668276658,-0.264146763783577,1
5.24488573442124,2.93778326967886,1.9228714647948,1
2.14997826038995,0.249471153736235,4.66150391483252,1
1.99205920160433,-2.43282430560687,2.71854635885958,1
1.06202844322909,1.16828212113511,2.42502187992663,1
4.07555264638906,1.91197228494144,8.51308956346517,1
3.69694785059432,0.93308854293837,6.89449485294113,1
-2.13074263742274,-1.83653830633316,1.70469338523232,1
2.04356285101847,3.27408501775089,9.50921814912247,1
1.58458274150156,2.39314591967675,4.55782033203237,1
-1.73380938389989,-0.87783459031756,-0.135284537908865,1
3.08573848864569,3.96871620863308,3.80940640356816,1
0.905887036617747,0.31989124539318,5.2134487334053,1
-0.203741836187912,0.121694899508038,3.58986496818802,1
-1.41835138776318,-2.71971833864347,1.67102175383331,1
4.55159438658335,5.11244106017759,-0.654109435957105,1
5.71754582841809,0.347905869581203,3.71449903659745,1
1.59757873990658,0.119243754147562,2.47254327605955,1
3.3689857664352,1.50685679759255,6.45874395732789,1
-2.84315260455743,-0.253398526266655,0.386511118600633,1
0.556956770071751,-0.36074065730671,1.09142164782616,1
-0.0569331950390408,1.00732018793117,-0.0996780500766947,1
1.93493095751467,0.427050676331181,0.163885837406891,1
1.81124667901287,0.0548089526229193,8.66224174159094,1
1.64108394429548,1.11384333585473,4.27761317484855,1
-0.38827784356448,2.83677696015787,1.99263138613084,1
3.26363596011635,2.8615659284831,6.89797953992768,1
-0.945630432534095,-0.772057762919494,1.31497025640551,1
3.40974409296024,1.52953901566606,0.91890958117312,1
-0.791934215398227,0.703475772371986,-1.82315891680454,1
1.60451475490498,-0.412660382440886,0.652395794608581,1
5.61709316332278,2.97229735929943,4.3451229959779,1
3.11695489521768,0.32234878422919,1.38417515052594,1
2.30314097336719,-0.0588234753220158,0.422012055575249,1
2.43280052485083,3.07789977349888,6.86416902516744,1
1.98151692665229,-0.558016495483627,10.3749321804821,1
2.59998871706471,2.42490081592959,3.48500016185566,1
2.93201965562808,4.92960648064688,4.86798415504573,1
1.04914528648391,-0.283456004762507,3.75979543081718,1
2.85718471953606,2.59422957620864,9.11598684702751,1
-1.07249551473365,0.137601862010603,6.74061480360375,1
1.41161234988934,-0.279596546956719,2.76537674596192,1
-1.47931466966805,-0.967983442556194,6.32762798736118,1
0.595804660260669,1.7398557270919,5.5909963548427,1
-0.312298715208171,0.199142515458206,5.60271326981845,1
5.15295486950841,5.26490461611375,10.2259488203454,1
3.78174016721011,0.213976795369939,4.35283392568545,1
2.43147752355776,3.3029234683899,2.36992725300601,1
-4.00740518551575,-2.23094517185471,-2.86806310091737,1
-0.799919988075821,1.84261836715846,2.42866143225539,1
1.34125593928685,1.96971704786855,3.44819934482335,1
7.72637028093494,6.76457875611317,2.95617935192519,1
5.3575810602863,2.65123101450792,6.67461558843415,1
1.3960327483624,1.45156792174957,0.771880418023172,1
3.29385783456022,2.56646226414842,7.48596954738408,1
4.83988035693258,3.06467195056588,3.20523044483395,1
0.049180346315687,-2.71728866656971,-0.488827999960822,1
-2.28464536284551,-0.481938456040985,-0.242465185086287,1
-3.30785847163151,-4.73040475355099,1.37073435743375,1
1.98542669932178,3.307355335775,4.45443566430156,1
3.03508307554648,1.04554310810887,3.24862322390191,1
1.7712715094869,1.5718208215866,6.03174747078222,1
3.57445289176316,0.226785674747407,1.626378998087,1
2.64842328172074,2.36023042688794,3.07223332595925,1
1.05534713347208,-1.78749028715272,1.13000861756642,1
1.92331814791205,4.02461562704494,3.69368157710029,1
3.72582766683922,0.404137844986618,5.017250093719,1
0.0363922741759914,0.917786853328197,-0.595658919717768,1
1.75514220772863,0.42209297096654,8.060718403218,1
-2.83987440368564,-1.52342160269799,5.48157490563278,1
2.69983138018282,0.479364462787525,7.17289559057461,1
2.51504653385198,1.74171376914318,6.61682799953957,1
3.05789376569596,-0.0967395087319423,1.16223662581175,1
-2.51033969535428,-1.43597207172017,4.43312620755855,1
2.91730772642168,-0.0820830358406783,-2.54673385999625,1
1.08400896684229,1.33258841897096,2.76104776165078,1
5.99265756857625,3.23811679818647,6.43471716752925,1
2.51244309934883,4.93506057809773,8.73168837207385,1
0.968957588483427,1.06461743751574,0.512445591865614,1
1.09639962560103,-2.07799643966815,3.03444225828269,1
3.26983988971979,-0.459551874200441,3.48447493225671,1
6.12719204861219,4.76318047784108,5.97177917642262,1
2.73114405422423,1.03257814281186,1.81603383930552,1
4.58865732312658,5.8610535599676,10.4220742379648,1
4.29602956779697,1.2773768480311,3.83896415965577,1
2.70126438975881,0.117468330105115,3.56140414057601,1
2.67489311715516,-0.885146122676589,4.5662763853606,1
1.67056290248792,2.75015277562588,3.32634492938205,1
1.14893287202914,-1.14260808326814,0.102322658163003,1
0.466724941767717,2.31339523452435,-0.659156326226429,1
1.86063583326756,3.17740352554744,-1.35323156787748,1
0.408186685051823,3.14074982892225,7.47962187646841,1
2.87621319367852,2.69749660636619,6.0076088624844,1
7.03233288108692,4.1544963166514,2.47779106565615,1
2.82831542483833,1.13673788528605,3.80730993964353,1
-0.698237485787184,3.04647752400292,1.89504506673345,1
0.724112367338789,1.56401898091933,0.0317892935363626,1
-1.66654032103331,-1.72522880211683,-2.41717648870375,1
1.27045111033703,0.850259668011123,1.92421326252241,1
-2.55489841315517,-0.0712109789875823,-1.57121865509562,1
6.59128158618673,0.399326588065255,5.79278039187543,1
2.37549732823537,2.68352371278014,9.07816049700416,1
-1.11555203418888,-3.31414645084559,2.73375576986317,1
4.01605208894902,0.0757839778388054,0.253779968698773,1
3.16011916198967,3.46198822503448,8.32835837529207,1
3.02786461877442,3.33267830901455,2.81573460439401,1
5.78738429059281,2.83703524904388,7.40319846907731,1
-1.95724620504247,-0.616201121910965,2.83399551883383,1
2.38676524601152,2.60970660482937,4.84792056707059,1
0.580284058402504,-2.70954105659416,1.43757874234621,1
5.25379167238269,2.70655216396915,2.20020648378867,1
3.36879923845329,0.478221575599964,1.09240517205821,1
1.54126182541254,-0.249447283480408,3.08942999962097,1
4.27312565945752,0.651196009734368,8.66370546568014,1
0.520715027673703,-0.185603141205466,2.141710430675,1
3.3567423294773,0.567711191125787,4.37060019239292,1
4.69254068993258,1.91762477668917,6.75856391186043,1
2.82877954956641,1.52022464280311,4.80980839059806,1
1.17933597056958,-2.0216303014831,-1.09751086480609,1
1.57126769329684,3.80213559004953,9.48073787416835,1
2.02145660431712,0.368680286829959,7.49751757399697,1
1.2508155822313,0.354145042196651,4.22006968399515,1
-0.913045181293839,0.0379602921069561,4.6746797704391,1
1.92762545270234,0.61058292782387,4.1039330615249,1
2.42255657145678,2.53387384265666,2.14359154208962,1
1.62648502074746,-1.74653059968626,2.56604796778727,1
-1.69949503267532,-0.71723760326403,3.31193948759179,1
3.3985459481547,3.48364682613105,2.86544969014919,1
-3.30470045774123,-3.50296679117015,2.84287723692135,1
2.71370471442134,1.27212181471461,5.0459718358125,1
2.0618434481555,-0.989884112572454,6.67997722089872,1
0.0652083826480494,-1.59579536700256,4.92833696710555,1
4.66766178879281,0.974986664443063,6.13001024578249,1
4.6913352793362,3.90663477393743,5.64644826519489,1
1.70722387868667,2.97736852071953,2.51672491053879,1
-3.78906745073673,-1.35275357413276,-1.40604999298248,1
0.965192384509959,-0.960228342631592,4.21552435163369,1
2.63363854749454,1.22472523149821,-0.599239443124095,1
0.585220871545739,1.38657016737078,5.51503194673141,1
0.477441474496622,-1.09962312179625,1.66181608285676,1
5.47641886666201,3.13838783922001,6.96134072361963,1
0.985233778148376,-2.63825567533625,-1.11094504162423,1
2.29102748756311,3.48560904174001,7.10365786607564,1
0.0626658952882486,1.99076500832739,4.21934257480831,1
1.9148574778778,1.4753915798036,2.29733454707619,1
1.70665590797559,2.76498249852383,3.30486195303518,1
1.24730726605582,-1.89531043008675,1.82314133041837,1
3.16443995532354,-1.4359632011003,-0.855928685507678,1
0.710489956765554,0.142192135602415,5.5619107469058,1
2.83671815098934,2.61166186344191,7.85739005865979,1
4.23155637446815,1.8031532606548,4.39019891484318,1
6.32771298418057,1.2237865858534,8.57537345569642,1
3.53416223871358,1.44148146010226,6.00238738721728,1
0.381981224133036,-0.525889682798257,4.2681319838617,1
0.359277220337397,2.05425936030816,8.96917495806352,1
1.7638939041812,2.65218118961341,4.0422259021737,1
2.06581787639998,0.847868864085647,4.57917978757799,1
1.99761748945275,0.902434791263249,3.43170289215502,1
4.63251136759064,0.409602873233881,5.65238517374438,1
2.49549527513013,1.98993067794501,5.3096566260231,1
3.80685736692055,3.35995096959839,0.770332648283812,1
4.28686968890242,1.4808054202515,7.00307627580506,1
5.1263865995242,1.71469241760583,6.52372945226114,1
3.29566701052674,0.733533291902909,5.79851239215672,1
2.138739669281,0.0677149986209657,-0.632272199576627,1
1.62634828844789,1.23332212008963,0.495541914937819,1
2.25605481348155,3.74584073211293,6.50126685396296,1
3.29735651361327,1.76305209928534,3.72826364120472,1
0.505417681478159,-0.385446707861805,3.94993618127235,1
1.15644221279666,2.65044917382895,6.99558292525982,1
3.2347528639063,1.24545309219531,9.94477770127558,1
1.59536989180044,-1.47207154045454,5.35639587274675,1
2.70091260869335,-0.81412062347832,7.77098162283222,1
0.54108005305693,0.871917407198369,5.07068384743533,1
4.71646935626404,2.4271205061318,7.19542922697302,1
1.03297230185962,0.729858649709515,5.45162112540905,1
3.77587546095954,2.57999887961333,5.78964612199299,1
0.415019365306208,1.8714350549613,4.7073074570831,1
2.15968548554225,0.898866502832681,5.83120856983741,1
3.00407216930785,0.858755839422169,2.30660526322642,1
3.7025853522582,1.44526580444905,3.4121697260772,1
0.161731342208798,-2.03421348955851,-0.419016486069498,1
-0.973321331159343,-2.55509990203101,7.22105161832177,1
5.63266959112433,1.80013349504315,2.80873241922616,1
3.53382423416315,0.44280922065961,0.77654687518302,1
0.460276637325264,0.385397296393621,0.701992554558328,1
0.652028127895699,1.05927936617275,5.8144921943389,1
4.52616404293701,0.837004979042116,1.89603704130082,1
2.26512242242853,-0.243685986465594,1.60245588845555,1
3.90729882717433,2.9345325905616,4.67603989431955,1
1.31213756252519,1.74816624702795,-0.24604838080474,1
1.15867268122719,-0.198678073636644,-0.433570009546409,1
-0.00994692246466977,1.73764569554674,2.0787422144916,1
-0.783502096661933,-0.635990610527208,2.42348870788772,1
2.86823003335914,0.946009087691952,6.54114154805366,1
2.72270558521348,-2.92035990736339,5.80040694089007,1
1.85478266671352,3.11919547302129,-0.480756945972484,1
7.47823922220689,3.25019022996294,3.89718623843272,1
-2.64680099641825,-0.280619017261593,2.82223235063727,1
1.44316238616096,1.73246139530549,-0.268328974640213,1
0.00436415180898564,0.601055561614714,7.63594911662448,1
3.00989851295172,1.49998892924058,3.99292427998706,1
0.128948929360524,2.29166254881649,-0.614869353558191,1
2.57736500620632,1.48638844312224,4.43152334722618,1
3.27807612350192,-0.12087131462277,4.16172555641509,1
4.9901776110961,3.43748190018069,4.98679730080281,1
7.08289146793792,6.36233647325388,7.69790061552738,1
3.44615126193512,0.194044294819378,7.3586254346565,1
4.76303269310961,2.6067948174928,6.65614763944683,1
-0.313126054120727,-0.0583106218270044,7.09562194026467,1
4.25472626993545,4.20710107772713,5.54635427543698,1
0.820651724577251,-0.553812865021105,2.27780431947502,1
0.644504745377736,-1.3260266618874,3.29951427698988,1
6.60242843131266,0.0872670001356806,3.49427400925873,1
-0.366802184832645,0.736617715098964,4.00700585162339,1
-0.00698582148308002,-1.08092141182649,-2.02296318312294,1
0.809338339307081,-0.297162190592623,4.75392254856734,1
-4.13916891128425,-1.59895112068446,-1.07542478072104,1
2.8447039688483,4.62073880019748,7.81943659544868,1
5.11108121939343,1.835343177492,4.92942903818785,1
2.90728841193113,-1.06728095663925,6.19573252442026,1
4.15560360679903,0.320668882073874,0.185256641947067,1
-3.65470527267928,-4.21328147051454,-1.57696151342206,1
2.645366010884,0.951973953435294,5.96478234194398,1
-2.35946879174749,-1.13852430443123,-4.32532546916485,1
5.31361815184688,1.45959262626608,1.56140800154574,1
-2.12379376153138,-1.76226045479761,2.89563645817229,1
0.474431051191304,1.01393024197957,4.92745071105806,1
6.91162657273938,5.21519852059987,6.12181250855078,1
5.21255480623827,2.08971626265425,8.74264237415582,1
0.379043901993667,1.05023188820215,1.69659641183266,1
3.20150115831796,2.8742169747616,6.84375946761153,1
1.97041052196157,1.58665296539212,8.18964944275539,1
3.45576698265517,0.375350150060033,1.83130891063504,1
2.83618156678413,0.912177415127008,3.76412927973145,1
-0.555130837656701,-1.00967279313753,4.22155352823891,1
0.818791808202994,1.5106118386915,2.1248704079072,1
2.55929075028056,1.03124663806271,1.81014232257061,1
5.22438649778513,1.48750162009473,5.83497450535737,1
4.28312101836628,4.73760038345969,4.89117995539686,1
2.09045253886479,0.418341281439476,6.03964656384352,1
-0.913256947180862,-0.256557554973022,2.03558557034797,1
0.911406126503045,0.577249635616807,0.37227633091079,1
3.09722253456122,0.465751496347025,-0.959929212411166,1
3.06827181367567,-1.64344419613671,-3.25794622908762,1
3.84903696656499,5.10543585313279,5.19248645160089,1
4.05991630362051,2.15668460804644,6.6242050042016,1
-0.552605918423513,0.422376113702131,4.05591134642021,1
7.94671706035692,5.39302004186965,5.45394623276944,1
0.730528775724814,-0.75833298315437,-0.409643575178026,1
1.13377191909909,0.392316684603343,1.36111758357227,1
0.212251446601809,1.12684446286583,3.92790435599611,1
2.95570854315361,2.57272270486744,3.93219042089085,1
3.23460706760409,2.26629262611457,2.47797879265157,1
-3.78229803793948,-2.92382104726149,-1.3467357468419,1
3.35881031530483,1.05090389873667,3.22278644385925,1
0.754001662403831,0.727278830122104,7.89858135120703,1
4.2089301690825,2.21593409471794,3.75103697873125,1
-0.545597801956468,2.03064552963202,2.56903563175739,1
4.07199826150315,1.70462831020393,5.09671493253942,1
-1.37794127196861,0.524678409444982,3.5622107426144,1
-5.79651717829342,-1.6588824069565,2.4823645044202,1
4.64314139121478,3.51100702720718,6.81751732106511,1
3.91644790198855,3.99971138277401,7.28427905597779,1
2.81806104144129,1.5086629044294,5.14560105102211,1
0.884101954204742,1.76185857326617,5.35053859631267,1
1.71078738263566,1.05771258935582,5.34283921163714,1
-0.835579640672935,0.00900975727732445,8.22955494386195,1
0.667408307321843,2.67470378577505,2.64244492412789,1
0.75198711657757,3.47129795466149,1.61108942767111,1
1.82822145098017,-1.63980102211154,6.67672062523119,1
3.94059210014777,0.532246317895329,6.08250212735885,1
2.66183627843493,2.67094442196348,8.86991080102328,1
1.4985600479343,0.214185924536113,4.38300458532622,1
1.4945179445233,1.3055093922178,2.28949910072392,1
-1.96077891077493,-1.63890542393987,6.66373574339381,1
-0.626023375041928,-0.104341441115213,5.95822732506563,1
-1.65092134434074,0.745486600502326,8.13569237697995,1
0.208624409734039,-2.10552895979336,2.91426241359886,1
2.94298003348715,1.56400526990539,7.72514080765943,1
0.449201775728879,-1.10222926577809,5.72607577131719,1
4.02560082085766,4.36029479902339,2.17184047626518,1
-0.911756321146219,-0.645390797654384,2.24520809247078,1
5.89739090885638,3.95117907862161,3.60806027251386,1
1.56584104218657,-1.11356054132488,0.587877208973231,1
1.80731656723892,3.70303203120017,9.96712084691508,1
2.6566198860775,-1.257931243996,3.95638251611252,1
5.78246938756079,1.15543560470636,4.53778009741555,1
7.17099978338035,6.2541343090521,7.61829110608251,1
5.45010497953244,2.4728251046747,4.33633835192559,1
1.88255963993242,0.123241374962731,6.5363335462372,1
2.02924486585743,-0.348973539175303,-0.306286521565388,1
0.571507816090299,0.0447971978259522,3.18054484240186,1
4.18170857076158,3.16998945926357,6.75468836148183,1
2.12506270648068,0.741993450412182,8.49781254351435,1
-1.29134247651189,-0.513159019154586,5.36242046501258,1
8.32063291289585,4.39934656744344,4.59114054619262,1
4.67091367349669,2.73152899376207,4.39560631576337,1
5.28252823421498,4.56112670114071,5.46278360742052,1
1.41408679357009,0.125398336629522,3.69581449412293,1
5.95232824946557,2.89812003021218,3.75609155535119,1
4.00568451181034,4.97823127146283,8.56307006886755,1
0.262371788792555,0.638250346618272,3.43759289940984,1
3.25377777706596,0.511431492190352,4.50981664995277,1
0.610744403307881,0.931066371846797,3.14394026962277,1
0.117180309921328,-0.140737619952543,1.33546334873752,1
0.333456604589263,1.74809144157562,2.37553567500361,1
-0.132377672192752,1.67357034137171,4.09789374821244,1
2.46422660477909,3.32871966526328,2.21202654284946,1
1.00479857269034,-2.39275494839394,5.51906314540573,1
2.7939132539015,3.04522718362312,1.69266182644691,1
6.49262653973586,5.39597556014538,5.83739871831188,1
-0.0887319829342861,-0.0811463529162575,3.17396144478626,1
2.41942376468234,0.75017764210554,6.34125521209772,1
2.23418840455471,3.72100877459898,8.1298275260993,1
3.55933377649048,2.31150325770411,6.00318990079059,1
0.551918707727148,0.590043453703738,0.913770964982834,1
3.75281714756937,1.54733218682741,2.87426245204498,1
0.714523979133322,-0.190782305045855,4.34335050263924,1
4.40740505802932,4.09639873144558,8.26689307170371,1
2.49992871751428,-0.326853277493697,4.1692397555284,1
0.551768545992399,-2.6662144986388,-0.476919389328428,1
0.571518455739146,2.48038862654636,4.86459100633804,1
4.4329023006371,2.53551724741217,3.46129395708309,1
0.114227764671176,-0.117484220023389,6.9630104190083,1
3.2571546329923,1.46776804853877,10.631016468044,1
-0.31338219925779,1.63214527884336,4.32596698923429,1
0.650644707871421,-0.937723646329809,4.23629078383943,1
1.50644464205193,-0.475675905061955,6.23749034785374,1
2.1448876455858,1.51049879441371,2.14749986197956,1
-0.596052440248729,-2.64305644683044,4.75186151171104,1
5.51434500402376,3.29431697070008,6.03537084717813,1
1.74504223543649,1.08951224238192,1.38556132635704,1
1.37801637518899,1.81356256513006,5.61643969491243,1
0.278609865006929,0.0410866585524174,5.89179601018212,1
2.03176359258753,0.900207054855494,3.88718812416705,1
0.259635385327599,-1.87090405959684,3.60823626492327,1
-1.4479703195932,0.725522718326286,2.80344044861393,1
3.7630883216114,1.4782964871471,8.91412409010809,1
0.72307252810966,-0.169711241657398,5.14216449831985,1
0.765768740932157,-0.922723864544984,-0.444395115216797,1
3.87115529129328,2.53855638042391,5.01049349465359,1
3.01414639291108,0.787414486865141,2.42173720724174,1
1.06270704583439,1.70342234011224,-1.25069138796767,1
5.29930429662013,3.63657077956236,3.85703969880371,1
3.0113676226232,2.50930854527248,5.89829777123619,1
1.38784779289946,1.5314299872644,2.96633159415862,1
-0.64521199229261,0.842217720459315,2.44456482503211,1
-2.07496716659216,1.51114104585168,5.41268379994453,1
1.82564517413054,1.59303758084653,3.82607664343164,1
1.63481689961028,1.03089136785417,9.66454117588618,1
0.185131057106566,-0.023059626946921,2.63830421182986,1
3.61547713796713,-0.633221140111451,4.17594945414355,1
1.11488124899936,-0.826843077004352,1.83237549427159,1
0.795576432327881,4.9602777683499,2.12197767803946,1
2.32466324422425,0.0715392448931252,3.88816034757862,1
1.952543583522,-0.453621858349599,6.22195007852064,1
-1.75145187596487,0.268722554683436,6.0541052286696,1
3.83546480835483,1.86704911670582,4.92869753908413,1
0.828812104065926,0.0502465116023368,0.941305699476965,1
0.938840163747205,-0.320305961170769,-0.948986915446991,1
3.12672362251978,1.02893290109416,1.61149830898233,1
5.3995452544974,3.90896868341191,3.2648222458724,1
2.9763149528306,1.9798917331746,3.70928842234957,1
0.0982753999834622,-0.411461130276785,1.25644855264944,1
-3.32318332995627,-1.62397930385508,1.92994942157049,1
5.72029167778273,2.28983941011909,5.62037588822961,1
4.07387775508996,1.29574462409383,6.85415741163287,1
3.2072566265095,3.19212291387749,6.05214378734063,1
2.80748334288896,4.85954890238021,2.84649182674071,1
1.37795267148066,-2.21668357790564,3.72699383708217,1
2.34685222157914,2.41061265267481,4.82860883060194,1
0.307605578563395,-1.4312988377017,4.00874308682877,1
10.6057995271184,6.77169460554794,5.06207298661949,1
-1.68021675989712,-2.34705687352568,0.565932400027378,1
0.746842563125749,3.80142056549436,4.31337892229434,1
3.47590435615333,0.0687578798307007,10.1434134105425,1
1.96262440453694,-1.15338401721063,0.771240741160037,1
2.32967182716484,3.11483830227969,1.43108562342288,1
0.412896374125819,-3.17944737650613,3.16550164423318,1
-0.151504499140014,-0.905002012145122,2.89010156865147,1
4.04096325513064,2.18300274451238,6.30627151703847,1
2.61541739193284,3.50960419571722,9.87932311611001,1
0.277650643411205,1.97462728664065,4.37200687298528,1
3.26976798810418,1.99351674120062,1.33288906256392,1
2.01103869138483,-1.06819526085252,6.62621246381712,1
3.38155772397585,0.126549317106935,0.138730740663639,1
2.76886303216016,2.77184002178794,3.72666841105249,1
-3.9312916744871,-3.72877165810403,6.05126236867246,1
2.30193984207979,-1.04757600217027,5.1233541671428,1
2.59586535683909,0.912740109230691,3.54580581178393,1
0.662070358687681,-0.364439468940409,0.97659666705428,1
0.761893593748362,0.79219132135022,1.12968264980865,1
-0.256232632558543,-1.77941426556734,4.5666508675756,1
-0.588350238198119,-0.360641561186833,3.38947825013798,1
7.86588397753159,3.29379240033649,5.62386684220865,1
1.45823278490056,3.6883832352177,6.9888639605197,1
0.70035179412273,-0.817656155924174,0.30967953011792,1
1.48549359024285,0.712877954671772,6.41518161465335,1
3.11538960605578,-0.851830587311307,4.39023232525986,1
2.79326317355812,0.849455513848137,1.99366761036522,1
4.41917026664531,2.8868351760601,7.20398271241806,1
0.0869890009433287,0.287468274209844,6.20575174254643,1
2.81983080364416,1.26608423578528,3.70213614041258,1
-1.15319768560015,-0.787636703815338,1.03981027399992,1
1.82848169986111,1.59685042689851,2.62803654527092,1
-3.10434627050196,-0.582485226257113,4.51119676123955,1
3.70015412041984,2.08696213080663,-1.60639664375125,1
3.47082526207921,2.01078389545973,4.34552475147844,1
4.93930901829718,4.74578026761115,9.08807408988844,1
2.88055763987512,-0.661996548756617,3.98894079387348,1
1.71110039177377,0.469529085015559,6.01802497334938,1
3.43965377337201,2.20945406696202,9.14804935753507,1
3.40911547616969,2.98855604320919,4.0530656687405,1
3.27305955849489,-0.94232470378607,6.38549307741099,1
2.7916000490732,3.02131464046511,8.30265458466174,1
1.28939232504602,2.51523633505077,0.708903640786027,1
3.94045272589036,2.79234229259454,6.38141772703209,1
0.0641140491455063,-1.6328054454627,2.26024490622183,1
2.49706924504405,1.96346073831203,3.83293028419591,1
3.87292196400672,0.846494313140715,2.43965185806176,1
0.919667759444806,0.80252739167453,5.00285685478247,1
0.642092320038085,-0.773026172516102,9.62297596743404,1
0.66887434967299,-0.167228317493109,1.47283543033455,1
3.22212338845044,1.52869311480756,3.28537080552336,1
4.21547686031155,2.30096536517579,7.42305566215354,1
3.41579345220009,3.81306863039162,0.320040644877942,1
-0.862969248008679,-2.3833639708637,3.71693095002562,1
-1.71952848216023,-3.45870222678789,6.87892272147757,1
3.09345311168914,1.87483991091152,8.55178517499295,1
1.2011773856459,-0.749944619146704,1.01718033989797,1
2.88187583340373,-0.428897531315278,-0.30955093112225,1
3.46757793956112,2.02193910006561,8.26668894799788,1
1.40445270729977,0.302706632323359,2.52919587588648,1
4.36683845889041,4.09154284666588,11.0677639833608,1
-1.12783317089351,-0.592589275149099,7.80711709554996,1
1.62836924324487,-1.37739060778676,6.89844122598649,1
-1.2579800311416,-3.85355702676683,-1.13863941004394,1
0.690219414003538,-0.0663598311135329,1.91672479421104,1
1.50841196577131,3.05288145400714,6.35375048734812,1
0.829674012185547,-1.33247857976807,4.35339943926238,1
0.208188175100797,2.23113581197756,4.00534418469795,1
2.39067690358955,0.781439002967802,4.48116915661683,1
0.633668333872092,0.120745482506214,4.74101941380858,1
-2.3762539504312,-0.795356144639241,4.40812340929879,1
0.683685243877579,-0.697583587441973,6.2957201052642,1
2.79375956741978,-1.12142617055671,3.2784574815685,1
4.9392470704003,-0.357033103515166,9.16786989140832,1
3.89891306323533,0.375598269254327,6.19933749963482,1
0.618062810565422,-0.217761516376741,-0.0429913825254333,1
3.84302950936593,0.337529762790199,6.77619203314965,1
0.901363143693247,-1.83188247419008,2.33478144999428,1
1.09251581093675,-1.27180774934995,4.52858626114914,1
1.56522760938869,-0.920656546632946,4.18814000305317,1
3.44306068075472,0.193601747111329,6.55855719804434,1
0.921914629026243,-0.231244958594076,3.31952080672259,1
3.68294598190687,0.242740367866525,0.758243702301298,1
-0.558403361966431,1.25033692953868,1.90831462109286,1
1.18298409094365,4.46146796711027,1.16684790594257,1
4.10061396354318,3.27308805038109,7.42553749425851,1
3.081866811776,3.56081996729441,4.15783770055201,1
0.819819001037966,-0.159814068143757,6.18985851451751,1
3.73712154530891,2.57251970972742,3.52919760235167,1
-1.57206047784836,-0.975493303018393,5.45866366503885,1
0.7543093841776,-1.24067622763794,6.31076345605959,1
0.843310759047843,1.64966317754603,-0.592065885328518,1
-2.17175644875088,-0.604554240783076,2.60990360629214,1
2.67867897376988,1.88763056168113,5.2121904818346,1
-3.69266710604947,-1.78310833907619,1.23516532499986,1
3.38420882154569,-0.601240383638588,-1.00997947733405,1
0.254417753140285,-0.280893084360635,2.91614532447594,1
-1.97629704298759,-2.93509738676726,-1.74176423306195,1
-2.33158315758161,-0.373441729042074,1.11447470399918,1
1.30018180910722,3.48544968225857,2.23191549364823,1
4.90338896584825,1.1321680816584,2.92415552082594,1
5.58140427809179,4.15683831217047,2.96281360880773,1
1.6164260289926,1.52116847178938,7.72937839329497,1
4.9014965911711,1.88351401750438,4.97378017571764,1
1.19376129634432,1.263703489888,3.36057975208184,1
5.34463425993903,5.32657689196331,3.26909796022301,1
6.51174099148108,4.07569209671328,7.81293489243491,1
3.72456590931825,1.2070861806583,5.40194026735786,1
2.25277168545521,2.54619908728598,4.18738670138954,1
1.3113293197791,-0.0289357653009659,2.31985591064547,1
-0.750049053298312,-0.107101389464005,5.78540304101677,1
-0.192595693146913,-2.91959719847815,5.05052080721393,1
1.43809996683785,1.10393182117485,3.02420849793925,1
5.84826957766825,2.92022457387437,7.26192933566708,1
1.53762119215214,2.26216630758061,7.90891996116057,1
-0.186485404593009,-2.06150476408822,2.56955092128655,1
-1.13155514103799,-1.00006212978344,1.88676828327695,1
1.60684970756635,1.84395022228673,3.53072836841458,1
4.27988271739762,1.20656249017193,8.79402454759256,1
-0.398777664999543,0.0647216602845562,3.8301116692341,1
-0.890810275492439,-1.15952274620798,4.4827929727771,1
-3.29067307646732,-1.72630893579626,0.807340172329228,1
1.95046056644727,0.187907635921348,-3.37858389408924,1
-2.78406262670494,-0.889822314736133,1.93880194344698,1
2.83129487606569,2.59066580236251,4.30981312342326,1
0.58331233257569,-1.10298987602393,1.22733700206738,1
0.895702369024046,2.29591482298959,5.29143763184191,1
2.1347832473145,-0.299882721985957,6.6339747322953,1
3.53710810442229,2.71598651421722,4.89022665511383,1
-1.98628915175969,-1.61753725238303,1.46619103028742,1
6.97635450439664,3.32566885790706,6.64901373939519,1
-2.17110806913612,-1.08136799700549,2.80743410594517,1
2.93104080404346,0.574285452759917,6.17061944286775,1
4.17283963014705,3.25792781803883,5.51087053593544,1
4.3613961947421,6.26524693003301,6.51014168757849,1
1.0376829396947,0.723352157846101,7.10874818699224,1
1.72253733825309,0.397208990658798,2.0571234124244,1
2.59262496278576,2.15744510433506,4.28240230629687,1
0.903872454864908,1.0005772322934,2.28646102996855,1
1.24904089997185,-0.501380970327084,5.7430421771893,1
2.19370904714508,1.86581556955249,5.94761220250156,1
3.71267277748407,-0.20949903642219,4.79816444348141,1
-0.376208995224763,0.445471109868657,1.40089690362783,1
-0.111773774167321,-0.0753067598123291,7.07060733279312,1
1.41990579101571,0.634615964890157,1.35584752715266,1
2.52189451050285,-2.1932951852375,5.76157373728479,1
3.02976654699325,1.48566826276435,4.67209072818448,1
3.20346611921711,1.73667857854872,4.71481256789131,1
1.13703361266227,1.79646980152099,4.8687786857551,1
1.35544524793903,0.270062577293805,1.86938649826603,1
2.65500650566993,3.22928065928442,9.83489251967843,1
-1.36405758553754,-0.304845509655129,3.67841089277934,1
3.50457461572544,0.0875325360590958,2.2447151362623,1
-2.99746508308036,-2.48185841658347,0.900066260940749,1
0.0808342557747816,1.48829002860372,3.82848701603007,1
1.45085696457208,1.32962262834411,3.89035571553559,1
3.72011439161545,2.90233954875993,6.66738473630022,1
2.01538503973638,1.38669648295028,7.17278790407711,1
3.52238125212091,4.68701234598017,6.0015733015322,1
0.229241330472952,0.43325792326524,2.71305320875638,1
0.0162284313528891,-1.70004480128814,4.92095932440124,1
-1.65219581593331,-1.82678638621608,0.402648622683323,1
-1.15624511237756,0.539627335972425,2.45086164216771,1
4.90068871732618,0.300800567410886,5.03877866666213,1
2.3874566818605,-1.22508944256029,2.62734475461115,1
4.03162914177524,0.87683100636514,8.91682661444127,1
2.89241290644391,3.03187228538559,2.36684070676823,1
4.18019352776417,2.28821260347715,7.79919788807216,1
5.14239700769747,3.28281496059075,8.07840940256904,1
6.76613355654918,1.65526438845668,5.28417463568387,1
3.38143904188046,2.89222053775258,7.53169483649358,1
3.93923568140798,3.38717357665416,1.30435289997022,1
2.93889240366983,0.668689161701863,4.60044427061426,1
4.58131506493542,3.20180614473342,4.75439468330631,1
2.71049387527993,0.392249902906817,11.025267483893,1
-4.15938011776472,-5.17287537834085,0.0167625642041567,1
-0.845984265809157,-0.91591018888195,2.95964603566137,1
2.41494352489902,2.56628348811786,4.59142586069617,1
5.93952036572523,4.60111113912942,5.88613470282108,1
5.32436392176836,4.58425562739894,6.51850067635738,1
2.18556078566595,-1.05031660880308,4.42679962667848,1
0.364619343114732,1.61544247366611,3.56337347438142,1
1.25040758361365,0.21377122770519,4.21140516148943,1
2.71049839554534,0.531903043804738,1.07522669975179,1
5.31249220545757,2.53123311704714,7.49388483643657,1
1.72444577820327,-0.369822070508034,2.78060021428861,1
0.951126979462089,2.69219779962983,6.50152949656606,1
4.20695589296382,1.71544131600798,7.97366550434446,1
-2.59977139188925,-3.1788931173705,-2.08425569756534,1
0.400941495664652,-0.940696184304341,-1.07176234907667,1
4.13196665618227,2.77582757210636,2.96171659881473,1
-0.0821078523983392,-2.85442424694262,3.47722917286203,1
0.735443248903362,1.76625130455836,4.88450103204771,1
2.42666628966069,0.49281670219801,7.40204852990312,1
0.0324287179354066,-0.0774164283502889,3.58782223513451,1
0.411403962965604,-0.252165282747409,2.3698913639911,1
2.71057493042515,1.30583784585619,0.443620579405527,1
1.33982127783491,-1.16337762752991,8.57745150309003,1
2.9638028029794,0.0688751826031428,4.06260540741468,1
3.69465337980755,-0.0513357372520673,4.98856023398013,1
1.17316066660635,0.227483193802699,3.85467297740048,1
-1.33622733715166,-2.79179678066737,3.2736477491611,1
2.05826424996187,0.605025514169316,3.7549896158001,1
3.0184219004734,-1.39916618445613,3.50815727857278,1
1.84895663869228,-0.20275971815931,9.84930831198155,1
0.148847779650812,-1.42558023470448,1.42516783234673,1
5.08171991711244,3.00372757514687,5.40925563702222,1
1.34866623736945,1.0453116849331,5.77695714570797,1
3.59631650651606,-0.145237296178421,-0.0813862338965556,1
0.339001636640603,0.42219968092528,5.22558618287483,1
5.45808822441714,2.98092106425203,3.44242482142942,1
0.810796345641302,-1.00358214074921,3.90474006177153,1
-5.47843534346799,-4.47206714446691,1.14363870412598,1
2.70094498866294,3.11413303231327,3.54556142895564,1
4.88819304149468,2.95221881118222,5.35361046317165,1
0.861605000487181,0.179963940811104,5.68620888636984,1
2.22632238366337,2.29198052373908,3.54233561295742,1
5.35953288475173,4.15244883968801,12.3225327157084,1
0.481647797556748,0.441280709396532,3.41913249006852,1
-3.30910042182354,-3.11302721495184,1.91912540435772,1
1.55642895121695,2.17936238462409,3.36231107680581,1
2.39766703563879,2.18985375131267,6.3850794309838,1
2.59810897400202,0.861095493485131,1.07172417028463,1
2.2964677039329,0.187507575337821,4.04226555678172,1
-3.13249105078982,-4.08089422909883,2.89071883700997,1
4.05286215520612,3.59953697957634,9.04093168008497,1
1.21902996271423,0.8925853942425,3.66949107058856,1
7.04948743085616,4.18063047669597,6.1340170853316,1
2.52283731034154,2.65535150938151,7.48481542481462,1
0.15939209464104,1.90125496581793,4.1253472161638,1
0.518963980526646,-1.26863068147175,4.46533622157034,1
3.24620702757028,2.88838034108356,3.61931636927741,1
3.25690317490225,0.829994966327109,5.48118344932313,1
0.821233926577283,-2.61520260905828,2.45398579917538,1
2.94386335503716,2.410153322835,-1.05041765028001,1
1.36904011463977,1.24323991993143,5.75739261321824,1
2.83378351675083,3.53376463109771,5.62340671285389,1
2.09691753999816,0.965865770913478,4.92093377596646,1
5.29607735531873,2.62803738856014,7.01586680764549,1
-0.787533665308656,-0.311226076647631,4.46961993649334,1
5.18327635125583,1.94018495506108,5.52722164161074,1
2.1887787899245,-0.204737476748905,3.99830389757905,1
5.83660579317879,3.74237371712769,6.12596448816817,1
0.244420609390923,-1.17163170613844,5.28432385436649,1
-1.33606031597198,-1.63099598700326,0.561376849524707,1
3.22728523291445,2.34595758415762,0.910412996858405,1
2.91048244582276,0.0979020812652077,0.580029527432942,1
-0.452401927910788,-2.76750153078905,5.21978879452772,1
2.61335526876723,1.35565705866094,5.61967036575245,1
4.06945402309186,2.4487450922723,5.06517710205793,1
1.18972333417774,0.0233562070057296,4.07311995751501,1
2.75546769815528,1.52664675343712,5.96957420361315,1
6.77239171875903,3.74684267313989,3.34043959839511,1
2.05559319854673,0.200108182884854,-0.459697020296903,1
2.73422294466183,0.736256609834532,4.8462053979705,1
2.64909796606937,3.0556053362229,5.48065165323273,1
5.28813305311545,3.26597290310152,9.7544248312634,1
4.16359790536953,3.59396377245959,7.12014687377512,1
-0.321843555871654,1.61870004542322,4.07930349944701,1
1.10779076907719,0.123811321515908,2.75563909855167,1
-0.658478648300497,-0.797673132813891,4.42636297857728,1
2.06175874785834,2.00735576692936,-1.22084805916979,1
2.95534454270358,2.17426155027243,0.202333153783118,1
2.60268659145787,-0.251224641537422,4.04776524324876,1
4.11425301692254,0.379471211036391,7.93408395958792,1
3.54092001151731,5.06752852725567,8.16560819296396,1
0.303036403753536,0.453068288443106,3.90184910644236,1
4.9355650372924,3.29177451835551,3.95354763726995,1
3.72978630733318,1.48024116862336,-3.57663311043223,1
2.69616721811524,-1.1886157826706,0.618425283561893,1
3.87756401319715,2.19910468877913,5.65941114726784,1
-1.20461571003236,-1.18891876677417,3.49850488945609,1
2.23055835257416,-1.81638250926445,5.93862770709092,1
0.347606110743387,0.501256103928147,2.38278719773233,1
4.88543962288699,0.29357109815824,4.87529868728159,1
4.96895942124465,1.68026809467659,5.00711499582542,1
3.90894311539962,-0.505686809773217,1.42070976725301,1
2.60888204497459,1.47234464039452,8.2140235047834,1
2.36696972452703,-1.18477215355234,2.88537245926621,1
0.562387422678553,-0.376823494957553,1.90346150730173,1
2.00534126198086,0.105469128613777,5.2780885184272,1
4.08714438458028,2.57351249131712,1.89261518172124,1
1.166668884175,-0.200428120196291,3.10411124048614,1
2.56852356825957,3.75456428665996,6.1947766383006,1
3.63158303238252,1.67807051329814,7.56588146364033,1
-0.605163171753971,-4.74029385495433,2.35797648087613,1
1.0122468215829,-0.426355829562576,1.60440694158527,1
-0.758088388655231,-4.22621181807955,6.22497524958238,1
7.26271970430012,3.7828258275043,4.54344551568128,1
4.09739352880962,5.33853406218091,6.91878288747567,1
6.4902647587195,4.99608631508063,7.48666658988931,1
2.14959158695272,0.999682788482692,7.72890175979462,1
3.29988408744158,0.20569228973468,3.53809913860123,1
2.3963943504987,-0.78472784970116,1.67858470326406,1
5.53776034841759,2.02554673400957,1.37657351029648,1
2.33601059066681,-1.79627785478819,6.7460738335198,1
1.86073462830462,2.23548646241724,8.24653599645481,1
-0.880542854433535,-1.96756260998851,0.776941465585762,1
1.49848007532613,-0.317216749015487,4.66986220321972,1
2.1097752834041,0.424104404940623,3.93052530541078,1
2.94788042078982,3.86483780228051,7.55102095093199,1
3.17156467581909,4.06935461412178,3.15210879308954,1
0.930920020494404,1.48163272307037,3.5623507738724,1
4.5082862932769,3.19905053069888,3.6272077501653,1
-2.23401213854722,-2.72668223573514,3.85726155033162,1
4.07626152578813,1.96164617032577,9.72127505488755,1
0.437395545243983,2.55150906241621,7.32397580500515,1
3.05213422393797,-0.193035103733962,-0.254451788278623,1
4.02246675215551,4.35870665379029,5.81693490966813,1
2.99856910501267,3.98673143536748,4.47495212103996,1
0.618324546344821,-2.07762638219426,2.30985964540507,1
0.908494104360792,-1.26500292285449,8.65631232940224,1
7.72339313423977,6.01346937539091,6.63281910420304,1
-0.407403861234238,-1.06078407214696,1.07846599670024,1
-1.7458600721982,-2.27641572540205,0.466116003509756,1
4.08364165766005,4.41831310197438,3.89713038314539,1
3.74697055232346,2.81042021767202,3.00294104087112,1
0.580293867708869,0.0757232251883555,5.87287366367347,1
0.616154184922097,-0.563256021548938,3.44237112965861,1
-1.17690134923374,-1.1517498031577,1.89828626646099,1
2.16910265262153,0.528157372857571,6.80215780643727,1
0.292847036055596,-1.51136525501162,5.69600997606277,1
1.66294098310014,2.24855833450358,0.486170127022594,1
2.56811005553014,2.89426454251494,5.35473342286707,1
1.69056389299731,1.73369645108425,3.09486563925813,1
2.48257869432983,3.87316855258763,5.9257434612819,1
1.76524213572726,-1.83698937483377,3.01329309027954,1
3.76379491835039,0.782556661133645,2.58823315026014,1
4.98713123168893,-1.00009847856878,4.2785711471439,1
3.22163385518025,1.66932299117099,4.46602654996979,1
4.92546543893867,2.83506769411515,6.15981722115822,1
3.74825171625596,1.54253198737061,5.64496187249093,1
2.67592036822195,-0.0823799093682969,7.89843126301259,1
0.741128829907737,-1.09433991699695,1.40099871108304,1
1.82617694667634,1.82727377399728,6.77116859439826,1
2.88227096579704,2.7972700044214,3.29619648199739,1
4.28874244575883,1.35441527056005,4.37308179181703,1
4.73331680309553,1.5847991549245,3.3514287312105,1
4.89652648696077,1.72742392491945,4.47659914688673,1
1.65856426961976,2.61719688978383,4.12892573423056,1
-2.10300612592675,-4.68584600521675,1.13659213965543,1
5.9215316126866,2.87257730195947,2.08566379222332,1
3.26460589265462,2.47518015897076,5.03995971907398,1
4.09762306723425,2.75772614842177,4.40437049326531,1
1.06957442384681,-2.57073726764812,4.38754528738794,1
2.33199751873474,1.65728327823994,6.54857464908736,1
0.728483354721901,-2.35547219860277,7.26125161914862,1
1.08561804370516,0.134361826046983,5.0009188417612,1
3.37923251074401,3.73012841002887,7.34005066450202,1
4.01493432722842,0.75811889371056,3.7660858636442,1
3.20190263368846,1.01715338321448,0.879027673307859,1
-0.801234235894467,-2.47441404035316,-0.666914579700622,1
-1.76371652460649,-0.470514730604247,5.74094753544764,1
-0.0138616088228067,-2.54199367035633,-1.37238432574329,1
4.07028619570256,4.34699524024228,4.53066941577997,1
-2.88484957482093,-3.02256810141978,1.18820800522657,1
0.596359409346483,1.83328559156052,2.69430346644218,1
5.42837568950047,4.38677394950458,7.69915729698381,1
3.5226689511389,2.79736079244981,1.71298387070735,1
-2.04131355493869,-1.59304850203802,3.69812483260023,1
1.18176171717672,0.907465358989288,4.80708309848422,1
4.81492962849005,1.38519996373681,4.06064668472734,1
4.01062532121909,2.09053216002187,7.57698327423158,1
1.90659873548908,1.60508057355053,10.5496929370425,1
0.112238677934396,-1.79532895671361,0.390756270790116,1
3.52723399511903,3.64030130574087,4.31095846074933,1
3.18588647401294,0.979727953402577,5.21576505054301,1
5.62279662453411,2.74405311463021,1.42866776935328,1
4.1052116520928,-0.151773910221275,2.33480248815985,1
6.82788823788426,5.67952171053635,9.56393700009833,1
2.41661190541216,-0.352051995429469,-0.0823377243440895,1
1.01284262909294,-0.575106015942157,1.32534807901883,1
-2.07050338012823,-3.40368041653462,3.44788815875201,1
0.35131873647071,1.4366913968824,5.45228968743036,1
1.88610649101673,2.32048022084283,2.7672662093451,1
0.946960255517045,1.76255945305401,3.28675221405076,1
1.93043303868882,2.58608745345849,7.69159225740361,1
0.0437121758625625,0.77950304941794,3.6522694144682,1
1.5960075717234,0.889478966827576,3.46315231669333,1
1.4941748331901,3.35657968275497,0.521640463122942,1
-1.69259830060996,-1.47656586845176,0.373019626956793,1
1.07932560578647,1.79078162178171,3.20249217610761,1
3.590465306421,1.73650536838887,4.81054020141694,1
2.92078828636397,1.42688223403864,7.09497366294893,1
5.73734184578579,5.6278129118485,5.64632634805342,1
3.06674604665207,4.80004810647593,2.20293817052743,1
2.10471461739897,1.21235761944432,5.15502753694784,1
2.37729625458882,3.20038654071988,3.80494219416978,1
5.74759244033263,5.35965628058691,4.87225488853828,1
2.41740388205521,1.24220236686754,7.65750597739823,1
7.52184226673229,4.96552234321057,6.54873395645872,1
1.64764083779973,0.635636259418325,6.32569919486477,1
2.38098557471505,0.718389415455574,3.56864864465679,1
1.6230532350619,0.325760469237457,4.37853764731207,1
6.61626245410414,3.52952470085563,8.18602346091187,1
6.10904818709538,2.09956794529259,5.88709432409389,1
4.06258716708888,2.64102452008038,2.75687248218146,1
0.626180809477838,-1.46724457503641,0.94638045505206,1
5.40666310737846,2.83335670807369,0.45721361607281,1
1.56598822558352,0.514141458176113,6.27609142888723,1
2.95779947106424,2.15550754247089,3.11964174402494,1
-0.324380166138347,0.342811867851069,0.941445274401166,1
2.42286168596605,4.09689288451871,9.59897824833591,1
2.06456877178776,1.41013514240059,8.70933622408201,1
0.491089334314821,-0.356488380417176,1.56718100513095,1
-0.0558770238581747,-0.78251719225943,4.69846143507414,1
0.519603558257434,0.218249118434577,2.08510605510256,1
1.16825915982697,2.17508492251474,3.96841792221775,1
0.450824964635416,0.772107612003794,4.21779059641961,1
3.09998370740802,3.46533132688608,1.56009260111184,1
0.80333868686812,1.79261820731082,4.1043316535508,1
0.647831419198184,-0.57012694648387,1.95293800640833,1
2.86124087981316,3.79226730769516,7.24628475570404,1
0.76248826427787,-2.12880570884061,2.66829179202137,1
1.72980970745506,0.238365684453239,5.05189396759456,1
4.12437631168189,1.09260836969506,2.19259460810597,1
3.47960146332574,3.05703974446181,4.95794639188652,1
3.37831223245357,1.65800287397891,5.48021282225268,1
-0.1537472741381,-1.98029185778712,-1.02062702677036,1
1.66632615691491,-1.21736320689443,5.3203206064961,1
1.84640889663471,-2.48611391470547,4.96455571576676,1
3.08983410971331,1.24376994533916,3.07267309197397,1
2.95944768121136,1.31873773689469,4.81303616453024,1
0.587677668441019,1.37447722240866,2.39688202369831,1
2.72090597114096,-1.48663737389787,4.26920604339124,1
-1.47384183179514,-4.11707453892807,4.25697338185826,1
3.56875832111237,2.30027035743931,3.94941949066747,1
2.13837782616215,0.000749819432869225,-0.608583913969569,1
1.36605081924066,-0.424154307729585,0.911925419520167,1
4.15646330215883,2.34989555215277,2.3372916285846,1
-0.387917191335083,-0.0826524612508086,1.18009611758929,1
1.63373213079627,1.97346691183022,6.83890178789933,1
2.67986961964623,2.43053891061255,3.67213414343427,1
-0.618708895216043,-3.97049913420909,2.47394412365355,1
0.483268710729375,2.06293627055075,2.44376700629681,1
3.0570024153363,1.085578682372,5.14749016929943,1
3.23211592807533,3.26703192392488,3.90567604932825,1
3.46323221844049,3.52956571632951,1.48891781459382,1
2.73626339348027,1.56366166981509,2.07465272769428,1
3.13253501406122,2.18521856129708,7.10078948920456,1
3.32255986319208,-1.33289994786876,-1.05706349743856,1
-0.0509420425017524,1.71179348064896,3.20035120871419,1
2.66102965140455,-0.228620614490506,6.23821722963551,1
-2.11423204231903,-3.72940833327172,-0.300539199301044,1
2.62043616801792,0.970633266342907,3.62622667673039,1
2.64168729651153,1.03103350054219,7.02381190024699,1
5.70500829444431,5.37903294812513,8.33960915165651,1
0.744511084291462,0.660970933981826,6.55101644268051,1
3.31943746105939,-0.0487629300196715,7.06107821694694,1
4.41647857122412,1.40152671148236,4.54874783034973,1
5.09426226006276,3.5124930122215,7.22470388654264,1
3.9084407409106,3.34870626790993,8.14635858955817,1
-0.0929704873946493,1.2068880895549,2.77251163689476,1
6.10402729797235,4.65699843597824,8.15721944331963,1
3.91653603346506,0.530251877774934,6.73276916349262,1
-0.408530238285743,-2.57120374124838,3.57826672767012,1
7.3681749390338,1.24525809151678,5.67804182213409,1
3.42954836123296,2.10482655825877,4.58649697620417,1
-3.23810511433766,-1.68604917151084,6.09123310319437,1
0.972868698566652,2.61261685272163,4.08586430718974,1
1.15051000068712,0.397162923174053,4.10092652682916,1
1.49481576818062,-1.05869276886194,1.80081433794177,1
1.37068543643421,2.23833912623177,7.19154845339897,1
0.768579439396989,-2.13914814646573,6.16893346674148,1
-0.197053638554569,0.0880531685541911,-2.88858486185362,1
-0.46001280163057,-0.74385589012375,0.41465901088067,1
4.59222950803361,1.05889321264522,4.157871706457,1
-2.27801299349593,-1.27569840856801,8.13787552535363,1
-0.643282185698658,-1.78232120812351,2.40144630685007,1
-0.0970566650127682,-1.66268041906201,3.74565050825493,1
1.89375404630769,1.65503573215341,3.77537851262069,1
1.84314758285914,-0.804240710969907,1.79460201184239,1
3.81915279589056,2.49470153686437,5.36688642783651,1
1.4750551979392,-0.461602781777791,5.86678515100269,1
1.52042570823508,1.72548009070379,5.3541493812801,1
1.01307131038765,-0.877068882926847,-1.42292594802124,1
2.54973777850623,3.91418901960955,5.69613249885386,1
1.56280331044078,1.97385075223125,-0.231872789419142,1
1.70968894221428,-0.0435173636251658,4.50312676780529,1
1.87259099435955,-2.07470940330113,2.04571501159838,1
-0.311051567994202,-3.23146539357878,1.3278461517154,1
3.01958662429834,4.29945757402131,3.46490421507269,1
3.91883715391306,1.90339165200345,5.66796525655274,1
0.508989361156119,0.542871420158108,5.12782167685235,1
-0.432527991195262,-1.32067584558071,4.17853681262592,1
1.70553239000752,0.83080168803638,6.86304004067854,1
-0.315286208747992,-1.0845901867549,2.61816793065639,1
4.74016452706845,0.163927547995411,1.35066769969579,1
3.60737045256152,2.14998344023021,0.796066365348164,1
0.764869707785586,0.0580610430412807,6.26491571528127,1
0.0461938051429791,0.574495091238416,6.74620952037921,1
-1.71402162675512,-1.01535245500847,4.23543118677564,1
2.27433795148963,0.952454675768455,1.09348660624527,1
3.71477498446362,2.44270917234646,5.26798408906994,1
0.0966349381417069,0.0359195921326683,0.375675667913281,1
1.62423478050293,2.63848004979888,6.76990704838533,1
0.798333306311884,0.310064830096433,1.94511980458795,1
2.4048037436091,4.26494233844392,2.88521188314973,1
4.51003337796976,2.71757483834913,3.28114873239576,1
1.72904658172572,3.27180690421532,6.52196595369262,1
2.15211908230662,-0.0669221314408184,4.89112371022958,1
3.79594144424386,1.63209021988525,5.4907027563011,1
-0.359678647950939,1.94943003592991,5.03302116509869,1
1.30377172683528,-0.0890489757424302,4.0107397226394,1
4.41465631709791,2.98527049209237,6.94039681069591,1
0.234482161131439,-1.45346339228298,4.74902067248688,1
3.65847447584231,1.23678736931877,1.31936763625567,1
0.632159361500013,0.117845416940733,7.2242983737504,1
-0.877409458706849,-1.45777952041997,6.25145901959746,1
-0.909092452933046,-1.96414694226943,5.03542601872787,1
1.05519640068133,-0.26268636536737,0.0445579702498269,1
1.01479728731185,2.47574241998295,5.20350758407696,1
1.2488185006377,0.546358546078343,0.576056812428964,1
4.69205520685784,2.43519094507904,5.07715668823679,1
3.31725770589831,1.01259098133416,9.62229921574384,1
1.09964672208415,-0.981866224787884,3.90083893641114,1
0.814868935445971,-0.0372621543603964,4.46758158406228,1
4.64847422431087,1.20463127337982,3.69367955607873,1
2.48857167967106,1.32965724634351,6.7468068918054,1
4.03319575728832,0.449908572777312,6.08026489461196,1
4.34559981975083,1.56645253470125,4.20123152702533,1
2.86277991159553,0.546993205667944,3.68179248821473,1
1.49096178139997,-1.90453266285761,4.58381255645218,1
1.86992295177462,0.476393489147737,4.94422334349998,1
1.976076912867,-1.33233188018063,0.659473707289026,1
3.40282499757329,3.55343654307444,3.96281502955732,1
6.86722879050384,6.53848260595574,8.45998442679734,1
2.44907861912567,3.47110210471273,8.80040085534123,1
3.22525691617959,0.868917096907283,5.45348202876569,1
2.76272546031948,-1.5176989848303,0.960726458017439,1
2.11758341586517,2.03083548663805,3.80799621465664,1
2.24969206554573,0.251696784366148,7.16807653921272,1
0.146202167419843,0.202370719952784,5.48628695254313,1
-0.747372339438163,-0.562778565197536,4.39752836327129,1
-1.32844910960727,-1.57862542823519,-3.5139537871121,1
2.16743838309291,0.776544657199551,4.69012301690954,1
1.92421083610257,0.451966308072319,3.13127102060701,1
3.31535943738625,1.96275291079941,2.04414698792857,1
0.674339506999021,1.27169991378229,1.50137875478404,1
-0.649084049222287,-1.22791470656759,2.41856385315241,1
-3.8061517765017,-1.36138624338691,0.706256479767877,1
4.89100409834458,2.99717544824974,4.92276725988953,1
-2.90241398500689,-1.93245361981617,2.23613358026751,1
5.35954379681479,-0.424305492860064,4.65154653048898,1
5.63836241680118,1.78208673776928,1.24597533829045,1
5.00078198214853,4.56405547039461,7.28169136504843,1
-0.507350876095892,0.60471164985022,3.22217694177383,1
1.16460370153506,1.66687919469179,4.87489530779764,1
4.46855282493701,2.85249776848736,9.1828372221004,1
2.07746859828963,-2.32114244568071,1.95039381144169,1
5.52230236187621,5.30286683620929,4.22192708383206,1
0.789727056060921,2.04316436525156,0.638180995343711,1
2.19811373340081,1.64740972210264,1.98251635417182,1
0.713472583966495,-0.0488250102640448,3.74938926838291,1
-2.3573168109872,1.01521151802399,4.65436362056824,1
2.12674345187578,2.54459217487626,6.49901237171615,1
7.13663038613445,3.75770516500785,1.2173429245247,1
3.17142196813977,2.60657452918711,7.98928004040148,1
3.16983561522539,-0.55296995450804,6.06682564108756,1
3.20112727792246,0.723318966301844,6.23011187624017,1
5.24656375724255,2.36524208888627,4.9796253094674,1
2.96274630385248,1.16848177229707,6.3201154193227,1
2.38423507109214,0.575647449752504,5.22613235355535,1
1.56532742086616,2.32104852595773,4.48548409520222,1
1.83679169208234,0.0744693589705763,5.56373998788212,1
4.24084321516542,5.00185923910708,12.1958195087005,1
1.48654475358685,1.34853378977156,2.48359497561787,1
2.87760932533553,3.34412896515923,1.36186520360798,1
2.47919351668893,-0.925890744519452,0.0501829243396053,1
3.02870260902568,4.33348589775409,10.1908626518421,1
0.462193201832718,-2.06820312238361,-0.257465179256074,1
1.15918857896159,1.00270564593983,2.97916692890661,1
7.210520739997,2.99186919133131,3.60468719689062,1
3.51493192113435,0.902076287750625,3.68435119628232,1
4.08293334413428,2.4705232549011,5.41124664379245,1
4.38467728531538,5.61178275107023,8.76242716617447,1
2.98076180035698,-1.27115420715513,-2.1639151794157,1
4.93047496378724,4.2630460418376,4.1874115601459,1
1.86552702945848,-0.42414829127941,1.79560447671847,1
0.578979906442942,1.23258129780621,7.28197335562772,1
6.51617028761061,4.13872430037041,9.05466073092307,1
3.60966066187237,0.342551359185842,2.02972489218388,1
1.5505776471879,1.07139539005773,6.3976392330073,1
1.89228302466524,1.08662692672365,3.29774663176928,1
1.18144467018424,1.54672311567124,-1.01875114224289,1
1.34853448849729,0.682104491220876,6.84382633095621,1
5.6433896886131,1.38789847212671,-0.168475608017713,1
-0.842587093803522,-0.531254332093029,2.42308275053008,1
3.30080968545708,-0.319592465169773,3.31990012433818,1
1.24170369912596,1.46399300345419,-0.0060746257563169,1
6.67905566561834,2.37684723640315,5.99120064596571,1
1.37154980691052,2.30287952054238,8.9530278730434,1
-5.13084347280126,-1.93893340158856,2.00268992905819,1
1.50001111149007,1.66391529433814,4.1221060137197,1
0.509447214087343,0.316831318848933,2.96350761400084,1
4.09473472658508,3.76511573175389,7.89688352039361,1
1.76432277136144,0.562833239100127,5.19003145856101,1
6.58770500574367,7.6633195188234,3.92643932463951,1
-0.408550782076658,0.927108955404217,6.82380101732492,1
-0.033656410376854,0.614425744418481,2.13128047940272,1
1.76090642039334,1.42118713301197,7.83250804355396,1
0.260579049986312,-0.642757758619294,2.71956799009324,1
5.55479439984928,4.53726059230769,3.20228091002135,1
3.64981765548285,-0.273332582144446,5.80578968696131,1
0.761990122254084,-0.924210130270803,4.88134555579975,1
1.58041248629456,0.750757177800709,3.7793921988098,1
0.814202275388459,-1.51433079765193,4.11898206645981,1
0.0321314643109867,0.712664551951875,3.9923422741239,1
2.29778779501942,0.226398192710782,2.29490182155518,1
5.18603192807013,1.59172209505341,4.44555824266861,1
1.54350723055903,0.964183509738973,2.8752178218042,1
4.61131503242431,1.44794203623933,5.33102865334597,1
1.78995348198736,-0.597851207767075,3.65827664926955,1
-2.13530628954106,-3.64425604872783,5.62946400046019,1
-1.53317595313645,-2.14656011631162,1.37379006852292,1
3.45175777547432,2.08827981585674,3.34973861593335,1
-0.158331223861555,1.77097051080026,0.928412561010535,1
1.2163560527617,0.571891779751969,1.46141500082999,1
-0.445556413659232,-1.12105798652487,0.375564385116895,1
-4.52305947952333,-0.977231072278084,-1.65117437080083,1
0.626080659109677,0.228236250401139,10.7664912129073,1
1.32114414248045,1.17015759049646,3.89798622858619,1
3.07243700060128,0.982861193771935,4.12366256038944,1
0.276184446428283,0.815361812019786,4.9363457829009,1
-0.092071122986594,0.576193186347304,2.45264986270607,1
2.76870111036655,-0.451431874274302,8.06816400049153,1
4.56545478740921,3.31139600151736,5.41283005734472,1
4.92897836486245,3.10153219649192,6.07246198844807,1
0.790881985894996,-0.253489879321141,0.981800569157702,1
4.09280079836058,1.35681198252293,7.24856256327626,1
5.59220981264249,3.00767026303317,4.8935526371308,1
1.19407627403964,-0.119210700888579,3.16559404602517,1
0.69085102138243,4.04636342304985,3.98950779041672,1
4.46976530976186,2.46656392941488,8.02469822287287,1
-2.82197279220994,-2.51223655218311,2.08297411511348,1
3.12332629190195,2.30965355703987,1.66414365169862,1
4.34559057488506,1.71282911847721,7.63374681095443,1
2.52232454081545,3.46011878485267,3.93855174708284,1
0.897421886973635,1.05133914152676,6.14263621613541,1
-0.798192976250667,0.917514080703761,6.98790360099501,1
-1.39922522329652,-0.284757856479009,3.84526139866013,1
0.940137658372105,-0.212229782510473,3.47483231945697,1
9.42181907847881,4.61997638414713,5.69439266530275,1
-0.684586073653566,0.656367285348432,5.42062707480328,1
0.0553307680476438,0.168338189661011,5.36470166866972,1
-0.647377266210155,-1.82114553019423,3.63630016630437,1
1.79867931601821,2.22468991876607,0.292486834277351,1
4.53805490148249,1.01218442205962,-0.150352302481542,1
3.96711691724268,4.86466455478756,6.28466927597093,1
4.88639365313674,0.809022563079128,5.25260533872907,1
3.864773356006,1.01464555600262,5.68368899639593,1
2.24829330988379,0.633523444359567,5.82061103099163,1
6.14548225057236,2.92876374026493,6.23549762980769,1
3.78169172497281,1.42058369904839,5.56617469228587,1
-3.65829783916028,0.54053600257104,4.17598423916763,1
1.93428781940051,5.04046482966976,9.54634377268052,1
0.243979939161079,-0.601375973427663,3.11753142260488,1
6.02244906630824,3.81671236072032,1.38365613119959,1
2.00644241386855,0.721609628566025,5.24652563214299,1
-1.63332520301209,-1.04525510067765,1.84101981658759,1
-0.681996691732101,-0.838509357180164,7.21870369086005,1
0.0749836778985995,0.0244572483274609,1.96258411857756,1
1.70602360364901,2.08995545797263,3.76068570006891,1
3.38060545972945,1.51564313244365,7.12283332807732,1
3.61539206899521,2.806804659662,4.17112151754035,1
-0.962930558522741,-1.98666539624774,-1.90069002088164,1
4.07937463263399,4.18252956001169,8.0535463667583,1
1.63230938523915,0.215909552077937,4.19594521160178,1
2.49949961702442,2.10699860737119,0.108926849786244,1
1.76560093324214,1.56204261715451,5.94564296995228,1
3.25769362573478,1.8342028688641,5.99396690025745,1
2.07940813802881,0.567823921972052,2.41232333074237,1
-2.21462657443674,-1.62195274018293,2.10057175280839,1
4.17732884034988,1.61141220487343,4.31841716463864,1
-0.682866182886137,1.32807715309872,-0.753076344279632,1
6.11598906986932,2.8998182165183,6.4944164249095,1
4.4877831401297,3.45522660499089,7.74660491016216,1
1.48774382563048,-2.13866338721816,3.67813081850245,1
1.377459053546,-0.207073166087911,6.26661832603304,1
7.51494293772853,6.49514868230883,7.08146240428184,1
3.25166224634834,-1.18584069891484,1.90514617985729,1
0.375412722277536,0.474007822173851,6.27367931645616,1
5.25198432892963,3.15625334173922,8.11604497926337,1
4.02856584961114,-0.662889193471526,8.61694428292368,1
7.05554373588339,2.81483972178087,8.64603968382706,1
3.18081426173952,1.34667641505418,2.87119709750973,1
1.98726547312249,0.361447589761411,4.01207007177667,1
3.34039127386389,1.23528976016731,1.88538851004005,1
1.28795368158333,1.90602722970322,-0.173674941623481,1
0.872904494334534,-0.304494958481663,5.03637022506402,1
-1.81322586770001,-0.170704455149695,0.853336896918087,1
1.12407027696499,0.757702264324011,1.33437181541484,1
3.15505583445041,0.0282167956817292,5.54284220432099,1
2.00113790317474,-2.1717289914286,4.59128144919209,1
0.270292014821505,-0.641070082509058,1.56484277797092,1
6.53847505100814,4.47021888145973,8.23417250797923,1
2.50352323942949,-2.23327914656307,7.10588640661569,1
0.0370710167518662,-3.05728757976263,5.7747344589005,1
-2.38738249540311,-1.54684841081497,5.5147541039368,1
3.5405810230177,5.00997185712606,6.39362286311338,1
1.56089183926037,0.094318706245607,2.78785902566837,1
3.86594545873189,0.860109835596999,9.9290134463415,1
-1.47232141744718,-0.478505538701394,8.49463088560459,1
0.318283038895573,1.4950195198819,4.09735078958005,1
0.420250383274937,-0.942709286410113,4.03367911326887,1
-1.86730830737897,0.971887602050139,-0.818096358096948,1
4.1320538711359,0.163034975131401,3.58580762341258,1
1.76136539697057,-0.844048348254346,8.48313508462373,1
2.72857458814186,-2.06789052206938,0.942975524148853,1
0.926131501876934,2.98216843820497,3.58446103730737,1
0.352371214974356,-0.629598746978995,2.5320915362835,1
5.6686467380967,3.58418821920428,1.58626991262332,1
5.0467113532027,-0.205358981286447,2.53514062975721,1
-0.192213716016625,-1.62388683483321,-1.16748614164361,1
2.91807357506861,1.46652277720861,3.22006070675132,1
3.43075312448148,0.910390698643511,2.99063559211335,1
2.3314132162228,-0.665690987737181,0.350145689038047,1
0.330450944265456,-0.839890538339502,5.66074862711785,1
2.1298498985105,1.66041895139795,5.07044623692765,1
4.35376091094268,5.25982187302887,9.15848682681213,1
-3.03682709598807,-0.965071556645844,5.8943817353815,1
2.37280756842664,1.67405602503691,3.28258224048087,1
2.5109518821226,1.34483735168302,3.1083595666709,1
-0.641320535595813,-1.83292651497484,3.63988837264597,1
1.25587873795197,1.59835992391929,3.79601688717471,1
2.68855887164738,1.40209569761171,3.82820248574022,1
6.89666943229513,2.58004072906393,2.68654490979498,1
4.3598964166663,1.5489876694525,5.31994565734043,1
0.309418398340092,1.14446059494146,2.10554460357521,1
3.4468541736376,2.06680999894259,2.62167805193456,1
-0.4566549593805,-2.67959524292325,3.19139352910471,1
6.95609816841984,1.71163119500292,1.91447488623271,1
1.86644668992922,-0.556846793128644,-0.772323483262327,1
3.15944019353892,1.91301475449554,2.86694206685963,1
-0.48575334008619,-1.10957975608572,-0.133495022072105,1
2.00758786770664,-0.485564736073761,5.18903551410442,1
6.9947890159001,2.56571206363831,5.18331949099293,1
2.45489870016244,2.94432611376531,4.67699999822341,1
4.0920564324846,3.52092828460713,3.4054230300627,1
-1.00979945642568,-0.137723074938186,1.61341219338656,1
5.0547027479959,2.99314633097491,4.09067304852279,1
6.12966645973391,0.14454799553324,6.71882331737373,1
1.22672365978842,1.06934171881888,-0.675980682378019,1
4.95561820346097,2.90096459291989,9.42089915908929,1
0.399566651511754,0.963845633686743,1.27489443296756,1
1.40397185132859,0.176681823071324,3.08836277209077,1
2.54829116564961,2.00752418653456,2.10688161358983,1
3.44778194916964,2.32087924504844,6.02777256077248,1
2.6447853909594,0.962323422436909,5.29843995046403,1
2.0749333182986,-1.54372452259461,3.86186052646414,1
-1.49742913548411,-0.373473438328455,-1.73829860080675,1
-0.110430016917421,1.11285928483685,4.05728145876417,1
3.93961469458334,4.24870209422949,9.17101889801799,1
5.75036916718968,0.0718674407509505,1.96423942300116,1
3.20927496984121,1.83852337967722,2.12990623145847,1
3.19676754014538,4.3358218132702,6.19069752087912,1
0.971511439325432,2.09643145999389,5.46604543361029,1
2.55893571520333,-1.80141795973337,2.2563360737778,1
2.53123928935703,0.489479720932575,5.09354556348707,1
4.10778076438273,2.77831593322314,4.96011356810561,1
-2.37717434627261,-2.91070552333834,3.15140551097921,1
3.58058265885337,4.26865821205645,-0.723733951435848,1
2.47638797754277,-0.300726987900027,4.53635361228744,1
4.67841805390897,3.7093381340188,5.96475462909155,1
-0.0739123359654359,-4.0612689775633,-1.77473448819062,1
-2.37753363449655,-1.4118886137741,0.0284109105852832,1
4.21485806869529,2.70205889122367,6.93332378250581,1
-0.122604105011914,-0.927414480114022,3.19705994178728,1
4.65671939530881,3.7768526591615,1.81082909644873,1
5.88863020100204,2.84123132094595,3.57019152028742,1
1.96995734398609,1.44126643894538,5.73255248668799,1
2.25587930723579,0.443050230007269,6.10827965656643,1
1.44902485357693,-3.09564324908242,2.88955313538494,1
1.56316095519428,1.14813063544655,2.39726638484019,1
1.00309043826778,-2.95639896521278,1.25753444839807,1
0.000376767490183338,-2.36701461276699,1.40669118857317,1
-0.0285594417335213,-1.27912887566571,-0.374670008796203,1
1.0018463904123,3.76535132696961,3.80315381710332,1
3.0894737141984,2.69515931641833,5.95178226341756,1
3.9299690342512,3.78379852700772,7.16204688798572,1
1.82883967064031,0.287357887276056,1.98415591399933,1
0.840938814185674,0.97381685114477,0.530574507592926,1
-2.24774062193957,-1.41977770755554,5.70234074665221,1
-0.049556418495035,-1.21569206617761,3.24112691053378,1
7.28951427485193,3.21090677108452,8.39794662283563,1
0.641390215700631,-0.622041327066903,3.36450664161019,1
2.82769915181101,0.802632803949522,5.71401503451244,1
-2.41266625735805,0.686908504180457,3.17662745154562,1
0.703097374548767,2.8044708083328,2.65809626705028,1
3.31483613112079,3.20013389251557,3.32687266087857,1
3.28646648394824,1.68247727477934,7.19284314693699,1
3.01482383418871,2.68701800362623,6.84327911849839,1
3.09390751124909,2.51543358634435,4.48213356278468,1
-1.57898448240026,-0.537566105597771,5.17674967196538,1
0.418325764198741,-1.62568921056701,4.00486800260505,1
4.28738048904127,0.668950132410291,6.56940947098196,1
2.38643090870273,0.923426403545253,5.32186021992606,1
2.40528422834017,1.11443814675448,4.36858252104222,1
3.05756839547798,1.32509612308885,8.74052079226394,1
0.206776079847039,-3.50926415465467,-0.954741472430672,1
5.35477484697936,3.9014172945388,7.34307717040902,1
0.609095751387776,0.0474265010304361,4.96103250043085,1
1.6353393210437,-0.475316254883777,6.89015471610925,1
1.08585371967225,-0.45133805964517,5.64013207502742,1
3.98085699395027,1.43868310223026,3.17335177153296,1
3.62932852259854,3.25853506018604,3.04859215807348,1
-1.46602828418555,-1.76540154272062,4.28139179374832,1
2.3837787597108,4.74357892286139,9.46497486686373,1
-1.20170998530804,-1.65035119027928,3.83995685927346,1
-0.661649594232392,0.264061685573507,1.77436444635572,1
3.77034112518109,2.72170906002618,6.69410861830208,1
7.41364217418507,3.60322957917586,4.37021450007254,1
4.14668902556058,2.46889349201831,3.82143974459686,1
0.129554511167335,1.83421647738164,4.29529816407158,1
0.781012140225612,-0.103219703490343,2.35598871400792,1
5.5963867867498,2.57915371413695,4.12811272590015,1
3.12150022875736,2.69953118672216,6.74691448548763,1
4.88259675373606,2.14666501283492,-2.2164412402018,1
-0.504398789227376,-2.10903592431927,0.236274126997205,1
-0.630468425547785,1.27165834701674,9.92316992795423,1
0.132587445463602,0.812499360702424,2.69474670098239,1
1.52762878623432,0.376847225671222,1.13014942548844,1
0.659591966670523,0.172446073636778,2.36838455507905,1
2.96737422365515,0.520066160087168,7.67019959935187,1
2.30252038132076,2.5696107880685,3.54133447413568,1
0.243797133783076,-1.04730224699031,2.37456081906328,1
0.353765953388238,-2.12468584578997,4.59922861277054,1
4.82750127555885,-0.0993159768815837,0.47392329861592,1
0.432526247469507,-1.52335082775054,0.651086310171864,1
0.161864335741605,-1.69184060901261,4.70582293322326,1
-1.9990223562659,-1.63734535524042,8.23045889897106,1
-1.2914336987629,0.538811473430182,4.42484299325679,1
3.77571678840785,-0.966006559796705,4.5783115036362,1
-1.21500705170055,1.0801656568762,2.89852478201372,1
3.53550632396809,1.53023498209962,8.76374121406775,1
1.4823601811923,1.97671459496318,6.87077011332237,1
3.73172496335896,1.42648430138487,6.95155519428124,1
1.98921080029247,1.73778853510187,5.08296434945254,1
-0.875580401418668,-0.793499184821329,0.594704214934629,1
3.64330432986396,3.06602229267676,7.97925035860546,1
2.55886131939813,0.946307561803083,7.51990400289174,1
2.80684644004308,1.40193245231041,9.11883266506766,1
1.83694491126882,1.08779762234841,4.80703498796179,1
2.66575765440742,0.459576697370625,4.15650856898949,1
2.94444196704523,2.05482693245433,4.98099451517607,1
3.22111783364397,2.85026790097619,3.34476760423394,1
0.831275553510938,1.54345634558776,6.88955055943629,1
3.56917953080432,3.47063342639169,5.62315341082795,1
1.99431265289674,0.167847161063679,5.10166041019459,1
3.92089622958262,-0.643457154082818,3.10265169603544,1
-1.44515479863084,-1.01888611701844,3.58726105577042,1
4.13081489439083,1.41471957002223,4.14217919685135,1
2.26025821252917,-1.10523226995418,6.00754219834288,1
5.14090823799467,1.45196654090797,5.5402067070888,1
2.85974521652288,-0.280239544009352,7.11630660929965,1
3.0292131702179,3.80023205379037,2.04530802947828,1
3.34246741580752,-0.0632823526553099,5.67252792698671,1
-0.675883197536447,1.19671189080762,5.91399421249358,1
4.99743524844865,2.07054817856292,5.27590917666042,1
0.659307651368046,0.35042104434305,5.6045200710317,1
-0.0247176201403221,-1.01577444031274,2.04758233360039,1
2.45846166796093,-0.684441759558796,5.39916099498595,1
4.56532797046441,0.50569783682141,8.78699677253769,1
0.555360659403985,0.546703061100233,5.03058293874361,1
3.80038351787661,2.4790655201563,7.80486833106795,1
-0.654386765779468,-0.761232379103217,5.25238983347942,1
-0.110696438802845,0.487473637257524,3.68469752867039,1
2.60956221439849,0.513540377645928,4.06981733381789,1
1.83409279544054,-0.348204611952398,5.26828719624817,1
3.99001542269604,2.73367266210951,1.60840678792568,1
1.41084404325913,-1.53358357059066,3.66418060038854,1
4.98955325028756,3.49935212767235,-0.672555116609126,1
1.74362534479466,1.38939690530217,6.7235822683757,1
2.83906386993787,1.59743554879393,0.188967263753667,1
2.00450570830261,-1.99979472023128,4.8863818113343,1
1.90386099220575,0.542243191116028,1.78162490987286,1
2.31427927781625,-0.672802319948279,-1.12942273652443,1
5.77362910923164,2.29088127371957,5.66911805372682,1
4.01554785198505,2.25251277612715,4.56468709431728,1
5.2738828530864,0.748752420395586,2.15108791822637,1
-0.00646265499730569,1.30168593838366,1.38821378323167,1
3.30452951524149,0.932698593380199,1.39006580253603,1
3.84123970121151,1.4499777548238,9.37262026464213,1
3.22405674774649,3.52007564740877,8.06027191665141,1
3.0911111313217,-1.53808617044735,1.52749447157449,1
0.455054305072235,0.0986449868225872,1.87389071025925,1
-0.649964676338882,2.06104289869871,0.0634290515640297,1
9.28543633956147,6.46575445564399,5.62332017673246,1
1.89363489070117,1.95283413312087,8.62463394327629,1
3.00922781331724,3.68217375189945,-0.56157745800185,1
3.95151809328612,3.43925587980095,3.79544157273464,1
0.500887349253379,-0.547578244886366,3.56793989019911,1
-1.42934625750763,0.999479175238364,1.48708360682044,1
-1.69727337109197,-0.214632093294206,3.37825991125014,1
4.31099844775629,1.63007333329256,3.45340273789712,1
1.27137150880943,0.775975052707329,1.18733517834539,1
2.07512986750022,0.679562442303833,3.25152151828541,1
4.6837378978224,3.00410774328638,4.9788183536246,1
-1.75062021143154,-4.24961260091801,7.24907711911847,1
1.31447502661053,-2.69749362932837,0.322325091491522,1
-1.15713164313639,1.44505853435139,5.63328053803179,1
3.32707085781501,1.13241815002428,1.18919044400007,1
-0.406273461278838,-1.82037173389837,-0.775460525593891,1
5.0810685539517,4.09544376177161,7.7714480347157,1
2.35568462653493,0.0180909874689238,2.43724158515159,1
0.221453079920535,-0.923669394822051,4.60885318739721,1
1.36756321951962,0.298721373998185,-0.284833846446293,1
-0.490362836753314,-3.52252330289675,-2.13261017187758,1
2.47561210247221,2.45915184864745,7.39302997902641,1
4.04977299940716,1.70468543623273,8.79318252003126,1
0.335930442852712,-1.13101651733902,4.9562917622929,1
4.34456352578621,2.92738536143271,3.5473941235704,1
1.16882288768235,0.596910470619433,-1.8267470893789,1
0.260221293766187,-0.229699091401156,3.16925781555881,1
2.02197497432617,0.783682827011992,6.06400455731709,1
2.89536529777696,3.41829746059452,2.77923114125123,1
-1.58669856242,-1.74775451623112,-1.1539537223253,1
1.66948215036765,2.45063956866654,4.16891791767932,1
0.204715183663627,0.790575953611155,4.86159136781774,1
3.57895665084574,2.82471019018664,6.08765031084057,1
-0.337298407007419,0.0835363836375574,0.394816312682075,1
-1.9867395751146,-1.00545193798626,4.3203702923015,1
-2.17038371127899,-3.76394692163618,1.50255364143253,1
3.08055643659564,1.64031200680433,6.82406892208342,1
5.63210697767517,-0.347028306068517,4.365743641895,1
2.54873867215899,-0.642273260554025,2.19211517714695,1
6.59703541376278,6.31589514714222,8.89804450044625,1
2.87800440500741,1.66649968874353,6.05714808593779,1
4.73248014019085,2.07069701191488,7.50491968932283,1
6.37954817878288,4.65937470757033,6.17124152813562,1
-0.357105185649221,2.52713246899918,3.07177351532221,1
2.85686612983775,1.2990904311121,8.45205835696465,1
-1.27708552392953,1.46593868781578,4.69404093960744,1
0.865423398131419,-1.28004827173051,1.27853201182935,1
1.34910485339626,1.01751362869598,3.95145366861105,1
3.46709222134052,3.68821104748909,4.74032263450864,1
2.89624377828622,1.71780944406617,3.68124199794032,1
0.559673360089816,0.973776518830492,5.42002137411902,1
4.67312344243655,2.54811033622714,8.19381332589847,1
3.60346050772531,1.74175577315557,3.15457532357268,1
1.54141486132982,0.977387438606682,4.42743888331587,1
4.33715534817646,4.68685120270497,6.10386900722428,1
-1.69361923354206,0.607404720183694,7.45887801701876,1
-1.58957008584382,-0.0296443532236217,1.86509653951013,1
1.33450357563854,3.41331855765274,2.84905568330251,1
1.25892452231341,1.81141063018979,-0.937436292352292,1
4.0857509170018,1.77406083775335,2.71704918863421,1
1.14097765831049,-0.319619537575839,1.50161503830976,1
2.13933470575343,2.10025350569945,5.34048248754504,1
1.45964448241923,1.74817358408371,6.0090834227705,1
1.08056368764986,2.68529073676347,4.72282549510459,1
2.980968011681,1.16910341034869,2.18957733340241,1
6.75197370324581,6.73690115689983,9.92055411086398,1
0.25998468290523,0.769857667678789,6.44128855226336,1
-2.17657602652125,-0.221863955129947,-0.119618454620966,1
6.10829099931873,3.53472226342288,2.16446130391337,1
5.33742753354808,2.78622766065481,3.53865536801139,1
1.00181446194798,0.857496728772029,1.98374359288806,1
0.266306764923853,-0.427714754656164,0.893237416358358,1
0.887090060656824,-1.81298072386059,5.65827148008386,1
4.13434714845606,3.48909299612293,4.50328424068218,1
0.82972782271877,0.537209307546324,1.50181287852223,1
3.26586499003409,2.69525137929761,4.69964300870187,1
3.28733775909277,1.33129902870921,2.77833523259935,1
0.464438279710099,-1.95357746243028,2.89732765022581,1
1.40252320908141,1.40137242370113,6.36585381070548,1
1.69237840806848,1.73498597702076,0.832512103256525,1
2.41138243678458,0.424625849513108,2.11587566092032,1
-2.35754200461283,-0.243900476146487,3.81303814790824,1
1.79108651552736,0.765052503110561,1.73848024772362,1
4.12341798111992,3.94332350389916,3.24318473665045,1
2.33394678744416,1.86940475083949,1.53149402396984,1
0.00495746593169599,-1.25267756549853,-0.683290990520947,1
-1.75744172611054,-1.44379906215416,3.98232637616956,1
0.114475650190203,1.54508915953402,2.30141836745278,1
2.18646385290004,1.05771881344645,-0.118198521567074,1
-0.846804407889008,0.0964740298697607,3.12081498306847,1
3.86250243033125,0.499501107277705,4.96473352542878,1
3.09387762700027,-0.100672327197974,5.92180994412234,1
2.34342622071537,1.28017264959381,-1.20832971664069,1
4.44804938895312,0.0422288518532959,2.27835386962761,1
1.30513118965378,3.66449790662991,3.13698706785666,1
5.73379710174252,2.05322305204416,8.64290466647449,1
3.89758311947068,-0.0477130049676333,1.49925345893947,1
5.09151413096526,3.6689655272354,-0.28941680929332,1
-0.915632888050037,-3.34280427946215,1.16669310728834,1
4.40047123157801,0.369485049714899,4.64412024844751,1
2.65911455295607,-0.0455136714322477,4.49539107646682,1
1.52148315471762,4.25245730264561,8.92274588594474,1
1.36567485561657,1.78303565286647,6.33933576112385,1
4.68026897135364,1.92686387660817,5.6180086682601,1
-1.95967483521304,-2.69411465643566,-0.327753274036517,1
0.978489989776101,0.521956384786548,8.59896104747199,1
1.72454477591263,0.42745520370264,-0.258243947582254,1
4.11876003502425,0.0528155236683897,3.17841846488528,1
-1.52657896714711,1.44044857252303,1.68410627406831,1
3.36276614340297,0.732633171199876,5.49288787200432,1
-2.18229331728595,-2.3330740599946,2.84306561266041,1
4.10062200049481,3.89664383092143,9.5771830044407,1
1.09041367671753,2.57620977123779,7.25433369118026,1
0.937032720791619,0.610443951842295,5.69183420903512,1
3.31143771745091,1.91306816358408,3.14783963708328,1
1.24200635122427,-1.92093560057374,3.56626951697722,1
0.517606732511344,-0.708463307072376,1.9380597206189,1
1.50220640837899,-1.31128138452984,1.2247418224504,1
3.37733062321514,0.659869494662846,8.33991329334826,1
6.13180191593506,3.85142381624256,4.47337552944699,1
3.96403126043393,2.44867345932423,2.7221952436498,1
1.52967001735489,3.93563564375512,5.62724669300021,1
-2.13411056008589,-2.95003906495378,5.14950016212769,1
3.42385052264462,-1.51218932842536,3.36392542971382,1
3.09566267481051,2.63079154386665,7.27456448743476,1
0.707021900510728,1.56596018723207,7.47347428014001,1
5.14168913957917,3.16517476780391,5.81690300321269,1
0.453752230809974,2.93259845482263,5.65218364694494,1
2.73846716770025,3.74627795889291,9.35389263753009,1
6.46592875485166,4.67589475213924,3.64286353014694,1
0.489404987968998,1.40812828552415,5.54224039780326,1
3.34282017164735,3.61779104163137,8.15866741842776,1
2.35127319684145,3.20469974996518,7.76821978120819,1
2.80840334959524,3.25547052461547,2.80993304053081,1
-0.102712967897977,1.46355951434636,3.09309776165144,1
-0.132659302589874,-0.204482118571338,4.41371448692043,1
2.57678083414853,3.73620857955261,9.44960163906995,1
2.15092959306788,3.22267403648961,6.14339761453453,1
3.78962139221465,-0.00467779103207233,5.4844073720764,1
2.27759984347537,-1.49415692153524,2.17098862933082,1
5.34814890494,2.71028162094797,3.52915569302878,1
4.03464588851913,1.98375499975173,5.1115503609549,1
1.27286693345766,0.691778713718185,3.89453081841222,1
6.68466680211241,0.819537799717578,4.62787888254665,1
-0.746724040984276,-3.0620689795272,0.500484467209883,1
2.451516937714,0.0389330830201564,5.36688358134147,1
2.05195952609625,1.12323010677618,6.44910459566453,1
4.55071129725271,1.83329729712204,5.82916728153007,1
0.118214311668318,-2.59344121601618,1.28704705418092,1
1.75841648405934,0.642247249154702,2.22797699536976,1
4.6786892843246,1.43529168421928,7.69601323125215,1
1.350637314441,1.07694533743919,4.82530192010903,1
2.37326417142969,0.830283867667508,2.61426267707731,1
2.10863670173308,2.94398035893033,4.41982044213926,1
1.32110514289158,-1.36625101193251,4.76266264005838,1
-0.8118783451242,-1.61514245723072,4.72008211704408,1
3.34187411006114,-2.57867893506865,4.14236627367461,1
2.83734659480225,1.22217908123067,3.78515794727956,1
2.7108424182225,2.28796729390549,5.19109733282322,1
-0.249548154143292,-0.316477830838184,4.69758814808381,1
0.539279073362549,0.227477414462282,3.71304976146799,1
0.175295225458504,-0.879039047478195,0.980155338130135,1
1.81479294392239,1.38686530909731,3.63988165036513,1
0.863983192061605,2.05687385877693,7.67547100521453,1
3.17256885452683,1.40741781843479,2.91437132090108,1
5.27490473602393,4.27455039298836,7.57462291100948,1
0.121513985737816,1.93230735078835,1.98063578855883,1
3.7016586894728,5.39735656129155,5.2792221828115,1
4.25214215813704,1.92072672491774,6.23561401417273,1
3.40822017732809,0.282906655191431,3.41532858269352,1
6.89304095290085,2.89271745319309,8.09994462730772,1
3.64379912493467,1.47017462289575,0.868390308850886,1
4.69698959087393,3.55113251074546,7.52193536477502,1
4.8294107915112,-0.5629545815811,3.81818268116747,1
-1.73677762907132,-2.45242127574832,1.30473475806288,1
5.76923606805919,1.43418337953414,5.62441600538128,1
3.56477038798476,0.431817293592535,2.48224558922789,1
1.8866728788062,1.39166793546135,6.79099011061956,1
4.75946185237923,0.599786517725879,0.769141256261372,1
-0.591399194512512,-0.640825748801148,1.87101041522717,1
2.44726026289104,1.20828652602012,7.44842489617755,1
5.62266315130703,5.47547139457203,10.6546876864538,1
1.18473407631483,0.00193422270059496,8.6175795190026,1
2.4776044228465,0.954526251075142,2.40017456064796,1
-4.22523264400891,-4.03709940896604,1.12024284148881,1
4.83378769066585,2.63999450605891,4.04760544195835,1
-0.863795310861197,0.475860542832354,6.8832443225666,1
2.07833434018661,2.13285803524406,5.62200347046777,1
1.12689826985571,0.590435898681426,5.80109481205239,1
0.376670811293958,-1.07104535173405,1.69719902736163,1
1.40356498919179,3.35841902093987,2.27139594750948,1
2.60315003439707,1.73742907862188,4.98079296621472,1
3.99863894710373,0.821169230693869,3.53892502744243,1
3.89768462240427,1.14140177072594,6.39958131680178,1
5.6745142739786,3.4760947997134,6.56279590702688,1
1.66558389365445,-1.40101513158086,4.04019961867435,1
-0.964993805707552,0.198144660569463,3.13611217223858,1
2.95092491661466,0.606723207387705,4.64357637191875,1
2.51183689026361,0.36021438958539,4.0738500529776,1
-0.554996213928254,-0.983365358158875,-3.91593197152015,1
1.67150520376873,-0.293552366056696,11.0472651681865,1
1.5049917373901,-0.182797456514388,7.19214241150611,1
-1.05156732722706,0.526041737484116,3.50476239580644,1
4.24814840333396,1.90896892920246,6.23137946112918,1
1.93841567384473,3.64530469975551,8.3744277529212,1
-2.68518866710691,-3.07605889718033,4.25826146967819,1
2.80349432440231,1.47036776831969,1.72318482419727,1
0.273674757199855,1.628368079678,7.24681002244493,1
0.739711607316068,2.93913962767276,8.9874358921117,1
3.85746808663975,2.44118179351711,7.36235494733614,1
2.47856252227949,2.34145384837563,6.28985680857681,1
5.36458472811043,5.39482194321339,3.84764121644943,1
2.98343685278227,2.09298987546267,3.53437883504679,1
0.728780523521309,-0.7901399863525,3.62873187270688,1
2.3192837645214,2.12774274259349,6.22707660408569,1
4.24313949486912,1.59180336459608,6.91099485405031,1
1.95969840368675,1.05228130262204,5.14094462458437,1
-0.321996640448602,0.392012280505777,1.64101156206108,1
2.61517656246257,1.65777715771667,2.5672168197181,1
3.25017798109614,4.38018651084287,2.88733058955375,1
2.92513663529761,4.0072450737635,7.01766591906706,1
-0.873862604813835,-0.00890185637004404,0.646146323501229,1
0.416106403631343,1.16368063797824,7.3832892012595,1
1.24080708126103,1.52028501211957,-0.153150996159215,1
0.457295690046483,-1.14704009629535,5.00335668241568,1
0.357156568305748,0.461822764644466,2.86673505242054,1
0.588962598116677,0.129049352295013,-1.44372034805316,1
-0.175448680184545,-1.46221427836261,-2.10314899460253,1
7.65848509153982,4.04460732578717,6.61138061557813,1
2.46537692992444,0.448355057302801,-0.617970294276769,1
2.80954470513082,2.80392123937368,0.829810313658879,1
2.58979359965877,1.2018191371398,10.5855891466754,1
1.84009564105076,0.555610804609536,6.30403278865926,1
4.22293351711419,3.25315341380416,4.61239218397846,1
1.66857301473323,0.355721173409586,8.43052784167106,1
6.94990082021197,5.65010505803088,4.83850420549107,1
-0.659086003583111,-0.441260974169666,3.99310070085215,1
0.803526795824535,0.797995633824998,4.49350693837183,1
0.624435540454887,2.8727959601886,5.98815219845319,1
1.43394105671483,0.543764482367938,-0.116243283824448,1
5.52004317039392,2.65380064967015,3.85205132659455,1
-0.998167706575299,-1.67518574781416,1.76572836284422,1
-0.175042324093579,2.07752191896387,5.03700600610584,1
0.115755823354702,1.03320085858147,5.33440810286744,1
4.06286730266937,-0.0066070228959374,4.82986817236225,1
0.42793423090007,-0.842344322093838,8.75489761897479,1
-0.128264561925329,-0.849050554948399,3.03940471733014,1
0.277323270349626,-3.96003900515693,1.56027789479336,1
2.28362957836389,0.94332929597765,5.36617310951284,1
-0.41946857996024,-1.36843854578002,0.340199331688595,1
2.49248115420943,-0.333196934335357,4.32509664208039,1
-0.346034723909583,0.676938811832111,2.02586583999196,1
1.68226406067997,-2.27943995852155,1.03838561401506,1
4.50028006018164,5.19556127052857,9.3778858571238,1
0.319692416225301,-3.27699790065476,-1.26212180571039,1
1.41025404326033,0.795363479132861,1.7696210401683,1
-1.46822394911804,0.81033647354992,5.54495153098454,1
2.67495942996976,0.947566379493808,5.79544525833967,1
4.53976776776146,2.53849761923559,5.41209097785975,1
0.182585312669016,2.06888176656625,0.0539770703550086,1
1.71966254638386,1.32065587340379,9.41049402565002,1
2.01610666673218,2.08829848003464,2.71763820205364,1
4.75229131006133,3.23077559806096,2.68588862097271,1
3.94731672872014,2.77734054738653,3.5687329185725,1
0.283972147600107,0.35099185621871,7.05581164059264,1
1.63303273606228,-0.505774037923927,7.43575806739448,1
2.1018969135342,0.333683368164489,0.661801562931428,1
1.61801699446709,-0.679402320122269,6.95835047907493,1
1.50334574392763,1.68216252098531,3.20622763533165,1
2.26113853118547,-0.285021579368071,1.127833526265,1
2.25923308660085,2.26863001219645,3.3987972302941,1
2.94231333127055,-0.614069634395024,3.98810437662732,1
1.09575798313527,-2.87829234428763,6.4995571359859,1
1.37409334568812,-0.438336074961287,3.56732235973505,1
2.25333739673336,-0.818360281413972,4.74412803249048,1
0.29692466487969,0.0945727843737375,7.73601730118965,1
4.03628663129636,1.37640396243949,3.05521830200366,1
7.70423552314783,2.06268081200951,4.21979691772198,1
5.40146899720606,4.30702577520412,8.84794269478525,1
-2.41995585512753,-2.76699045092154,1.91308787672696,1
1.68559398853804,2.70743706686451,3.40133412757579,1
3.30698604081901,0.393121472894226,2.94046843109649,1
1.01248554203627,1.68810269266462,2.53594215536653,1
1.73909762726742,1.23095207033034,1.71737523780351,1
1.3067395018905,2.97248120509114,5.19303004019264,1
2.10149808412468,1.23718827792379,7.19438105531803,1
6.591820430427,2.13164591309036,2.09173928283515,1
-3.64191093928629,-4.71072249000442,-1.92998634493891,1
2.45610981773084,-0.362533846602878,2.13462125348403,1
-0.267455592361623,-0.348231241877829,1.39740998183092,1
-0.830263505609323,-1.94208488580623,-0.0864035995009083,1
1.41962857716061,0.948290859003443,8.47251442986755,1
2.35936236198018,0.608561441801942,4.00252758865962,1
2.08347759305908,1.9832009593198,-0.440616320077433,1
1.47035363578458,0.176216427585432,5.88177420082526,1
0.96850592046421,-0.74722857401302,5.6147134804122,1
-0.541763502674466,-0.522480509547641,4.64285123403853,1
-2.57824069672104,0.0776420212201197,-0.221179734851038,1
0.331949578369827,0.530504647719917,0.0365668145943916,1
4.27008741690676,2.92894383952587,5.75346129787705,1
2.38385488944744,3.8944557871367,6.846108581297,1
4.80635965737302,3.22787153789379,5.47322735918506,1
0.433896464556402,-0.418867448195539,5.69069248116226,1
3.86626063619979,0.797300743354758,5.64113503930063,1
5.90554075445972,5.2121007502375,3.26698771302921,1
-2.47924034346139,0.59909924101056,2.95169076060588,1
-0.0921768036356672,0.706501293223623,5.34830253741407,1
-0.943579377025516,0.200593111303498,5.46224397905772,1
0.685522799866795,-1.35006635882249,-2.99233374486694,1
2.43238235001159,1.2347095288302,2.97717466678664,1
2.14637644037335,-1.39589589132205,1.85648377282439,1
-1.90325178215522,-3.19388877268175,1.81450624467388,1
0.880015249943318,1.95746315148447,6.7590314406708,1
5.51271387493769,3.03020534666729,1.54174854861617,1
1.14744264662794,-0.516065790205686,3.73019082778251,1
1.15850543012401,-3.53277010139647,2.23111268070033,1
4.96733334440502,3.25036252813457,7.29093290664085,1
4.14287376681563,0.331188763523371,2.94341871879024,1
1.30840089867483,-0.156693210687738,0.369678334720336,1
5.66799016922152,2.33894399166969,2.33598135829281,1
-1.66872539466342,-3.09217386454905,-0.325647462863316,1
6.5020176033322,1.81827084185677,6.39933870178223,1
1.18438015136809,0.284214488875677,6.83335987996438,1
4.0878428013383,3.6210676731074,6.57505271738931,1
-0.254499857840032,2.47697796875782,6.68007280523786,1
4.66748262076931,3.5361200341356,4.83626003348316,1
-2.1472584842441,-2.08444661023893,3.88851222474735,1
3.50102425729149,1.99461085446586,0.957522378024011,1
6.73518710596467,2.09520778250336,4.29250527090111,1
-1.0722564688962,-0.917684629291784,4.38143211555043,1
3.60282388021682,2.75055700663779,6.16054253766151,1
-0.219734745968583,0.448091439838915,0.808033480930327,1
5.1963721319039,0.310713954721521,2.37253159555523,1
3.21381122532036,3.89519940480514,4.0183238490584,1
1.52413923745627,1.05629201249552,2.04564239389153,1
3.60021425467861,-1.50860598508592,7.50021744321719,1
2.86725976005633,2.08545594546436,7.99407445899717,1
1.55223930652378,2.66536457229536,4.16631983392957,1
1.94627136019311,2.20647002845347,9.27867008284114,1
-0.318433450299389,-0.11015436127918,0.38625123856914,1
3.34589960857418,3.56410866765735,4.15989015850958,1
2.69362573630946,3.67946342778038,4.66593941161424,1
2.91162413523529,0.270393361263355,6.47569424288176,1
-1.4232896070141,2.27828082858922,6.71787817051344,1
6.07748865148698,3.33867597052504,11.6598991966046,1
3.18081372005508,4.20505549665445,5.15953808458514,1
-1.54180359817155,-1.9170049876982,5.75585426183611,1
2.20973095203561,1.96293675822626,0.389773147061678,1
2.79340466033352,2.83229253265195,8.67753101895102,1
0.153120916558769,-0.657605834448292,0.487545164185873,1
3.38836482491718,1.47469666227685,5.0995407648941,1
2.41948783358923,-0.867715501707653,5.07086980433049,1
0.63634211387342,-1.39510828644406,2.35779088835384,1
4.84695391185673,5.71352734584217,7.94247218158864,1
0.260960736205627,-0.27496166279533,0.114538300266241,1
1.57786924767869,1.46664432586095,4.34071870633505,1
3.39316676815385,1.64800658156404,1.56599635495202,1
10.5127744868484,6.97503508894492,6.03421890461029,1
1.31681811434608,2.30240713100079,11.0768634152943,1
2.03492446154933,3.81172760499853,0.906712278098899,1
5.04455322322889,2.27618037104175,2.47982755884588,1
5.14780950335375,6.01436450694166,7.1511322085506,1
0.175806808571087,-3.13310386110096,3.93711224923088,1
3.76930024318136,3.84954668932322,4.39162479860362,1
2.3968107845695,1.76443302643127,1.95579898156568,1
1.06736360926465,-1.2473563386006,4.37233904478895,1
1.02476454235322,-0.739283632058533,-0.388953696521786,1
4.0731687906327,3.63450594490805,4.2738444818654,1
4.16784263967057,1.92074654967261,4.17286088478922,1
-0.934172522869826,1.06473953783833,1.92452509591484,1
2.72822654171438,-1.87520835367215,1.0694931104684,1
1.16326163160801,0.307299059458362,0.0907666123153357,1
1.72488753334641,0.432494856396081,4.70331715037628,1
5.22753557210108,4.14469042162497,4.61082453555537,1
6.44054111415434,4.95507283343146,5.55467459476492,1
4.18079003603903,1.02773165360355,3.39506409970437,1
3.76558347678621,2.35197887888412,4.41792046296001,1
-4.4389946467606,-4.72087834369833,4.71417570795186,1
1.78465516167102,0.767752429392084,6.59026652416243,1
-0.139186313702389,-0.17872088356716,2.59620874890904,1
6.07814458428147,3.13675296008249,6.55485188797362,1
3.16800156214906,0.0698988976756421,-3.89468770888201,1
-0.213725389549523,-2.52221040650776,7.17109439251366,1
-2.73164252919914,-1.47936523406806,2.77070371130999,1
5.52500994931379,4.42081558845257,5.62916342111857,1
-2.03116915337408,0.317706950551686,1.42687336218458,1
5.06898259348913,2.93344716745027,2.29304460510397,1
-1.3041103942239,-2.18572964239269,1.20896323476626,1
2.62800735382559,2.17719927753532,5.2901346855754,1
5.46076600848937,0.535081436234279,3.08366914261492,1
9.23182615985664,7.45968583498078,12.3087644958132,1
0.581727219663376,0.458369000006626,6.02192408397309,1
4.40836241611024,2.85375526816422,6.05111523667918,1
1.56641988882073,0.733721760539141,6.51793232790927,1
3.59145737799357,1.49845113925703,4.53323795416838,1
-2.68488892880795,-6.3672874044165,2.05894563341256,1
0.869640732643795,-1.65541043311658,0.488325705155897,1
2.97336273115815,1.47794431166106,4.41790773180388,1
1.97424894662701,1.93336947879778,3.04409672561262,1
2.75774953882673,2.22568623043894,3.15255383776114,1
1.1048345289051,-1.44325125818658,5.56168404077362,1
4.2657752319746,0.534175914714786,7.46481588434248,1
0.609202934172415,-0.756847541027196,3.07769422736741,1
3.06684841617043,1.26320027445136,3.76318531496087,1
1.67809602468648,-2.12204718375017,1.03355684095514,1
-0.0718829530118597,2.6062487722901,6.55364803632585,1
5.17206552517157,2.35923702004621,5.69976977313495,1
3.89405165988775,-0.542626721934553,6.55139035888951,1
7.18923070753462,2.02117355720798,4.33195483640752,1
1.04744322587545,2.84216723154881,5.25039148603588,1
7.40904153130721,3.22663768317045,1.72983378711437,1
0.999036018700792,1.24833171237725,2.52268229804849,1
2.69912126528288,-0.276463417588849,3.40627343554418,1
5.61082479353722,2.75428671456806,1.47396301495086,1
0.94075735898382,-2.01998929467279,2.9455526009657,1
1.50000355831294,-1.03087786835052,5.20100432787449,1
5.02485242153297,0.473227649067874,2.94955979407972,1
1.23179920830512,0.0948036654035727,2.16616558027867,1
3.70616340747573,4.17648134448938,7.04253195054055,1
4.50849064469543,1.38673737587715,5.01023005751074,1
1.81256899122031,0.65174544679986,3.53385449369949,1
3.51879047640497,-0.235009524933926,4.72170371110539,1
4.10769489348815,1.96882392796576,7.81815220682381,1
2.26033154230872,1.33429627167683,5.0296946594771,1
4.5207125145022,-0.115900435192504,2.21327968077043,1
3.95681793237726,2.15414299067992,3.21838713579821,1
3.0416381848822,-0.716511863498457,2.68519529362569,1
0.885855159528774,2.03885063689523,5.70697321499401,1
2.59869116057383,-0.018311826939551,7.6060726725509,1
3.63777920030556,-0.319837960309972,4.10537886498044,1
3.18739630439321,3.94885385305849,3.1091129654305,1
4.01348076387248,0.0931446342687974,3.13943174775594,1
3.93966601769313,5.19400611113025,6.05994836632557,1
-1.22841323362544,-1.87442911410855,5.04618034765848,1
4.24502094512477,1.18947331074659,6.75511831092158,1
1.51896976619858,1.50297589352225,3.26199881443549,1
-0.415699082844753,-0.0345407943718534,3.07047272401447,1
2.70889414058477,1.46189820942423,1.35245249516101,1
0.859257884449243,0.402187242728587,3.26266157884247,1
-0.319916162541448,-3.86459967007385,5.07399849984986,1
3.98685824194311,1.61212683429455,8.1057463391594,1
3.47889703086072,2.6573634404506,6.56283527344526,1
1.52156758152006,0.767600635226283,5.19841845217677,1
3.58664518691877,-0.101787437783057,5.41627429295469,1
-2.08496775846766,-3.42586307703051,3.35508579126578,1
2.76235177138071,0.086431361445787,2.96737561075462,1
2.23121359907262,0.569196803908261,3.91262430699926,1
5.7065943868467,3.06508912546073,4.61939244499344,1
0.454097999191714,-2.6566537838248,0.728968957545292,1
3.21096698191184,2.72705928877833,6.41014300895997,1
-2.75338755216982,-1.1899861062151,2.47182183061587,1
-0.230177712301188,-1.79902035481824,0.768187876015474,1
4.08391123830354,2.30168814825567,7.38633306490157,1
0.534664367440037,-0.898744995119583,1.27089279064971,1
2.14268108744618,3.0149918393435,6.2997190712386,1
4.24230424646243,3.28103608196655,8.00960030228402,1
0.20452128186369,-2.65786590894878,1.58725422882138,1
2.96126873598943,-0.913756234649245,-1.61333087626379,1
-0.346304157011766,-0.176220814846276,0.606703676498614,1
3.38886115530748,-0.595782674978231,5.56807229984246,1
3.0926914784854,-1.05381270839177,4.00934070642282,1
1.7821852815491,1.94652951648239,5.12161408902825,1
1.68608612230839,3.66180565763449,5.74234801349125,1
5.302548946804,3.96826703249984,8.58725563370162,1
0.14802669570725,0.133689645885853,3.23696337602238,1
-0.0852444752836803,-0.709936975181185,2.13323858955314,1
-0.906130060800471,-2.65236973244898,-1.65649893596392,1
2.89971194421657,1.45105533451037,5.47732247502744,1
1.9901438592406,-0.760042541151919,4.72294808711036,1
2.21085952094264,3.42100132165721,7.67690306656233,1
1.89091999956837,0.59716471642156,4.00799495217321,1
-0.485608489598537,0.13460659273675,3.17385601587269,1
0.850420201977762,-0.239425258446494,0.890910623626552,1
5.38006464538429,2.63094231394453,5.67902315726052,1
5.22071635370245,2.74800787366564,4.78921003201012,1
1.35572100569224,-0.392042408994852,2.36254241069803,1
2.33435773965462,-0.654335144440727,3.360562544657,1
0.267443815150942,2.29001375334983,8.27180123594555,1
1.47289194966168,-1.1840394139367,7.61039203241118,1
1.35135171617469,-0.514825309586596,5.22471891253531,1
1.73410141662819,0.022704011391979,4.27679922159442,1
0.22362328984756,-0.804744500171654,3.71494080951848,1
1.58714834766313,-1.37181378363795,2.05366490305467,1
2.95321467613249,1.78258009494294,2.67660150462277,1
2.0232960918857,0.461738365759026,6.36095712302203,1
3.4099501640842,1.20062412496064,7.15808537698678,1
3.83592450058865,2.26447875787443,4.0698021341859,1
3.8076409793678,5.62675425887083,6.10629078817771,1
3.78073372456439,2.0430898415946,4.09231450920132,1
3.16275688793431,3.88090579030664,0.325345366375258,1
1.1734790043122,-1.41662329011248,1.03815405648636,1
1.26902841550311,2.42029917849265,4.17429596111789,1
-0.188184275383098,1.16763387465377,3.31750036976281,1
3.68115964026646,0.665029372762257,5.95128980002374,1
6.18739026140146,2.81707232644892,4.70610524416297,1
-1.29616139899011,-0.655532042294811,0.941972500595929,1
2.39159763922422,3.61854578523404,5.12129388786764,1
3.2057106354256,3.9883928929764,4.49445578587876,1
-0.334924744501231,-1.20957163771498,-0.024766614351762,1
1.1784682221591,1.65966173739746,5.56134647539643,1
3.08137575546533,0.296015859984447,1.57332942141812,1
1.26060462038854,1.17482788954827,4.01254247613371,1
1.40907268976567,0.13495831345794,3.19564828348499,1
1.45188341590056,-1.65235702017808,3.77406804074646,1
3.87067752124704,1.14680088771294,5.34175119705844,1
3.15454695199441,2.58283315720186,9.33495195692968,1
5.63026909659677,3.161440487178,5.67411970443314,1
4.01243269651299,4.15457323808122,5.70926005810342,1
0.279777273599634,3.25419556762094,2.18785552899113,1
2.35715054638737,1.66773919939993,3.64394664781465,1
2.23208207016712,-0.455454806729738,6.86768212989015,1
-0.871305553328009,-0.456117988737665,3.27412274926507,1
3.28641846913081,-1.06037320767206,3.88246543537607,1
2.17877752869566,2.03348012142325,3.7076658916478,1
-0.573035079738637,1.66557934278916,3.49347971446524,1
3.45799960264863,0.544972352654732,-0.13803435379596,1
1.72062663046193,0.610565399872135,1.24098829367591,1
6.24289863182132,4.50243323158232,4.98194803822795,1
3.7061209436071,2.83562836171918,8.41825765885304,1
3.35165695924971,3.45376626419207,1.29616170859955,1
6.42523385215653,3.40660202229982,4.56855135211975,1
0.409542368326711,-0.813829088386128,2.20541759170872,1
-0.328480398414495,-1.04144821803649,-1.6795296794184,1
-0.134258061697043,0.728555196456933,4.46126449929997,1
1.87414743752357,-0.0239144173159564,6.66054554641969,1
2.02669765165194,2.05683656052525,3.62290308253497,1
3.39879563893887,1.82284471630893,5.40133896282762,1
0.224298564987449,-0.464019846135258,5.3401181057677,1
6.07224236109757,3.16004829431705,9.14415770729729,1
-1.70999142979721,-1.67195821109839,2.1627904659735,1
-1.32150003510103,0.102334522557735,0.812973475350851,1
3.5599371922321,1.17237134190182,1.78206994251509,1
1.82206876660582,0.42063428461636,1.7202522678902,1
1.32997762269221,3.70451186739746,3.52102639272256,1
5.14061092133928,0.982310709440158,7.09599784434642,1
-0.734450700192715,-0.939561365528758,0.607602477258544,1
0.381990246700135,-0.738490970749718,6.83893062993895,1
2.19144173836795,-1.14609715000584,3.36862808980356,1
3.61358575584334,0.383724781082296,1.97337422038621,1
1.5993409405319,0.238308831465245,3.60755606257396,1
1.83498250627715,0.662579545741437,6.61693298703023,1
-0.816319944766632,-1.12286321338477,6.05270220729801,1
2.46000537389064,1.25824409567088,3.05190233839834,1
1.36253378402035,-0.371681642917325,4.66674595804312,1
-0.27202722674358,-1.61746107225108,2.14900278947159,1
1.0641600108433,0.107580229092407,6.59744389148015,1
-4.118560126152,-1.8345045959805,-0.0820104387708316,1
1.5802935755059,1.82357017444849,2.58047576503218,1
2.50314096431591,-1.05994012152548,-1.41770043201423,1
2.56074907580042,0.331174165765082,3.63203610569111,1
-0.893222840548297,-0.52030637445482,4.92562035070179,1
5.40164971854367,2.42899137557123,7.84028305421879,1
1.54551455977536,2.48980734732304,8.97721656086144,1
4.07321331138128,2.17287025016766,3.84776842021647,1
2.3721025900143,0.313701385231318,2.34279920472483,1
3.0272428549369,3.04616600904172,5.03195674296756,1
5.15085528167995,1.4878459807439,-0.429475002635016,1
4.01178126281965,3.06923844410347,1.74259925556117,1
2.95747469845588,4.07857144532243,4.56996915526572,1
1.01029708299352,2.64710168427282,3.59460372828244,1
3.49882609341585,1.22663634066498,5.53324588453007,1
4.36857651536197,2.65111319841073,1.97553275017165,1
6.39278043555106,2.51539755850372,3.87030590923817,1
5.09491354039277,3.16391610719629,3.47526143203754,1
4.37128610502275,2.87895354248233,5.40973268046612,1
3.03220655535659,3.64726870331844,6.31669351676651,1
-0.0968959416221535,3.22270636662858,6.4034351736641,1
1.13125466817426,1.76706766662926,1.07805362019381,1
5.24554987408743,3.34532372673795,6.12020733440641,1
-0.346990198189875,-3.04206046304724,2.77648012023538,1
0.95845201589204,-2.32876042009109,3.46665560255366,1
2.84801984701147,0.313018001997753,3.62554455650827,1
4.70679307085964,3.27574785876006,3.3069868553458,1
1.5485299281154,2.31804162580135,5.83258469389647,1
-1.71671028696296,-0.22078913412882,3.73543919217358,1
2.27553043950268,0.643413784601805,0.604395628300599,1
3.47023859935663,0.671472974902132,5.83492102585504,1
-0.112922082155082,-2.24199746500757,2.39513982516111,1
0.702330955490447,0.157255077731428,-1.82323798057688,1
2.21135466380921,0.459017106839283,6.2708865405803,1
-1.00205442974926,-0.247432693982423,2.36316208509491,1
3.42866269332241,2.38319740721244,3.5103108911051,1
-1.37199926953162,-1.58037360605102,1.51696456291372,1
1.55976993362513,1.98795054190949,6.01978736556232,1
-0.447369864823322,-0.325703392958441,10.3755883437815,1
2.0706451272025,0.0688119978071893,4.10973603646719,1
2.50873947231509,3.06400709427825,1.55302027377239,1
2.20332474217337,1.4726796425292,3.24106303771761,1
1.50789402095483,-1.60554392373488,5.29997178665384,1
1.15868740204608,-1.76208468933535,2.32209062011358,1
2.58584660205341,2.06922170537389,6.13083709619479,1
-2.73455400739484,-1.64313129532394,1.13895028763493,1
4.13574337270622,3.15094736410042,9.23030281357297,1
-0.366475124489681,0.418136143319069,1.12875468913136,1
5.52750264311516,2.07795375567389,10.0591420515732,1
3.04893899610008,0.121243178559639,5.89032093686642,1
3.47604457130756,0.557575078661096,7.09791870896414,1
1.34712981921405,0.599861060362372,1.64322393815425,1
1.42992890570072,-0.724930238609876,6.59399817366205,1
1.79608699641607,0.157758971703569,6.74744177796419,1
1.84252716413292,0.639224450386082,0.269566108254097,1
1.87812601229226,1.85849497607077,2.15841951466281,1
4.50119061670043,2.04084114606993,-0.272279451846316,1
4.6259134040091,2.80882258021593,2.7235750606917,1
0.392052543776264,2.19503198118492,2.0755132145394,1
4.85940649986188,2.42063544252209,5.24812031008884,1
-0.44423265583405,-2.32838793401902,-2.20145750334099,1
0.570898136579751,2.16854024056752,6.70752073663557,1
1.58399769872579,-0.471536089788259,3.13473099221155,1
0.764769014679062,0.878153538988083,2.69331573341256,1
2.60998079370676,1.81003553476009,5.55467329676363,1
-0.24463671512488,-0.26627287273706,4.46571900323827,1
0.407956952970943,3.54154861975474,5.22525821411478,1
2.50426896022212,6.37450471795064,4.98112330010449,1
1.40115269926931,0.165481107655075,6.60841061301322,1
3.57473407649762,-1.19440604787491,2.49651437468045,1
3.80833321375606,1.02290722114161,5.96871211319392,1
3.02426317807272,0.25489685664926,3.30845263712854,1
3.05756439357975,1.383285463725,5.42780081376049,1
3.51425158046049,1.76033664807878,2.35632157182346,1
3.06964840030755,0.925781956243963,1.56369064857979,1
0.827870380489542,-0.720122227431245,-0.863566225170002,1
0.903250376772732,0.472540183727646,5.02415455430258,1
0.249436995362433,1.77238283401801,6.47290780045995,1
3.76042567306869,4.47476548769714,5.93100806069579,1
1.9284717400273,3.94323190526061,4.03299953974735,1
2.77228183972713,1.04841004355526,2.13969359916291,1
2.17989097285461,1.72777958660264,4.17537405026194,1
0.862081344678286,2.65754639637866,6.21163879641369,1
4.61771838723189,0.936922712228085,0.957194316354447,1
7.97019131581502,6.36054786153745,6.70550661832833,1
2.86478644189454,0.744961154504767,4.43559957654422,1
-0.72333614776308,-3.40061650029628,-0.443552912349905,1
-1.75390433564478,-2.93485090726197,2.53950123450962,1
5.13945792634286,1.9291332101653,2.45619140629112,1
1.86817835678969,0.391905237273446,5.95866105119821,1
-0.54081262500508,-0.417741554138913,3.17060937578869,1
3.58591748096857,3.88565592376033,6.26098549064801,1
4.30747662982562,2.85715558843959,3.56284344232135,1
1.12953392379611,0.286331985870398,9.30176678953482,1
4.20953298012461,3.13831285742062,6.37130155945668,1
3.08731722264241,4.36290769312791,8.07610766149618,1
0.781676618830841,0.282757117105393,5.10896712577141,1
5.21400443168905,2.63123661825969,7.26302262326356,1
2.64007150848553,2.24816618884075,3.07959617289584,1
-2.51382696034914,-0.391383036302808,8.06298641912414,1
3.61182274295244,1.29846860292391,4.89268493074845,1
1.7753896244038,3.22693961967276,5.24500981992649,1
7.5877675521555,3.90023847022089,5.50799482173093,1
0.635751984977534,-0.866222762977522,6.09873843727769,1
3.33790563843242,3.01825152581244,3.1608703075497,1
3.55412412883653,1.65918488041059,3.54893834758112,1
3.07556624428105,2.89962267414077,2.88902933847123,1
1.20934386177179,0.295939648305381,1.44837303027969,1
-0.0394044307418051,1.81397305969716,6.29101457746102,1
-1.19510260979363,-0.15040544986402,2.82187459669926,1
2.82728986380467,1.5475258882563,3.81007810387969,1
0.677766281843237,-0.1676929484873,3.95520000172698,1
1.41881563416802,1.21740434294262,7.03543190076817,1
-0.340651148065321,-0.994555939667631,2.13299871511834,1
0.217624803762354,-0.688035135260289,2.79947386391282,1
2.22429714822818,1.59574087326368,3.47619728805507,1
3.73097091915769,6.08794346417588,7.93740823091133,1
-4.50405653174639,-3.20798263678928,-2.84242119647184,1
5.09360470803446,4.91690511089815,10.1887067965375,1
-0.0754162098898674,-0.609014638590575,1.54327692269533,1
1.578450338486,2.32842257194297,5.92280150645861,1
0.198786818341554,2.20076932600838,6.79937435700764,1
1.13546544490883,-0.68959674873523,0.696757338171966,1
0.507496157589705,-0.959734127899137,-1.48331958913617,1
-2.61602997109579,-1.34820938276033,-0.50484068500608,1
1.26102335320098,1.61080599037231,2.82101970749412,1
-0.512326691987679,-1.49290938498785,7.50849665555621,1
2.18004192344156,1.94086611632229,0.534129191611747,1
4.22759287933778,3.77101478760282,4.93400766551924,1
2.53843804569017,2.10621876880392,6.03953604999372,1
0.212724292943034,0.73324032344535,2.39201144193252,1
4.42663888850373,4.39458436720612,5.36831382183031,1
2.49683262401622,2.52030830388153,5.77924669925554,1
-0.821418053199471,-0.29145918772317,-2.78614844175908,1
3.55912728526543,1.23211900649081,2.88343899241618,1
4.40497646973643,2.69219781775839,5.80440621141102,1
0.766376659860855,0.593695926513397,0.503644667809206,1
7.80003977522643,5.62532023610903,4.57637849519504,1
3.48194561450378,2.30045750475311,6.21366841048654,1
2.690822955068,0.831905230907098,6.88827755099298,1
2.98890126956285,-0.132793693933125,3.86910790716822,1
5.1742227090941,4.72617059232058,7.45018704356211,1
0.727137103674288,0.0935342606782447,4.63218297763842,1
-0.124557731131213,-3.04188504410033,0.91422408874722,1
3.70774320453453,-0.604461583248278,6.31530772724384,1
1.07707465827673,-2.06430923500874,0.944642135761431,1
3.88061723244122,4.23652375726702,4.52370562552064,1
2.38786697458666,0.217926178501223,2.183664168496,1
4.49445744429065,1.41002545881975,4.90547635287239,1
-2.02086008757798,-1.53827776474443,0.483847781839319,1
0.643758438429946,-0.147674338165229,1.64389567431398,1
4.71897535362275,4.32760642583676,4.54646926932029,1
3.47067955055508,-0.733726253872229,4.01678894579021,1
0.352529982267195,1.54158069195376,6.47561979297683,1
0.922036531069338,-0.624833391766183,4.85854064029515,1
2.20615120254161,2.20714548274595,5.88603831555733,1
3.65933733904873,2.97387953780525,2.91276560007377,1
0.0997732581851265,1.93866182430472,5.94744970687968,1
3.89060754865464,3.40744766914597,3.79982095615396,1
0.663298795194848,-1.03581179804813,3.71100822479824,1
1.65708579873887,0.777473205705319,3.49460763874026,1
0.207718601019761,-1.12076766950513,-0.350081922156773,1
7.00795616678553,4.14172302002592,7.45521701911857,1
4.0556284060905,2.56020420781843,5.22494294472443,1
3.83349102727476,1.73048481507867,5.8481054994651,1
2.10732346578228,1.65706252320723,7.12801267900568,1
3.57775775572092,1.84343335673466,8.37718429437549,1
1.26540741700171,-0.976030634030968,4.06681656679752,1
1.79377691515038,2.44478881030202,3.33355256232847,1
1.93423538999611,1.06517022561253,4.30380151667236,1
0.626832375169683,-0.0641716769445464,4.20978560075294,1
2.68425435761362,1.43380230274724,3.04624987034087,1
2.94485545557864,3.39323347410708,7.58524781619053,1
-3.97509366558758,-3.83546279757754,-2.37245501285506,1
1.42411107510133,-1.34452239932105,2.00819325179514,1
4.18855718541843,2.64397528033696,1.84225540420928,1
3.96140645572433,0.381315020801006,8.44067046446241,1
3.77383130042696,0.071307452657515,3.05066575620218,1
0.48268969722025,-1.21182904946956,3.87673577724419,1
1.26314749442868,-1.54614523750533,4.42456426322979,1
1.93414803049645,2.0398643699145,4.65381861037886,1
0.994383917881327,0.551898406670419,2.59131281648266,1
2.15139667269204,1.85239616418415,3.85682190492616,1
3.62135089838303,3.5956154952596,4.92083798013582,1
3.28338333002388,1.08510517180118,2.16133911807407,1
2.22937306761287,-0.171483571778853,3.38777514399163,1
2.18466923646099,1.80240040216962,2.4918542366297,1
4.88124792732837,4.10541518763504,1.62207170892619,1
-1.86880083064102,-1.91033687214587,2.68800613882157,1
-0.407421705034971,-2.57312184988984,-0.483813615427913,1
0.828830319635866,-0.519047306408405,4.368287181204,1
1.29091302062002,-2.17148774718353,7.99095766721792,1
0.0911685418560435,-1.87101430951482,-1.4297875802263,1
0.762849449780748,-1.94788498037474,2.41678022732377,1
1.21182648884464,-0.411505315102458,6.9222985717266,1
4.31610371734302,-3.2533156579844,4.743529467043,1
0.0645176129813878,-1.88654300334994,3.02446326700154,1
6.75447175079466,3.49027728226697,7.49990562310378,1
-1.01240038322725,-3.21119188085926,4.16146176190511,1
1.61899350611818,1.69470093677857,2.96943176827309,1
0.585264315469998,2.17058230586724,8.58990547283226,1
1.05544871581074,0.925401771818108,5.65457673777542,1
2.90358921898414,1.62863253932228,3.25680692223531,1
2.79335001081259,0.40520867892709,4.11674660515234,1
1.61088412288219,-1.3522698828725,3.70551117864318,1
3.68261021078012,0.169824286362506,3.63370967278039,1
-0.35031695847249,-1.19361935236397,1.64245200228034,1
1.53225917771675,0.693749416246775,6.70871235728775,1
-2.96445727819036,-1.07677568106289,8.32478902305952,1
4.54007707802863,3.78246263591182,3.54903393785445,1
1.59918366234495,2.93499389877753,7.86699441393699,1
-1.15831827980113,-1.73647132516312,1.15521956532503,1
5.70153931952415,1.29015684150512,4.2352578301277,1
0.741715213710032,1.85099713661772,3.42275473851775,1
4.61277781140902,4.27246887214107,4.62034220969106,1
1.45562523511429,5.39647102210972,4.43919942015177,1
-0.798139205300247,-0.295823337240269,3.68097645284211,1
0.0622040511751802,-0.724169260232267,1.558418568994,1
1.07322463373233,3.11365922203421,3.85430621616331,1
2.01998965408072,-2.26674572001051,3.25650649973238,1
-0.146523293059407,-1.43733698627876,1.56563599479383,1
0.565160990532688,3.30975649544452,-0.498262801198511,1
2.72643129985733,1.32267332664533,5.91485832550373,1
4.46317254280036,3.32712760590137,4.99962458168783,1
0.883633615271745,-0.357980855292271,2.32515968093298,1
5.47465130321023,2.56106850671509,8.77305625406538,1
0.446258645625432,-2.11857218687904,8.40588028003896,1
0.3634578885343,-0.313482368628232,4.93325917782149,1
5.04946018848948,2.47327963422809,7.30136855549954,1
0.131793540978936,-3.10678464755724,2.84539376709768,1
3.08551690163187,2.87233535606979,2.85873789772694,1
4.97839147698688,2.61667750021568,6.00010593175218,1
6.76598537273967,3.03979166733878,10.9467640663218,1
1.52255382713428,-0.303522994924497,-1.09045559241726,1
1.78424351180003,-0.0682540848925348,2.67357690883832,1
-1.32842342236415,-0.695173993348235,1.33860699003831,1
0.990376220089779,2.7598000831722,2.84535729674809,1
3.06094020723378,2.37147197516826,3.2773856610704,1
0.00517128546549794,-1.73711519523676,3.99714139596715,1
8.78182873627039,4.44486237512051,6.08566041749145,1
0.349551615858094,-0.672548092759368,-1.55115764227483,1
-0.172110207170169,1.09201447305905,2.54884688413968,1
4.4775069470508,3.68617306844406,4.92146154893358,1
4.79614111997395,2.59591293466382,7.6292612467003,1
-0.281492118113642,0.845261530000243,3.4176152840999,1
2.65390438212366,-2.83652539969871,3.57854497590664,1
-1.45964211442296,0.218009151348512,4.92806622431692,1
1.66358709982456,-0.441985842712108,3.07258403966138,1
3.76232823242527,-0.152845068726823,6.77160029400136,1
-1.95974987636802,1.36559514883795,1.71166198978036,1
1.80846844988516,2.20009874232902,3.68036636572157,1
1.36220367230134,-0.810670266704433,3.05761928859682,1
2.59748678710632,-1.74846112411098,4.49504472934167,1
5.31235530352532,3.44341854443791,3.87049240615176,1
5.6307505799718,2.93508072873002,4.8337238394432,1
1.34792400113648,0.932002399968006,0.217499147509743,1
6.70333340546672,1.87013713534093,3.47198645186387,1
0.194696243537729,2.68905418340877,2.3917671929107,1
1.24537085898746,0.963723671171338,4.77762555985949,1
-1.58593126838586,-0.878943443501565,1.38556731557967,1
1.57914852119696,0.999310556631578,8.01302409541275,1
4.35303191199731,3.08360768425003,4.08678891177632,1
2.8413023702329,1.98618810264969,11.5794314219961,1
2.32630447306619,5.86324320533581,0.78299270350853,1
0.94155696626672,-0.604260443684136,6.29048825455271,1
6.7496602463119,3.52873367739716,3.1908675322374,1
2.19222937921821,1.82589087389743,7.27707906002751,1
0.774441563547076,-2.84828732199981,2.05375039696045,1
4.85856596632944,0.414774301541547,-1.72437943090327,1
0.119629257037308,2.42840518693901,7.10564755234861,1
5.34374461106462,4.24154364669646,-2.1575868270212,1
-2.03028856854718,0.473528701152566,-1.90218216672075,1
1.74731813824794,3.37812561118688,7.89526776910209,1
-2.41385010019432,0.11102469418948,3.1551208154958,1
6.76859133730761,3.14136284215429,4.09486953721809,1
4.59033604914926,2.53595112525942,2.43628772260368,1
5.01012739010582,3.63801658242006,3.33366132023691,1
0.689293724541666,0.0808997903040679,5.6892184849127,1
-0.42846598380952,-2.65439951558754,0.90123847332883,1
0.12463810221622,-1.75523360973273,3.30423189089808,1
5.70267125919623,1.77298939300496,5.71758737783683,1
2.38182179123782,-0.77171843238174,2.47308381513545,1
-0.551864289198484,-0.927708973063979,0.75067409439921,1
6.26749859814142,4.19927957645464,8.19729317339724,1
0.571449053749775,-3.2369818991178,4.92930628791109,1
1.25706321593991,0.558512544840031,5.96871691499391,1
-0.0418172593678214,-1.4309753770464,0.739554624944574,1
0.965677805243813,-0.63744726036848,7.28514580839346,1
1.37773452138813,1.50788106315719,6.54106608086535,1
4.63812974958161,0.897651021979849,5.10007529823352,1
5.04525816858042,2.31709071342073,3.76378757683238,1
-0.586676890740136,-1.47883398925171,2.05947841268622,1
3.57424398482657,4.06994719036603,6.36545944429202,1
-0.960878088544074,2.66673131250108,5.2806140182165,1
1.13582214967758,2.74161274284666,5.3034949887436,1
3.12863890325492,2.02684763121152,1.16217737369373,1
1.64444087936245,1.42786752459701,3.47067775833319,1
-1.40756389117651,-1.96952837396118,1.11436137592132,1
3.75140904984022,1.8882033819854,5.83520881957491,1
3.83960689096339,3.0836196196959,6.01501524914656,1
2.20368343029714,3.11227514204776,6.33710471677126,1
2.35228914679772,0.876568277334915,3.97181104904017,1
1.59328761243877,2.0084717952194,2.92765002586207,1
3.09938096192531,3.1528907970139,5.20078250059143,1
1.93916273549493,1.49153860301911,5.30947456057805,1
1.66526617351819,2.82966304783899,3.49361118225486,1
2.16095061182151,1.20257817599179,9.21206863138238,1
4.49190723310047,1.93261715307416,1.91945444811147,1
3.38057153418067,2.09663152854863,7.31891982804003,1
1.14250338803779,1.62945362825034,5.11910415546587,1
1.58998329902267,-0.206141251361175,5.17483953577311,1
5.92793244810153,5.21608005997381,9.98065186799315,1
1.31136785925691,1.53643028872202,0.654330080667395,1
1.97858508297585,2.18178120922016,3.32735978137328,1
3.01751715206404,1.43589507646522,5.24371100275383,1
0.374260496990213,0.505193641886447,3.8640088558571,1
1.17351739516691,2.16469713254358,2.95442476335553,1
-0.436059393253629,1.89900771075955,5.73422957021021,1
1.38575005618564,-0.692092452460888,1.42555489970863,1
-0.137364793898229,-0.0238930685064334,2.17775589382277,1
5.6945171386377,3.60564853668533,3.26556640922954,1
3.76417424133192,3.40274019609203,4.84476157638186,1
4.0132409986758,2.00262588773254,4.9575377302144,1
3.13776059293915,2.84346032632356,5.53590875481007,1
1.13546039138834,1.29516043596065,1.34920830863393,1
-2.44939367043699,-2.12031351093717,1.9572449911318,1
-0.194911067227525,-0.179209728699139,-0.545483342678462,1
-2.16130893487522,-0.81174197912319,3.2154465050923,1
2.88636158114164,0.362058355356165,6.24837532599364,1
3.74654430307065,1.3706157723803,5.81261357803123,1
0.118717431764624,-0.529531230013885,-1.92474672067826,1
3.01755205014854,4.20035422460404,0.0886004601575423,1
1.82384390552763,-1.60432569614308,5.13320141040757,1
2.48306260463793,3.66241427071854,8.80695034203684,1
0.306647774657341,-0.0455131515902307,5.04328512938933,1
3.68906350106698,1.67700803804571,1.96432400945111,1
2.52798286124169,1.41847401614787,7.86371886674157,1
1.45466992283148,-0.333658506260285,5.53370711405528,1
-0.538471424128832,-1.7212851242312,0.984378381783112,1
-0.0334006547802357,0.846550023789817,4.47706664229096,1
1.78448642914485,-0.61961943369197,5.77795346141559,1
2.59486862499213,3.75337091266735,2.43896477982362,1
1.45705718079807,-1.98540579254951,2.21829345011825,1
1.33006135324259,0.454096676585212,4.23406124616607,1
3.53551103936898,2.22444212496296,10.1883561378651,1
3.00711652109324,1.54862156136151,6.63788056780555,1
3.9710267232049,3.58177545659979,6.52790699650405,1
4.78253813782326,3.15630791751079,1.31924089994742,1
3.67036550521627,0.656280650690831,-1.09986767932882,1
1.73723981644284,-2.71625745339347,-0.985838709863829,1
1.7979522380064,0.541997625223288,5.53577457871168,1
2.57617337348394,2.92176014963465,2.29376027544727,1
8.59253132205306,2.62099220145995,5.99462463961223,1
-3.1684413828454,-2.80930431273871,1.57491936754738,1
3.31967694822831,-0.473928278832944,3.75474662450774,1
-4.06124259020163,-1.43600533945277,2.48610931970221,1
-1.25364990794224,1.0643260864259,1.70257914967205,1
3.70226797448101,3.6287526290215,9.97188647550549,1
4.18109350921648,1.85720889894228,1.60405644886515,1
6.26667738238813,2.7539000301527,1.45130540578391,1
-2.64348004007626,1.78303325332395,2.60307563307276,1
4.2510311182963,1.3495195382373,5.35285941144404,1
1.36251296436221,0.401279977571728,2.76729117342725,1
1.13863926395005,0.57857883580885,5.0019334726198,1
1.19797545296628,1.62929164972682,-0.0397631743177937,1
2.19557825934608,1.22774309722705,2.88729773638477,1
-0.882157982602452,1.98892378447351,4.16963921279819,1
1.49958383283438,-1.36390250503254,5.35740947705334,1
2.58008835668593,3.85721310396868,6.11627205544042,1
-1.95047183823182,-5.24918028800753,-0.110857782967353,1
1.10719801090031,1.62591984366273,7.33120054261509,1
1.87899648101893,3.51383263906185,5.07994684869253,1
2.31836137917572,1.53897845270518,6.6146230290389,1
2.21271331446475,-0.33725816947089,1.49521636805436,1
0.310177559618917,-0.485699931594442,3.62592659633648,1
2.79811320172441,-0.0106441332206231,4.2954589736375,1
3.45024805159126,0.110085727873237,2.55392030414091,1
3.93364525396479,-0.197900390760454,5.11601932162764,1
2.0282461009821,-0.412754497979678,4.92931195574599,1
1.86813039964809,1.94756055040845,4.95892481928366,1
3.05004618984337,2.76447160499286,4.24925962866411,1
1.22190471700368,-0.860338150738995,5.66766987689016,1
3.44344650561609,1.7054166400011,1.88487490432842,1
-1.54543017285875,-3.64944387334388,2.34957719211872,1
3.37729323741735,0.0998481260942284,5.11409669695621,1
0.408708065815124,-2.65081178316705,3.48791390018829,1
2.94545839131433,0.985370448576242,5.5807653669352,1
1.90858258983471,1.34512902988091,2.60204116770271,1
3.14974345139011,-1.79736291964327,1.16654046770807,1
0.232570245274301,-1.82414788747451,3.5320479469606,1
-0.349743608413268,-1.07503700088527,8.08980645592647,1
-1.36291451794223,-2.38274665044686,-1.15502312675971,1
4.86432210017172,-0.889851497060373,4.37169321873586,1
8.35727274640166,4.82080071894311,7.23945691649419,1
2.79603255820598,0.52235983792062,2.45258397971252,1
6.61674619154427,3.38594557521027,4.70370375130382,1
1.95962497915146,0.860383425264863,4.18201663316671,1
-1.70943963741948,-1.95334607021431,-0.870378002743316,1
3.67422486777365,2.79290578369669,6.58823485055708,1
-0.787202277567396,0.188433808204894,6.21733867191175,1
1.59194951993197,-0.158948960828579,1.47105989606618,1
0.661984899801044,1.24084533818853,4.93542334506268,1
4.16080998142115,0.979024840293122,4.6886948969763,1
-3.73984123764324,-3.7339936000653,1.67318019906563,1
3.49457185485486,2.95715608973467,4.39220935074701,1
3.09393186882454,0.673533494221819,3.96594336280916,1
3.6560475610133,1.91406177337674,8.41233186665187,1
-3.80681131268896,-4.12698762663728,0.540303577550284,1
-0.734545828829625,-1.40269460829259,4.09529620438479,1
-1.77282080361277,-4.86306397359332,-1.17139879837318,1
3.31958390395247,2.02345580778585,8.52217990733111,1
3.20051743842412,2.5280741673456,6.84339400583191,1
1.95569577952689,-0.506972585061381,-1.37607625688937,1
3.91232655638556,2.75812249940893,8.10708438386144,1
1.94133623685859,4.71425094730344,2.12393886394729,1
0.312867997953091,1.98403877537165,5.74744129753027,1
5.24278746390622,0.668705048618764,3.72729242268292,1
5.3120231696908,3.62746791850061,3.62020990501682,1
3.11825858390722,0.352824106834932,3.69984151534067,1
0.838859673052884,-1.53417202556842,3.60328535358417,1
0.512704358935416,-1.84759172316395,3.83567051049322,1
0.812411533534206,3.77871618526682,5.81850807062565,1
0.932343337841553,-0.12391503108003,-1.02948887942561,1
5.73234758629162,5.46034677530679,7.8132238010533,1
4.91212847069765,1.94877230493989,4.92074542169939,1
-0.349535035088205,-0.0845315641802347,1.49188508500571,1
4.86316679546216,3.68437322778681,5.01687895006753,1
-2.17153823500888,0.928200025915531,3.80958320973641,1
2.57909666176641,-0.488837435400707,2.11864475239613,1
1.94219464106284,-0.987213396957642,3.69014924856671,1
1.69926639094427,-1.50991598155382,0.830540078882579,1
3.66376784113059,3.26298745078763,3.29547353634945,1
-3.11147855650138,-1.25111861407288,3.51774573597493,1
0.939448359683668,0.321739447700952,3.61796085581403,1
2.91796261478236,2.51401934050006,6.10175783983468,1
-0.56915777370619,1.9360701771136,6.32078713202194,1
1.5368900157792,0.494487203683111,1.83026329519898,1
3.84132522014144,3.07258448352046,2.27970924615529,1
1.20743851162667,-2.80405714902973,-3.14877550938018,1
3.1885156300835,3.63970355537848,5.70094903279749,1
1.27819582650789,-0.0578297820391009,3.45535792507234,1
2.58364288294872,2.84645293079244,7.51391333490966,1
0.623062777001897,1.81397332023623,4.82065753104024,1
0.236532720347482,0.875395164704353,2.07601831257015,1
3.13687226482821,2.44947170136188,7.04484496038381,1
4.18771862318937,5.17984327013417,3.73873701072581,1
3.80128314709397,2.43997310015541,2.65524294901375,1
1.03065009877213,1.51785680164094,0.968765807097733,1
0.986955759322282,-0.738759038293195,5.79611876363884,1
2.72177055813508,2.98637379558896,9.05978443924604,1
1.97712965685661,-1.21761541654181,1.05612561225242,1
0.661510973865082,-1.15147555717795,0.589908653451264,1
2.52873271138688,2.03032190588684,9.44573958331947,1
2.42502626598961,0.500593536862169,2.19634382507502,1
0.820841086360444,-0.363789462195634,4.20899344134744,1
3.25676026037714,3.6387794788725,8.13117993264544,1
0.310689414422781,-1.5877743788007,2.40142459822158,1
0.903069785450825,-0.820925506508742,2.20030963669715,1
1.74478550221961,0.996792808407657,2.95486961145347,1
5.16364478276594,5.74686900329382,5.49551060728443,1
1.29621173053027,0.494996267609829,4.17759986226616,1
5.73925363790219,0.336192100666945,4.01324337682757,1
2.1793318603086,1.08104345733717,3.24117440153014,1
3.04392825193413,1.19777117567437,7.01592191645514,1
-1.26290408919684,-2.30203533883989,2.32005077418264,1
2.92803066331514,1.10210657010187,4.16949950843174,1
5.02817996675815,1.17379298555527,5.56761539834999,1
3.8658107021199,2.99829346457783,0.747138453878447,1
1.319218396274,1.29177309848676,4.17645772116821,1
2.33302163015116,1.81179257521407,4.11954020447655,1
0.378371808126147,0.657692629803057,2.72827124148885,1
-0.615324029257323,0.823250781441842,0.0588257145538655,1
-0.430740575568096,0.648157874479513,-0.0445077379840839,1
2.7219667652901,1.20794150118126,5.02688548284256,1
0.89689949854105,1.13642684591778,8.56354165096742,1
3.20887225739913,3.30991920556304,6.92256953338978,1
2.07643117138533,0.0230581205392946,5.39583066726075,1
5.05140717371029,3.29258983683244,5.00292328112652,1
5.61999031726003,1.00982369805027,6.98076505893121,1
1.22829192782396,1.53054520397606,3.91857343175455,1
3.18281750533514,1.15577338194774,5.30817897965854,1
0.581915211350627,-0.535260108254412,1.29848552850747,1
2.53056960301143,0.884605095376654,5.9422546754077,1
-0.103817949937439,0.751582353302837,5.88119326931903,1
-0.544702447755768,-0.6284390016529,0.643627671137559,1
2.27033715108346,3.97562492629869,1.34731345027928,1
3.33575427393625,3.09275718288245,2.01789784539548,1
4.11965204517568,3.21632406891837,7.91109430476378,1
5.25467071540233,2.85656502142647,5.95785387867138,1
3.9329465742288,3.94517281344324,4.90834551073096,1
3.18911027527572,-1.18555495249993,2.5954547167036,1
2.70498140194851,2.03971807623027,0.0139162511031055,1
1.51797226106598,0.930027778208275,6.63523760824628,1
0.772310124017904,-0.790766078051778,4.91974506070677,1
2.03172430372544,-3.1773315988776,4.56373616999589,1
0.955909251824504,-0.777735133027856,7.9563615989862,1
5.35324551906959,2.08242704285321,4.15228606153739,1
3.52411554254258,2.65626601482299,2.82895213659173,1
1.60320486128349,0.407313260071805,1.93306252908266,1
3.800861757476,2.70787160344288,-0.378889097543255,1
0.228670029152087,2.25884441020472,6.35241586901995,1
-0.257735138483161,-3.13759318177662,1.8699858129738,1
1.35928536926969,0.570375317345756,6.42511845985736,1
-0.466135671344603,1.69313587716921,0.0972929411946368,1
3.25517356012593,2.97208818354582,5.7796757095747,1
2.70095683761275,-0.10731920531298,5.63225136143253,1
7.06595161808332,3.59273251939171,10.6214113190112,1
0.337476562973801,-1.53929624207303,4.14600438431865,1
2.53344929097973,3.82078446489896,0.316238809198439,1
1.58281464249161,0.761426928356293,0.76545078978922,1
4.20627306649839,2.11982628747284,4.04504769133064,1
0.845802862336542,-0.240028663629833,4.87785116531391,1
0.212501021124268,-1.07790793423343,4.02618249639155,1
2.39051924988879,2.0791206008343,1.48584838515721,1
5.19718549059162,1.23707193605956,6.47329166337216,1
1.66554581196165,1.37713156494494,0.940480132122528,1
6.53606216380907,4.60888959891011,4.48634122143495,1
-0.772755256223847,-1.38177336455173,1.47097741909983,1
2.41216429265249,2.56091752163024,2.45806054857008,1
2.33305447238286,-1.44382998341769,7.16932628328919,1
5.21685150703564,3.11802735477587,4.31509064121282,1
1.49694304677641,2.83215437348527,5.02995449743756,1
1.2211297401619,3.18240954627344,3.42395139257969,1
0.307484250870543,0.543303009002305,-1.37413243751762,1
4.25720619405381,2.07673884143112,-1.0405856315148,1
5.24649253010103,1.41165281560554,-0.202830665171586,1
4.40852235943284,2.84608630117587,3.24274258721257,1
4.66422118933818,3.78115787392876,0.758517058137234,1
5.12289906142535,1.71248003109724,5.31910427337647,1
0.226358971481424,-0.533634876748605,5.70171763699819,1
1.92108902868277,2.53609384214376,5.63628184470562,1
1.90555731351766,1.10403884680834,2.97936867131028,1
-1.9430050693261,-1.66420439669941,0.131525855082996,1
3.22040604505446,1.70983760809329,1.6430115740951,1
4.12267028181199,2.12813595882917,10.6370840232538,1
5.26737354814867,4.0278712829312,4.25034985003039,1
1.35376766581145,-0.272513069907488,3.71607903566142,1
-1.01877126521833,-0.816730218374003,1.43502657396834,1
1.21150550476257,2.4276187471333,0.90286901752717,1
2.87939397095446,2.97650828273312,7.42879204656623,1
3.00116296924951,2.70552137912348,4.47101611096501,1
3.29992185986335,-0.175136077384796,1.27623167723377,1
4.0268501563164,3.67781019910594,2.26627098331276,1
4.23066886522577,2.5744602314492,4.18357145019041,1
2.90923062041203,3.04672145262851,8.67452248068828,1
0.650311454557079,-0.499521055039391,5.45939181416997,1
5.70880110927589,2.89493144260216,6.85048016402463,1
4.04268297369565,2.06285993423516,0.195672717666884,1
4.79149304690828,3.36218394663567,2.30755739210141,1
1.82770467700761,0.763529599146182,5.99203629463975,1
0.198866278288423,2.5287087533448,4.72069359848254,1
2.71056630312796,2.14839352848979,1.25330347938241,1
2.22918112768806,3.04897626451567,5.76022804535416,1
-1.16715256206493,-3.10435500360505,1.41527013529797,1
2.14814382023896,1.98366916967171,7.23364157188403,1
4.828765394795,-0.118038415080486,5.6301693295588,1
2.51835338322906,1.23342390227356,4.68047984090601,1
1.31169335419021,0.934311292159151,1.11974761902014,1
-0.569242396206117,2.25364152065414,0.831397466200471,1
3.46826230081974,1.43338390409895,3.62162931091229,1
0.948484967190978,1.55462796815126,6.28765960174434,1
-0.246102933421268,-0.800650716608932,0.792341420735152,1
4.19891109257939,3.37774017989178,6.93264028313588,1
10.0988117714379,2.83665075880945,7.99617674998739,1
0.456871631941687,-1.35933650341507,4.50502544783999,1
2.48097470262894,0.418988822628938,4.59894904941114,1
3.91611173783613,1.70458839784822,-0.511463684493909,1
2.94041049678311,0.0615892297534192,1.95196825552494,1
-2.11657754953939,-2.32213884750926,-3.10963139885215,1
6.30889900977533,4.03413563360052,3.47836841973016,1
4.47296407739161,0.411472795688437,8.30731376343925,1
5.9885818796493,0.544365297223301,4.38279911138319,1
1.65398023464698,1.31581063806709,9.8835772513569,1
1.88423277318794,4.7362928921359,3.79281972587094,1
4.96849972950348,3.21143084179716,2.30217670492986,1
1.88044526063838,-0.975018014814543,5.09010095900542,1
3.60537330308722,1.7895627323206,3.97143549885926,1
-0.473735321414588,-1.02062168901945,-0.770019818944893,1
3.06577776688561,0.863244248410858,0.739275477444896,1
5.0578799473093,4.00221850810296,6.75359363601312,1
1.56048920280418,1.82406559236644,2.98011509711456,1
-0.0304240491892664,-0.28013299660078,3.31874110360108,1
-0.287179302026111,-0.847572442226124,2.26353489614633,1
5.23847232331923,2.31838611975654,3.94907444552802,1
2.73323269034315,3.00160468486038,2.74202613854262,1
5.80376783433723,0.826840344685741,1.574082653839,1
2.48922274187439,1.38046364454687,4.51580454019861,1
1.38159466743987,-1.21377577653175,0.930571393223017,1
-4.04191673308105,-4.04565875314043,0.0809891535160272,1
1.10044559120018,0.0894637631746954,2.5971252412027,1
1.84352413785629,0.617383812817468,2.52279541281514,1
-0.0226615899740206,0.562018602870172,6.69056675357251,1
2.26275033937065,0.714148004892354,2.5849915961432,1
1.05995685865739,-1.72133563237968,7.86766040454033,1
6.61906756041482,4.20900948705942,3.11966224639182,1
2.67879209457213,0.237775769038034,2.13222142133338,1
2.59154302217024,1.22665860863563,6.98863522001271,1
2.07661770605653,-1.00212071045638,3.70261993799523,1
0.752411050623982,-0.906346818176279,5.72398742521002,1
2.68767487422227,5.1418135647924,7.68766736629274,1
0.43568253468627,-0.436894245243133,1.49033317410513,1
3.11570884051996,2.03379229388014,7.03203622693059,1
1.99793798196556,0.436612432838238,5.92632934357257,1
0.21222271063996,0.786964352403282,1.11612950534803,1
2.44150248215524,2.41304318813008,6.98903010028596,1
4.97303400935967,1.36687187416829,-0.0652356757414125,1
-0.497637356718843,1.17943138411943,5.55239755554389,1
3.67666217810729,4.66323873593901,9.43375341497633,1
3.49809485472294,-0.770494404893138,3.02000799562411,1
1.00435041387733,-0.154876108922197,5.09529579880784,1
0.2477869901125,-0.192222509682126,5.31961803072396,1
-2.02997029301033,0.223887098938171,3.40250910400181,1
3.70272374883215,0.751338584740126,1.17965895624502,1
2.65509862308786,1.62792124193155,4.81678339579832,1
-2.31890874235824,-2.58467140067843,2.98616584491349,1
1.19347010823333,3.89103815024081,9.49803288403449,1
-0.79998294443456,-2.12105377074904,3.92675250424162,1
1.67006469134323,0.811722156734974,3.12319668160415,1
6.32041355467565,1.61053859410685,5.99716688316285,1
-0.769271081916314,-1.65311792731782,0.46132619916455,1
3.80783808453396,2.69570346371175,4.64493353321025,1
4.15215181639245,2.16581718068034,1.51530447740574,1
0.859658907628972,-1.12915442477952,3.30187368341003,1
-2.36638086284492,-2.6197295498247,2.19892698526488,1
4.5415743887802,3.64806735234997,3.26445475729016,1
0.802891221993887,0.46796644231775,3.94866426217611,1
0.360647876686928,0.222682776044408,2.37449407728743,1
5.25979144435492,3.5061588905466,9.78475400081639,1
4.32160549031041,3.84567685456031,7.98185604843239,1
3.90475876414485,2.38879236166225,3.88341998329233,1
2.42441418632809,0.0698071813161383,5.76543575545728,1
8.67634206066233,2.2907247420881,7.03800436449963,1
-0.40788466355493,-2.46554498317414,1.15089275268141,1
0.772425037789209,-0.766211729972827,-0.201858226531765,1
0.0724952569947503,0.135287776129106,2.24227848457876,1
0.0923404037223929,1.06148747272666,3.42391462543263,1
3.13452048425166,0.177350127311044,1.00114751993659,1
4.54478274675127,1.70282574855427,3.90897990217493,1
3.36623745894569,1.93562249419776,9.57629214437955,1
0.991030145231057,2.00768658494605,4.0574139021528,1
4.25608931916451,-0.781353737877497,4.77677714378472,1
2.98666670280983,0.862400676650023,3.34070847790702,1
2.08260408037008,4.7374456458257,1.44015054305201,1
2.36089878335437,-0.313446949842518,6.58617257376502,1
8.27481918357089,4.3859130247887,7.10537444624014,1
0.442569192624441,1.33352502813938,2.51930431926221,1
-3.03855539382965,0.353541547841153,3.87107337300468,1
2.96854643239864,1.06319638046039,2.80562629767401,1
1.80573362650982,0.418058190209386,8.04426233408596,1
3.72804500310175,1.05970432665283,7.46010586873827,1
3.58508179712621,2.35878709940802,6.51834271705598,1
1.74227925083625,1.34158475892527,4.6768649997587,1
0.392503510808193,-2.22623332182577,3.40464459545887,1
1.55073465281367,1.37193235613165,6.94183168253743,1
-3.58801016813505,-4.52586136086531,-2.57312691123419,1
-0.580039758466328,0.416858999866521,5.33447813845517,1
3.14482060933244,2.41434733329381,4.71226740978634,1
-0.282269142072111,1.69304040468801,2.70954509058365,1
4.98725099265251,3.08021206126342,5.43311182651851,1
0.313514575662736,-0.895940889708688,2.09061958106821,1
1.87798252915057,1.51335601548871,1.86463581997182,1
3.37733947096849,3.72044944548027,5.53662834928903,1
0.261082661667363,1.81273206938054,1.50270011355424,1
-1.14940172480634,-1.40067982575084,1.91140117015651,1
6.05120670837103,2.88192794294014,1.97649716912071,1
0.404637593246711,0.955625664248121,2.93758019409144,1
-2.35789285520632,-0.222446987458699,4.54097467837159,1
1.55261311848345,3.87507377364003,6.64854616769441,1
4.51448032928074,4.01191835332413,5.28792166231268,1
2.67268180340658,0.720025488246701,-5.52106205867753,1
-0.701443592477259,-1.88338404534634,2.15118659643813,1
1.82665422449008,-1.06907735353739,2.41365405932923,1
1.00040607429342,2.89951852946898,5.24411904136016,1
4.1601390655007,1.89512978878822,4.54018974013793,1
3.06426067842045,-0.551063682171297,4.20809008109423,1
2.83136008719529,0.979570337516187,6.08543133059066,1
1.88075740104628,-2.07738806939392,0.221542024054819,1
3.52835793968359,0.604976403513574,3.12186526182351,1
5.80792463446694,5.41434519432452,5.57296718318381,1
0.535833722058274,2.49616449844607,0.120694999976861,1
-1.0967876508885,-1.47379058551706,3.19162384485665,1
1.68465163850894,0.494974111164378,4.91991437093372,1
1.16267298213782,0.561002235141402,2.48719289071373,1
2.39214227495017,0.479949614257877,7.97431067234827,1
4.12665527012909,3.24972119597437,5.45019476433461,1
0.975382871961962,0.688687638004684,4.87868999842098,1
1.52801625051461,-0.229080116846966,2.59892934984368,1
-1.00358116211572,-1.21335141052252,5.11806639652645,1
1.60675082460515,-0.348254399590888,3.18839402906376,1
-0.316998570147747,0.53289253836663,1.08006831203999,1
3.41415841024952,4.3266142326885,6.98058444174281,1
1.48901453919316,1.96684654867335,2.19400862344358,1
5.27534412728224,2.0326361809775,6.26022037926166,1
-1.72450492858326,0.648149936315057,2.56712105033268,1
1.35222367317479,-2.10306162458254,-0.483828793907536,1
2.77092322127564,2.29786895028519,4.2642772340447,1
3.63545175219321,3.98086877291767,1.51212646202694,1
2.56200055337388,1.60091736526354,6.76187297260418,1
5.1258833580857,1.19803948460983,4.33845469067789,1
1.45627632981897,0.748050726523344,4.54677391624952,1
-0.236429088603033,0.822990480006272,4.7279356376409,1
1.16305833356084,2.32224599812831,3.57152442437735,1
1.23570721547887,1.69857628231237,3.44926273360406,1
2.38815132155506,2.20230768819666,4.15578659956409,1
2.55168243209399,2.79710427651607,6.20486078583535,1
-0.626803091226913,-0.0789355185988101,6.66558282437128,1
2.07905700735803,2.52217690613366,6.12340064228635,1
-0.704649226908268,2.22157687678059,1.47681805895392,1
2.27664298591749,0.00527737583382182,3.38159364401411,1
3.48894342787491,2.97566583252973,5.795555376632,1
0.551020100570284,-2.42357254332263,2.81545693494383,1
5.70527374640348,2.60957067569011,3.56772758664945,1
0.954103613553509,0.487034792171059,5.31369186148136,1
-0.923065063848794,-3.99388196505812,-0.308672807266372,1
1.63413320513966,0.437587911309053,6.73095496898406,1
3.35327420979258,2.68940770789106,0.684223980887033,1
2.26066317559088,0.195600183421756,2.217946191569,1
4.93208261585581,1.50739052275463,5.79810492851409,1
0.132415645888955,-1.8370112911433,6.46855555736174,1
3.32111876953823,3.8202024704895,8.56676763745745,1
3.02496368826718,0.176793966823295,4.31215317094639,1
3.5964767500869,1.85278979533092,3.82498190489726,1
4.95466576431051,0.73989242727466,2.45523337043917,1
0.563159827723564,-0.159907226363817,4.46730644329975,1
2.71530098506328,-0.334780487952485,1.80516859888568,1
2.21668062704439,2.28075698031472,6.0841500368638,1
1.91289952026045,-2.04986668122269,7.71909445932814,1
1.55270792173936,2.32594026466699,4.29724616879887,1
-1.68230803427051,0.120559713288083,2.25206398276766,1
3.10814323742855,0.374836715209115,3.04338893772161,1
2.94037534227134,1.4035269191839,10.1021488658325,1
2.19572121198527,0.367556147079739,3.27258157549241,1
-1.17200372750733,-1.45765456330096,2.04298708152116,1
2.40342814636291,1.39551663976805,4.66208338948809,1
0.907583925884514,1.54163338670884,4.16189406547885,1
4.97239800988041,4.48388295776895,7.1724644323419,1
2.85128589199217,0.690136089494374,2.48101038853927,1
2.37542809037991,-1.58543381324605,11.1090746056491,1
3.50669784861377,1.84285305288272,6.87516154353383,1
1.58854981192766,1.43013877443961,6.72482408902902,1
0.40895310817914,-1.00232272445207,-3.10471117572236,1
-0.463465854182721,-1.38892413504514,4.68075517301209,1
1.04247772827199,-1.13791629136899,6.87368373396478,1
3.37966125880281,1.37015054810915,6.63015968595666,1
0.331869518843832,0.927696683132552,3.49704018000613,1
0.633897449338685,1.19639391796449,0.623111469717555,1
7.02954028564741,4.50624066699549,6.65387490090525,1
2.76431473177764,-0.880316779139143,-0.0805680710344046,1
4.20630382519761,2.70652492004126,5.54573153733022,1
3.61739903605661,3.761116927383,3.65939552603024,1
1.18051111779195,0.610195774215111,1.90622166549717,1
-2.8042716130943,-1.79796574509214,4.97469164435181,1
0.07259584866386,-0.00496174968043483,4.25527825126382,1
2.32315883763709,1.96801826985136,4.06374151566642,1
1.39130113651679,-1.30622498411005,1.26033193882561,1
-0.108194654051488,-1.48606302950073,3.61539308259483,1
2.89042435405929,1.02574333303843,2.0221449659391,1
4.26130736581057,2.05463710654665,1.61545608071483,1
-1.03967954194886,-0.359994247797779,2.03846052981665,1
4.41179155289541,0.0576740450447437,4.33285864840907,1
2.81119601581242,-0.802231356160465,3.06299331105529,1
1.18964846059416,1.35577903756866,7.96711992941618,1
0.0252090377253249,2.28803350780293,5.05451403797394,1
-0.00662425366903552,0.450493860816875,3.42209613812147,1
3.13212812768966,-0.986899230773103,3.30521818594019,1
5.50632082172108,3.20815041662571,7.24137652487273,1
1.14913696079943,0.691543464557829,8.27305834838772,1
1.52517719470894,-1.29056227542192,5.12110492133948,1
5.55458330507575,2.07710854942624,3.73699599179129,1
2.49530922109459,3.81453693329861,7.15186244964534,1
-0.342282611167439,-1.55147443931076,1.29352914687917,1
3.1802801552936,3.96342111800688,8.15169707827661,1
1.03221945443596,-0.271717839338828,6.6434468592972,1
0.712141734449195,1.18364744650532,4.03038396423583,1
2.10085170924521,1.82919712188097,6.75892898904693,1
-1.59002590060686,-3.89720101737418,2.77666320669141,1
1.95827787408694,-0.409876172510638,4.95280983754981,1
3.07990771553446,1.17304581778358,0.459155189636956,1
4.29108776621838,2.75292779807975,8.26779319712906,1
1.71623845179578,5.29825549201128,7.8624171210546,1
3.6331454705466,3.31970959939661,3.71682882707371,1
-1.78620427144317,-0.819075917490848,8.03317690693243,1
2.32888261806137,-1.48105909167019,2.29370245439228,1
5.10828300402421,5.57248831278129,6.15640568499739,1
3.10541609513692,2.43848027245887,3.42002887372217,1
3.10353368244087,3.12553758811546,6.76821159887127,1
0.267537024741235,1.31541511684011,5.92519235106442,1
1.84615425262181,-0.62601225508059,4.05226512798997,1
3.16040330742923,1.32824713518971,4.43499394553167,1
2.86826335803338,0.817790120849367,3.30710560415326,1
3.13800644808361,4.82068922183614,3.42564954883454,1
6.64647747078176,3.04691631637065,4.20883420045007,1
0.268911022920218,-0.931892959362296,5.00043288064951,1
2.91640589212852,4.80748671465308,8.0447251482866,1
9.35065377831305,7.52745857794462,11.414474159041,1
-2.15897489482778,-1.65312727035682,7.00749868936698,1
0.612263666580388,-0.328370549557433,2.05309862669715,1
5.92524807273708,5.371727260142,2.85101289406835,1
2.48636255041022,0.247899927453345,5.33508803604416,1
5.44527906946242,2.27128996894986,6.49833344106381,1
3.31135966138597,1.62596158018991,5.57931041351077,1
0.331366178664852,0.77284162752449,3.63368669016421,1
6.64043218522734,6.12740818286207,8.60791766799795,1
1.99640794970204,1.39926127530556,2.33918627820661,1
4.7741374817175,2.09683307796061,7.16140802197972,1
1.81289037551841,3.56607183075362,5.18580654826978,1
3.41780920981913,3.15802268480047,3.75328658061004,1
1.14594853791844,0.825521960943949,1.12798309625115,1
5.85264924002006,2.81799833273664,-1.36061451976628,1
3.82962637754631,3.30732708930923,5.79575283116244,1
-0.639741457086022,-0.0796179207687449,3.90504718269126,1
2.29818428916681,-0.0961303190803409,3.19605456993443,1
5.46279675577228,3.58132878581578,3.22725661185845,1
6.58116576438798,3.34553763295751,3.98580892729006,1
4.38491352069793,2.2798476470191,1.22283072162875,1
2.50131687171937,2.45243917935077,5.17009408221061,1
3.97950354661678,2.23987459536257,5.61006247898264,1
2.88083157252432,3.58429381224444,4.17709222515637,1
2.53548583746207,4.41152394692264,2.07936328898095,1
1.50868796568688,1.87598880261254,-0.916685916703017,1
6.32329706631688,3.92824727583923,6.15975848899549,1
0.0551517859922444,0.0814110927934835,2.15051659848294,1
0.506695885282775,0.656583761914892,0.719640928482788,1
-0.280527766811564,-0.684880519776855,2.72319310756684,1
3.20931602425525,2.39314854199794,6.14659096813502,1
5.58754086377926,5.03137292565133,7.81048626828013,1
-4.53080339008447,-3.34369277877765,1.98955776835233,1
1.34753151499826,0.51061817414437,5.58558362441906,1
4.52648830363965,3.20399234199616,7.0561866721501,1
2.13404532531727,0.21530748351512,6.98366986577869,1
2.07375127692978,1.63331839111149,1.29398123979136,1
0.591259684989661,-2.07582994608251,-0.138542938327599,1
-0.330238710399012,0.353153609095464,4.55261650407542,1
-1.1474725632747,-2.51929850835972,-0.573913209097735,1
0.252561521100682,1.67023034071782,4.05462902492703,1
1.66252744102134,-0.818757600008741,1.77117323782637,1
1.71919040075588,1.48855793365471,4.50412543323948,1
-1.0404886266302,2.17906766270503,7.51420338675658,1
-0.462575745136173,0.588691918883599,4.26873357500573,1
-0.0154008514478075,-0.874581888922607,0.861499374023073,1
-1.53991692952264,0.556307818985005,1.13377256571154,1
4.90385903505828,4.68602456311826,10.2373054848042,1
1.42680101267584,2.71277067895377,4.57706459303933,1
0.664249177623843,0.441604063568667,3.10880918726145,1
0.448912652739766,1.84733046092716,6.2645446168361,1
6.47826567731661,4.06479715512125,6.27161790329558,1
-0.245240905941511,0.265501589056814,2.13556418394059,1
4.16673389532918,2.83689992634062,3.52943516341443,1
2.84837194590338,2.96572645859035,9.21453081400899,1
1.14015231262572,0.641755472113783,1.6022371606267,1
1.79022437135446,-0.695212232156977,6.5530141595071,1
1.45300001683125,0.611858167753085,0.848527260614406,1
2.96925644366074,2.63990479284875,3.63739067586655,1
-2.06241668084043,-3.29737797759437,-0.40086820397157,1
1.26013622793748,1.67084886250753,6.5530445498609,1
-0.0713559081550432,0.295442922935842,3.65297875029591,1
1.23500518831509,1.14629600068856,4.934398383039,1
-0.044357495409987,-0.561644024609554,2.7937391557825,1
2.97703644829883,0.255628620793776,4.59590056445697,1
0.393527789983606,1.22799441563815,2.40836881355731,1
5.81550385189606,4.87380878372896,6.74788157235025,1
7.59476795443791,3.86864943764192,5.89341790439101,1
4.93887283886878,2.62224014387196,4.872666959871,1
0.604260335465371,-1.11861055721665,4.8957644271238,1
0.932463472021067,-0.63234816990352,3.92320932127286,1
1.64460889373573,0.802263018475438,6.87931103401344,1
0.398572307953999,1.1863926274469,7.26443994367096,1
-0.778365141685786,-3.01837338959465,-1.93472489849042,1
1.92720170419866,4.48767702641668,7.55345431834946,1
5.39888017877815,2.17505431396446,6.18618732000398,1
3.11024623408596,1.48896309115198,2.81879508556724,1
0.589753299602723,-0.867603102552992,1.24300729273405,1
2.59839227209211,2.84575005667191,-1.11183888562251,1
0.215841375250374,1.22538538263807,-2.10771420344743,1
-0.0731169691788973,-1.291692336601,-0.661481066513788,1
5.59346802199334,5.39667735413445,6.68110412675455,1
2.4670043727898,2.22863697871743,0.0752737509880781,1
-0.756809938809902,-0.150497020412218,3.13525699648553,1
2.17875753285387,2.67640865368736,6.62139344296782,1
2.46042191792723,0.232236077934423,5.08621733076451,1
2.83298949875006,4.15396081155026,7.82920126346858,1
0.331796005980927,1.25027761520308,0.734486102999237,1
0.857678152817758,0.769248894244485,3.25979296705066,1
-1.07181059947576,-0.705763616978918,-0.18231620180328,1
0.344487255132915,1.11802192563319,4.34183128322239,1
-3.97112543072883,-2.80918481860508,3.16242300276894,1
1.3608568591614,3.4885734523497,1.622010320912,1
1.3924049946326,-0.620937524625891,3.04884101472437,1
-1.5372402842703,-1.48707241425202,2.87272919760132,1
2.6546637634117,0.905879093759806,3.44336135103112,1
0.0668671953616393,-1.09031206443605,4.81646480119162,1
1.27684705318774,2.52403762624656,2.14062257470083,1
3.53823697607001,3.23763617766339,4.31606302712893,1
0.141529171676703,1.14957384871112,0.761859213534117,1
3.24635925778357,2.76207562668283,3.5148921116196,1
4.95918318209806,1.77400503984518,7.69680075545383,1
7.02150158612544,5.35690832582078,7.69771275189599,1
1.68155007996417,2.11138893510158,5.3392671534958,1
3.28685120722943,0.731513015237692,4.07137142405014,1
2.7608562386167,4.39207366351761,3.95014929251825,1
-0.947196199261943,-1.59669060409028,2.27957728904851,1
4.94005590301051,1.85935975457483,2.45603290678558,1
3.86751824406968,-0.288775490240705,4.52229143128829,1
2.02677207760833,2.09197938431627,8.08595255942422,1
1.38567197009885,0.647526248826803,4.15131244976349,1
6.31679575626042,1.71289082653926,7.36728086950991,1
1.10356689180533,3.18369453117411,3.59020504130078,1
2.50802517518636,1.00838454563562,4.25353199235818,1
3.90398710566866,3.03777437839955,7.69786281789544,1
-0.159353909600088,-2.55043145239872,3.16305717201255,1
0.472113912076168,0.653546749915637,10.0965104387565,1
6.66897257787995,0.516208844357776,5.33152848662729,1
2.87586219447495,0.941829648871521,6.63639727607981,1
0.530823865225571,0.115291412702463,2.46023934614338,1
5.28072621149071,2.1163542382884,3.93640936560974,1
-0.0607446396531746,-0.160047604267142,1.80493940700122,1
1.79256698917376,1.37282065529241,11.5297474226537,1
-0.848825474817331,1.4007258865008,0.196185678029205,1
-3.1143822505069,-1.24645735973226,1.96645611925049,1
2.56371957265065,2.53840721998773,-0.419592341458276,1
2.35788095010441,0.0170318395092507,3.52862971544236,1
3.26749558507948,-0.111270929942666,2.37792873028484,1
0.0191981370122527,-1.98307142496906,-3.33236410477208,1
2.04685799682236,0.973859832286126,4.80132398791738,1
-0.0715067738840598,-0.557033950737681,2.67101030548232,1
1.30608472806238,-0.488797320362333,3.69294951721578,1
-0.049949379163746,-1.6063155594218,0.542164467648778,1
0.680463301884612,-1.96251825663682,2.62622234892726,1
2.62557701279615,2.44229572057944,3.47212478111972,1
2.13007902092903,0.941907284984911,10.1647322097868,1
-2.31257663281192,-3.89346082756898,1.55055998895248,1
1.73906835543185,0.309183897579778,6.67194067155925,1
3.33969022022243,-0.782775140072077,7.88546317130707,1
6.74806121157472,5.19060114983284,4.66030169876883,1
-0.427419732319778,0.447485645811336,5.16977356077041,1
-0.251794902093606,1.59940436676036,8.5502833818195,1
0.372650093412907,0.630158797787133,4.44040847476851,1
0.641678533208383,1.39344915813143,3.24800135031053,1
4.90247458302161,0.730230053704488,-1.77362392427726,1
5.4852668210826,5.01804493706636,7.33319893857489,1
2.84343513130216,1.52208391726862,4.05555695996915,1
0.88683184468014,-0.78750988954291,5.64814841598726,1
1.2745793781186,0.259012814440674,4.64753246221388,1
-2.48707001946337,0.751193013344219,5.51102464389842,1
0.974451043320667,-1.52556887577928,-0.832025499747864,1
3.77070761342449,3.9804469873264,7.89257465156037,1
4.03340432041291,0.622966548208634,1.39575444543124,1
4.98727863949341,1.91941918534227,2.56609343738876,1
2.2844185959864,2.56819746681772,4.79648673441763,1
2.95758928358251,1.54809828563624,3.89472389735886,1
0.671509352340708,0.587110946273791,-0.515629450070904,1
1.93128307893073,-1.83300881531658,2.64091018730797,1
4.30676434861465,1.75972289221002,-6.52183700975382,1
2.53938836605256,1.83176752463186,4.90361004576357,1
1.21049121208225,0.988642499109058,1.94288127008823,1
3.60581772411831,1.16809425124054,4.07451612589464,1
-0.650233097763167,0.0497710705907588,2.56350454254858,1
7.13051705565875,1.48568081217127,10.6242084168674,1
-1.25875222805398,-3.70294083760442,-2.68606650441795,1
3.28204669919847,2.64928253194213,4.92938567235785,1
0.732090620452575,-1.66933450792955,-1.12400168072687,1
1.74015848615416,1.52500750566356,5.79080208180319,1
4.31912866275985,3.09517162022816,7.18480370436191,1
-1.26964885391001,-1.31921037179009,0.698372611329126,1
1.20208295778253,0.356718338858182,2.78427246833497,1
4.00171090931963,0.125817905804063,8.23920740472507,1
-0.0344955839186891,0.614250424408675,7.03706240848858,1
3.32786098055187,2.87963683253357,9.50392980708302,1
-2.1239849297174,-0.632430877082088,2.17140235681784,1
2.79797943956771,1.56368225095254,5.65327432894331,1
0.0425133150657748,-1.44461112149925,1.34984259478844,1
-3.24222420441148,-1.25391101063872,4.74537409516878,1
2.70930219936802,-0.524096774599313,3.02842894448071,1
0.0297588644428721,0.830499801130311,2.68386014879989,1
-1.24115848323254,-1.03422255407209,3.00172549209366,1
0.679775415519621,-1.21386220560689,1.46798154937809,1
4.92715096417695,-0.716296771733585,4.85876755506264,1
-2.83688430072039,-1.36260179697126,3.16780966172743,1
2.55375436734505,-0.586830741533294,8.49378974889596,1
3.46765936926727,4.05046440841323,6.35517001266304,1
3.47882018612729,0.889593507315447,6.9913346038888,1
2.76289299972818,1.78487036096219,2.17737377143154,1
2.37391937156981,1.77366210336401,3.64304849353986,1
-1.29712522846646,-0.478419886857381,-0.279411360492594,1
-0.140262078634553,-1.26600455358385,4.13444861579089,1
4.04072212917516,2.7942319422322,4.7025088956631,1
-0.433578103938125,-0.492090319133904,6.74525021622517,1
2.23861875827757,2.32317449639954,6.29414198515621,1
-1.74692258367339,-1.8345364243214,6.98631134399298,1
1.9544378487255,2.15526267755823,3.1052304424892,1
0.333482562345107,-1.06624265273122,2.52766049162095,1
2.4417380425783,4.71036187444419,7.11244496691489,1
-0.512614538030311,-3.35714225980139,3.76849988593861,1
5.05804658936067,4.03537457265241,3.7928683970734,1
2.91925059332188,-0.563390445374759,1.87117194639398,1
-3.31864454072975,-1.18721060331025,4.39538388152077,1
3.58254649055231,0.667255485058951,6.18130962624538,1
4.95080698647501,3.79291497831953,5.30379672628913,1
2.50285822220981,-1.20452226308739,4.39338397031772,1
3.6078126951494,3.72435092269008,4.82197974402319,1
2.30644381958639,-1.54459506120767,2.64873612816757,1
4.34505315459528,-0.231860931669318,7.59597597930583,1
3.8542145130388,2.83568721189653,3.62789864243046,1
0.569694399625995,-0.56121220404881,1.78674398475803,1
4.50535389799942,1.23745782198927,6.81767262245532,1
1.49737155334565,2.91495231468512,7.34408281117269,1
3.38997363006866,1.7787765566794,7.12331741605542,1
-0.506042804638115,-0.402957994769004,1.15785436496209,1
3.25339691784526,4.4955974650802,4.2500092816804,1
-0.268830387759394,0.74659188786218,1.26502504104024,1
3.35556344714223,-0.707358850147872,1.68990200864076,1
4.65812760112911,2.92261610354154,0.524781631203204,1
0.333938210795099,-1.40873509233359,7.34912760054111,1
-0.50965392016768,0.0594251809796051,0.744813443680901,1
-2.2421789899134,-0.64027323363482,1.70007016811877,1
-4.37823365259773,-2.26868642789735,3.30532863647097,1
5.4181570224226,2.17045779921266,7.08447535894056,1
3.57555343438771,1.23869205602282,3.90652689666725,1
4.27521578980659,3.81638345190049,14.1857415945348,1
0.454220643185143,-0.600887298095302,5.03652606886555,1
-3.2587910060772,-3.15974400857773,1.08362201343538,1
0.959879403166362,3.171190180131,7.24046661941197,1
4.90114264853541,1.11202945960685,5.26641583515502,1
5.73622007165833,3.4959046000761,8.59846766822472,1
1.07263909215035,-0.368255227777863,8.31627706312001,1
1.06688372530397,0.123945890574536,5.61192363586087,1
1.48265248569249,-1.01086851332264,4.51208573273287,1
-0.172592164291177,0.143389607594042,3.62169849098609,1
0.520091994843009,3.58299434660035,5.0106934683323,1
4.8258804717546,5.13143194054185,9.67831819626316,1
1.2867507614595,0.314197697002658,3.83432884901323,1
1.88735463895468,3.26814036365166,3.5813772022146,1
1.16659210919504,1.60677889539045,1.94269639637812,1
4.12417691652215,2.3646261978627,2.56869279436205,1
0.401930269446305,-1.30371272523329,0.561382247959011,1
3.23967136002215,0.791515427166072,8.8835845848477,1
6.43964697700424,0.547314045592766,4.77197132788866,1
1.61873700716603,-0.076104049623845,0.18509982696461,1
7.08268206242782,4.30618148054787,3.55791597174605,1
1.46544372625679,-1.05100759776396,4.7504284127744,1
5.15325990489666,3.47419838356225,6.21714805479418,1
4.52296165747796,-0.284755119857997,6.37800553436292,1
2.82292809720708,2.02239985843638,3.27698279372886,1
3.55734496110531,1.6336494687168,-0.26208657398553,1
4.58237685822049,2.97480796961757,1.23799852788178,1
2.12190242880857,2.45791237069334,6.86394434109826,1
0.826285090863306,-0.822654577880413,1.71278716154496,1
5.04272840900852,0.487073044830651,2.60353211571144,1
-0.0872102256425604,-1.49668207405115,-1.86903861240566,1
2.93520558350072,1.71271100236307,6.56789013297391,1
-0.404908506548324,1.10349773098671,7.65056335673171,1
2.90544911238875,3.18622750025792,4.00643964892279,1
0.740428311341171,-0.869490770595961,9.42343298572638,1
-1.11735338145954,-1.23660374713409,2.66885897973688,1
6.55865659605167,3.59850600747263,9.40503026171221,1
2.13344433057191,0.918216663052917,8.71816203196115,1
-1.48379208002229,-2.71689344484098,-2.46166668718907,1
1.64365293299092,0.710368163043695,-1.63193131022016,1
2.53985899857601,2.58994627947453,5.74686665431669,1
-0.750237581659868,-1.32362042654649,2.42303961195426,1
1.28792937815904,0.769920879532264,7.2374221687308,1
3.02743977292394,2.00527114651277,7.2349382676124,1
4.54735035864414,-0.937506973936099,3.26359390386496,1
7.33265245380628,2.90336389517774,4.32916986845887,1
1.91434776539511,2.9171969315928,-1.35134616991732,1
0.95181355219332,1.12956336060845,10.0892438243716,1
5.31358593628141,1.65979660452707,2.19656546257067,1
0.361903949956475,0.455922719117285,2.82527070748621,1
4.62867728634149,-0.737172027601581,2.56336064737554,1
3.32317500107007,2.24521040235351,7.67689611187823,1
1.26018930671479,0.346706801423614,1.88789129555412,1
-1.4276573225441,-1.76693862781412,5.12445649950699,1
4.58899144870124,3.00071221970601,6.68912566848633,1
4.63760732628878,1.87971948632076,3.04335740594085,1
-1.23120385127852,1.35817592159774,3.69372846475274,1
-2.13792985728391,-2.26120243540417,4.68564456231246,1
1.24709629603065,3.67728289429934,0.187398355420943,1
6.33801018066616,5.79249780303457,7.48587036006433,1
3.57972914027581,0.851881921135997,3.32122150153985,1
7.69718034959844,2.47954282316646,2.13244424645803,1
3.20469965307637,-0.408933287096117,7.6224142291403,1
2.63700627149424,0.0193057472243979,2.00822058383196,1
6.59172612333013,5.36357627540308,6.6244170138903,1
1.98667121644945,-0.243485396430799,7.25331624837892,1
0.991372188637346,0.0251223872780872,3.01384200021636,1
4.78818167393646,1.67738632851699,5.07429354934848,1
-1.45269760445222,0.422811486052753,2.85260296480691,1
0.744139615739303,-1.03859417215835,3.61946712426943,1
-0.481155616133237,-0.514963424467566,0.213697789006033,1
-1.50932802669422,-2.21934475757365,2.58820176562168,1
3.71645941093305,0.183569926279197,1.71083777309706,1
4.86484805339412,2.71511658528454,2.25636757714388,1
1.62392205537036,1.2813800704103,3.9671417846477,1
3.77304418992374,1.48397994322904,3.18142463638021,1
1.95278943229471,0.663620117731126,2.52602574416928,1
3.86263232399935,3.48976959760371,6.50492543984116,1
2.04967138379531,0.350329343066199,0.934448189488804,1
-2.63994164703522,-0.458088363630188,3.74417117382754,1
1.14693232457308,0.0449198187955925,3.67835180008319,1
-0.220492014848281,-0.687639428957359,1.63351067300448,1
-0.804852040205137,-0.249000877517763,6.81081729556411,1
2.42129682788579,2.74196324208864,7.57617580401943,1
4.986680645442,4.78389411879276,4.78910654578843,1
4.36648164523981,3.95243957166427,4.72608432435731,1
2.6697853382983,2.31514623612833,9.10603626266322,1
4.62922731840819,2.48592018967455,3.89358803496684,1
4.54815371890438,3.52752813823675,5.69238454690871,1
1.56721789941307,1.50316505162328,3.61235133315341,1
1.71558830097729,0.220263136036362,7.16321989592578,1
2.84904225921371,3.74064831966757,5.04774304157464,1
4.49624573722694,2.79982903403582,1.1697944549429,1
-4.43836074760947,-4.98954311431097,-1.40489375398081,1
3.17144566967961,1.45696390663736,3.56198718499441,1
-1.51767487676386,-3.14909881138039,3.87934382263008,1
0.347433442154896,-1.88829769594242,0.99688164853647,1
0.709708688337964,-0.185285711919033,7.4456612578755,1
6.60106790728878,2.193909260739,7.84164297239551,1
0.280972250803296,1.28297359218415,5.44579986353075,1
4.18832026251632,3.79014929940465,5.76625580631708,1
2.67559146333711,1.58446020961567,4.56227758897378,1
5.05145563480426,3.43168647260586,5.16567725958694,1
3.51639498186111,1.62025522825839,4.44450361874987,1
-1.06017296119579,-0.59233495296133,3.78282464390879,1
2.98449801882446,1.02070192640775,6.9129965206471,1
2.97823619299312,0.984587398025285,2.54360762692212,1
6.23738698502663,1.8982340087327,3.77752998386666,1
7.92256701363945,6.96829199026683,8.28755427790519,1
5.17700357405298,4.17782984154592,9.52387205678012,1
0.602484856891176,0.248130752882858,3.80437395830667,1
0.78888562773946,-1.91177350945214,2.41249710036479,1
1.25166260125081,-2.74043749259639,-0.46869695360743,1
1.84409201021374,-0.955271951419346,5.81800320727461,1
1.15677882290018,2.25114975073575,0.802932781513759,1
3.21487801965296,4.14578286009933,8.42597865614905,1
0.758179583305231,4.49360871612219,5.86988638996662,1
1.29179790161048,-0.983168653638977,1.20368178071005,1
0.47731091748453,-2.39915470385417,0.699825569528281,1
1.06646408823447,1.79591117937349,9.35161316380767,1
5.56171254566738,2.03512684164775,1.59815407172848,1
3.16169755793706,1.08620865218615,8.42955472819466,1
0.192467114165603,0.0904335350292413,5.03529138192315,1
3.87341686565979,0.929073173187563,7.34230443649947,1
-0.797964770760515,1.65361173997599,6.36453948571912,1
-0.0299284295833013,-1.06427476387803,2.31668067496245,1
3.41450913599048,0.349814291067943,8.97018666570109,1
-2.17312175688269,-0.567063828600806,1.89992829336179,1
2.38095640017446,2.02699384717935,9.20894274188928,1
4.39353865122326,0.305065059395137,5.62103333547129,1
2.67343419753924,0.658072033970427,0.641344290165191,1
3.0088068201948,2.84284685831572,5.45874643550717,1
-0.400173405959139,-0.237948452444003,0.956319732190962,1
2.1247026322411,1.01303028868511,0.60294609328261,1
1.1828041740279,1.26379745449562,3.19409691475509,1
0.512656726240659,0.129380316489274,2.03241651420998,1
-1.86167839443386,2.29459584665118,7.76419811388432,1
2.88576477005945,2.06629682732189,5.01881681698061,1
-0.32705193374002,-4.02661613712702,6.24200849432723,1
3.13220520689071,1.01631947077925,5.2648060016108,1
4.53651417361105,4.85543933382744,1.92779930748438,1
4.27996109343851,3.08297820990387,7.30903462137203,1
1.28300381205678,2.84560262546866,3.06476946509979,1
1.11894278930431,3.08756320065531,4.20546676900311,1
2.29868853760122,1.4904720000271,2.50882546503586,1
1.13331777318903,-2.64535771727129,0.0713134148753096,1
1.83561200877638,1.04776784488656,0.731932783151735,1
3.67046091288887,1.79874307619357,6.31746276604104,1
1.59412072114308,4.1345238285218,2.1890199144095,1
3.51059424876264,0.409273523651027,4.23725523915649,1
2.52024232835371,0.908149694094183,5.60947490355182,1
3.39098423862801,2.17907191911439,7.74668938076213,1
2.14210216672357,-0.438858734400361,0.661928650360188,1
3.70883870340766,2.70329773060594,3.30468448603982,1
0.693229276868393,2.60831253945576,2.3478337739668,1
-1.47488338105296,0.308637688571737,2.58567774630987,1
-0.848030794548068,1.50048647992537,6.04369022162467,1
1.63786708296479,0.0245733588178489,-1.33630980397872,1
3.99409138613268,4.13822564432446,3.77005928884139,1
-2.21419938488041,0.456684690988004,1.42211303815396,1
1.54273588422253,1.83242091811505,2.76983092581938,1
1.38971730511014,0.499727970729141,6.15110393780377,1
-0.714160819404825,-0.256312793279042,1.81233760183518,1
5.51762031007243,2.70179614687775,3.88437785213789,1
3.42061208727992,4.03321638615733,5.86112010484405,1
3.64747973114804,3.66294665253586,8.17028926978786,1
2.52826670820247,2.59288146782565,2.42245417028252,1
3.98737421045496,-0.0609796361603565,3.63846779476644,1
4.99968099887665,2.94922705203307,8.20768219206984,1
-0.225487598162722,-1.31688830737156,1.1079860235654,1
-2.03249537592573,-4.59292811761602,1.69097355214473,1
3.36241443947655,3.17308992190209,6.49402797508734,1
3.93644702830415,3.1085048738968,4.63851391903184,1
0.622245779290786,-2.30779541052445,1.6871825026522,1
-0.838220293038424,-1.81117223354234,3.08281343880171,1
2.53860309984699,1.72421663440818,-0.231013226700086,1
4.2476723505742,3.14865576962808,8.79825484295084,1
2.55136279968764,-0.132435439846799,0.336986553040356,1
6.03200731588661,3.81659664797313,5.61275817469695,1
-2.26791521107415,-2.18774600725588,-0.167879971289195,1
4.44812545342099,4.33106689538115,6.02684837525781,1
0.584211670031144,1.85716705219345,4.41250643111409,1
1.02018132734276,3.02847066952556,4.92723651765856,1
5.48651398956465,3.8559956296983,6.74623692745612,1
2.7947533017284,1.13273456511725,5.05142596287986,1
-4.32977142168524,-2.86034298154044,-1.35035252216945,1
4.26674080487363,4.30163778621394,8.01050956974789,1
0.0905937117540889,-0.224676876891303,5.38640221725926,1
1.12812384939842,-0.775309920469915,1.47101351329773,1
5.0090859262837,4.85178800453332,9.31263371530121,1
4.38071881308513,2.68494813894173,8.60186555071459,1
-0.895924150150139,-3.41384195291272,3.74005573678018,1
2.78553319023307,2.9491855889177,10.0547986652541,1
2.59844768301504,1.01613140576932,4.39330257505075,1
6.1543807239349,3.22229281177724,6.6531951196174,1
2.31144724397201,1.981994062665,-0.767940108727228,1
3.79151584091942,3.90697927382401,5.18069423029336,1
2.56250540463437,-1.45765227319075,2.12521253447364,1
1.91031919023513,3.6815328624154,9.62686421252445,1
1.69136206210653,0.708114756944934,4.17945606885643,1
-2.00142848356823,-1.61934848777484,3.96919556477118,1
2.58785852719195,0.813041318039812,0.222993469236055,1
4.16751294640653,4.19921928942184,5.78271741988806,1
2.7079427199953,-1.13561063741104,1.55471487327729,1
3.61712204391638,2.0705432603693,3.44512452925115,1
3.29599114798493,4.11178734908349,1.6845597828137,1
4.72076434831774,0.568594562469569,7.16097649431815,1
-1.12161594285464,-1.84208235652165,3.0603374895446,1
0.10730115331611,2.5475538767233,8.00625419437471,1
4.00235187109005,2.54424232729354,6.58314271254394,1
1.45114884554749,0.547455916348295,4.07413163994523,1
2.99428088850607,1.94268436923109,4.75420603798353,1
3.54941400723239,1.83178769562533,1.81681232459252,1
1.05965873005658,3.58097928102995,3.16964973067931,1
4.91764616444411,-0.112695644930254,3.42096972774894,1
2.0705581882988,-1.89439041394062,-0.369270361603423,1
3.43310376507615,2.55793433734779,3.40466433064444,1
-0.732740010064629,-1.54548770420435,3.95856155912281,1
6.98652979606675,3.6713403527742,8.85485910808129,1
2.43145413301706,1.32586116280942,2.38690092630634,1
1.15687618036773,-1.19720074862946,0.918249886610247,1
3.21337277069236,-0.993550343137625,2.70486169372359,1
7.34797993305052,5.66218033433332,5.84891800446339,1
2.20297187894254,3.24474560633106,7.91352374170496,1
2.12456847548606,1.6041444999345,4.99946026033775,1
1.68718876814873,1.31380793999506,4.47170378293012,1
3.18107350458478,1.55970287541368,1.8279064664271,1
1.64664779279369,0.625257898643731,5.047990641566,1
1.19120467624042,-1.34479646351486,1.66107173283689,1
-0.914047801902962,-0.952037718791527,4.52648837812266,1
7.50840463210514,4.30894324931139,7.02195999657555,1
1.20797177552691,-2.30068422639524,6.10724223083598,1
3.55088148363122,1.44008949654864,5.25250003895129,1
3.95517598017024,3.38535165115076,5.80174494728334,1
1.99027075411826,0.979146931569782,1.52912588697553,1
4.5266710456073,1.6155354682508,5.38364589469162,1
2.369831021876,2.50400101056365,7.82184406296313,1
3.6528445690765,-0.333845837875149,-4.89516465677497,1
4.5395859174037,5.12091511898821,4.74664104967195,1
6.31595539781436,4.85643086437714,9.20746549705393,1
0.285820569883696,-2.18558626444133,-0.731113417630739,1
3.17054834035471,0.589525884601395,4.87116769435183,1
5.61227519153648,2.91143795311503,5.95849147373517,1
3.43824751418502,1.78161157926497,0.948586281335759,1
2.71069643062597,-0.205566326867165,4.23432253244439,1
-0.464483306561255,-1.249632130072,2.4048613104716,1
-0.263734814808407,-4.13424602802176,-1.82402862060244,1
5.09834550676207,1.9172504803584,4.86694887975586,1
4.24113469686005,3.85666123943834,4.13535822483606,1
1.85107881636965,3.30174183904316,3.59916443818982,1
-2.47339443564692,-3.80157659137043,-0.0274235122238071,1
-1.50851921031977,-1.61715096012816,5.37086097461108,1
1.46633902533466,0.946449643774504,4.43896430680442,1
4.65095420429144,2.91732845911204,5.19655577645581,1
3.26457184793434,0.939116423496878,9.87138014028207,1
3.3646926987752,3.04493237470319,5.83669480162624,1
2.01301597022903,2.86149661667639,4.38790244246858,1
3.70560858260752,2.61437181612181,2.21857899503446,1
2.99593136878959,-1.72457743800241,1.82955940901394,1
-0.319284266354628,0.494703168659594,2.82614228378275,1
1.40099204820707,3.39126259235908,4.4149332405215,1
-3.0179772618402,-3.03725656652499,4.7113147053044,1
6.37137503395532,3.4668418545259,2.18640902823191,1
1.79779175592178,0.10907125607345,-2.63170189712998,1
1.50551126941122,2.27982390944573,6.17255898787398,1
2.71107335396299,3.0193432946525,4.4795417697765,1
3.54642676865361,2.96455113240485,6.24299766579244,1
2.07950759941142,1.13619495916854,2.93430638596366,1
7.1191467125295,4.21752832636093,5.88013716263594,1
4.86953876670882,3.16449080693896,9.73200390810466,1
3.8229808049595,0.463901567010938,7.10561817616473,1
2.969230741574,-0.593468079639075,4.61990079359336,1
1.10989050335219,-1.61671788373371,6.90101206554968,1
1.76103550664892,-1.78452147142917,-0.811763763700353,1
0.590523623894021,-0.255905309682568,3.31161659483618,1
2.93227728321992,0.592478462412333,7.20344890433049,1
1.32398323843504,-0.0789816974693405,4.5450824924703,1
1.18089820263441,-0.290533824285248,-0.106683058201774,1
5.2229117949201,2.29654331311271,6.3647475143362,1
6.47538553719491,3.41635282546302,8.88684966851306,1
-0.0561281933629401,0.227732922791745,6.9956643799626,1
1.32504755159498,-0.305700495690308,-2.20189949463891,1
4.72629995589588,2.79279906972909,4.20645409354681,1
-0.801832347720829,-4.16941167020455,6.45035325359193,1
0.700799331033756,2.12490223624515,1.1659172050196,1
4.24169257286314,4.83230477021671,7.15570679850055,1
-2.20858134828317,-2.83282576294065,-1.42773302447157,1
1.04809128496021,-0.559082781206504,1.63159231053574,1
-0.00190628971768092,-1.49534039587039,3.79342213483897,1
1.91626554702459,-3.51484066078717,2.77647113676345,1
-2.82040176900681,-3.12957380560993,1.0794370681963,1
6.25450065142765,5.52885892042957,4.69483756482035,1
-0.556761370865631,-4.07359254933113,4.88103932285778,1
3.43262645094203,4.59834777120486,8.9134927072896,1
1.43952873231003,1.40951321015098,3.30219239830698,1
3.7567951374081,0.496953022130982,5.54806312943138,1
5.10817417224676,3.87283145064369,4.61588506079145,1
2.17803723618424,0.534394588156883,3.94710567744465,1
4.68955118975005,2.52367845778075,10.9733049762118,1
3.89167355026504,0.944592448884744,8.37281395916288,1
-0.609810991876527,-0.814065663214745,2.08407752804043,1
-0.358068936741912,0.679871214606708,0.46390864209151,1
3.96606618610203,1.27655365039137,1.69928774045686,1
0.663559024334311,1.65521339208167,2.54765512319707,1
2.81678189469387,1.63135118980531,7.15207707418562,1
2.81398596707788,-0.201455560617831,1.83430385855471,1
1.89001891590501,1.87402695612232,7.13689839080782,1
4.6849928668679,1.63524425590122,5.93607762455555,1
3.32497780211658,0.218612797492472,7.21955332792501,1
-2.01935048396349,0.264387494766109,2.16126413793983,1
2.443447451848,1.37523530964651,8.43929071998117,1
2.81848854573941,1.81013933038924,8.52357746161841,1
0.339403027140192,-1.42294225805073,4.51148640251843,1
2.1998390016613,0.886116551646203,7.13115951770023,1
7.12325970544173,3.68244865736139,5.59154415506802,1
-1.8984925894235,-1.62283492320215,-0.186178528011395,1
2.54955339090977,2.99668643690012,8.07515154406439,1
2.46358724801957,1.45061663664901,5.24388056626589,1
-0.376134951077286,0.0843605911619629,2.01898436545629,1
-0.588795541456022,-1.35463795407091,5.65068006687325,1
1.0845573546623,1.09891004512977,4.60171142313051,1
3.15981433022261,-0.559135259136106,8.05151048550023,1
1.14329799500207,1.23212426594347,6.01715205570828,1
-2.07238979344352,-2.20318558893879,-1.12790362137052,1
4.71403617477264,2.5987939314181,2.9904606953268,1
3.94107640843123,3.46065428943075,3.17987085746794,1
-1.17611498157635,0.515903711166653,1.25046434138042,1
1.17687929395494,1.09932076965468,1.71608305002774,1
1.41865757312506,2.9086003131417,6.31131542990839,1
4.40476506045045,2.49830049990803,3.10473982707204,1
2.09175480681701,3.88368788190708,5.77068807312797,1
1.24202498608265,1.26208312692815,4.33213956453287,1
-2.32335544852115,-1.4015052846113,4.15002950163211,1
3.22064874313355,2.7392937114014,5.72435863177782,1
0.168277771595474,0.618031217593458,2.98125435837825,1
4.3392644842088,1.44244903942141,7.14217886726384,1
2.05347985214653,-1.61001171007015,4.56188598316172,1
0.820580055784285,0.812927287586524,4.66239469431959,1
3.58017104349313,1.02088484823498,5.89151200316685,1
2.64755512967507,1.57390650197732,0.725872163557016,1
-1.45182250042396,1.68774604659513,-1.77040873622318,1
4.33415630006402,0.763092564501786,1.75555903404253,1
6.61728364540524,4.65074147507146,3.05647297689573,1
3.00816389839655,2.47524912580348,5.41183389872941,1
3.91977893683766,3.9598635375179,3.03341488759717,1
-0.93701265226676,-0.54433025211391,5.05962117075656,1
-0.868771070454375,-1.29251095859076,5.96202787945496,1
-1.21150467606449,-2.18304767812922,3.37519189601122,1
0.294367454579755,-0.530066649142522,4.36875996965634,1
2.08468777838905,-0.544369502054514,1.73126654107206,1
6.11423833238769,4.50137030033882,9.15889566491979,1
6.3945617566198,2.59604413375312,2.26340261623361,1
1.07745224634532,1.37004099470789,5.20952886888401,1
-0.835031264016199,-2.57675346591282,0.961840931317153,1
3.82517567332925,4.65635197801732,6.40556483486503,1
1.87885541954222,1.01737923362391,0.24554329262335,1
0.917051725714357,-0.804214617953201,-1.36924967755095,1
1.25051218399424,0.143329241211237,4.74689935226286,1
3.95423594399052,1.80970333276014,2.99309227225708,1
5.33992012313466,2.39715196932677,4.07214287402453,1
3.91302626273606,3.81174927882491,8.67518393341617,1
-3.48741204657886,-1.72525232057808,4.7381774321691,1
6.31212961451381,4.84643641927363,0.890262414036314,1
3.29515984236921,1.35234839087781,3.28925258303207,1
4.77792663855927,2.13449149145357,3.72282371296966,1
0.569226132318789,1.61953017437881,4.1600014409943,1
1.14307844330465,2.72054877767507,4.26735322852165,1
-0.43701465150996,-1.51162848721534,1.11881544627693,1
-1.80781746059785,-1.89370075825928,2.33487195853006,1
3.23766960363474,1.23302783867506,6.30607641253309,1
2.18515583724357,2.6292797504534,4.90592601096082,1
0.717030971096114,0.239508125392608,6.65980708348437,1
-0.189782846444659,0.703769190695999,5.84494520404959,1
1.17363913648782,1.31316241674603,5.63320261006282,1
1.37932392237677,-1.58509541279332,1.62140881351174,1
1.69320255443039,0.0758762555234604,3.94686409596394,1
5.93131217953948,4.1956774711751,7.08362561846226,1
1.68930383916352,1.37267525339638,2.20146861703555,1
-2.72370723046548,-1.81839286092269,1.78879846056233,1
-3.4805176162249,0.699303034400528,5.86680756070482,1
1.8563543710437,1.91548284744949,0.215607572790031,1
1.63765210529829,-2.01627045837176,0.328561891745245,1
5.2979750175514,4.56940553898907,2.76217977532706,1
0.0564246965250732,-1.02427921565099,4.47957648400081,1
1.95815045814472,1.30334667558399,3.135900172566,1
1.08131049188994,-1.1898078694935,7.00168597975291,1
0.43139835024766,-0.508567849123745,2.48496506598006,1
1.71607669253836,2.49798118019041,5.26450434629309,1
0.703377866097029,-0.948829224639203,1.73780802290988,1
5.98054652757586,2.40081517568654,4.68836355025995,1
-2.9685352706542,0.882828270413944,-2.7501445790476,1
5.65609053030987,2.04010202814547,3.21175297770818,1
5.67489936156577,3.60886130565336,5.0621209313272,1
2.8660519928166,0.963698408937686,3.98476125652263,1
0.315981109677169,0.625221012084108,5.97996780717023,1
-1.93602147745536,1.64981585645295,-0.0656988169931596,1
1.10647650432757,-0.0594136320164353,-0.131784821051716,1
0.510137119366319,-0.942614509519649,6.36482631876035,1
1.59472867966185,-1.03493993535014,2.25156004528372,1
-1.12130111990507,-3.34375246253051,-0.818181964487185,1
7.92245517132189,2.40575343634164,7.04952438675243,1
5.25295721627029,3.59091384126396,6.63158461036778,1
1.83559031241158,-0.447242976780205,5.2127896511783,1
-1.20355046087992,-0.452174778597477,8.65433306451882,1
5.56184734283845,2.86571491633567,4.75573926558878,1
0.993243206923244,1.59656644713002,1.25871014340199,1
4.61120047481573,3.07707627842843,5.47240904588855,1
5.23569273788114,3.56940491736513,3.08446803130016,1
0.404489579925627,-0.711414030366918,8.5863880958862,1
1.32884125095671,-2.44432157256393,4.56272666574887,1
1.36308022443798,-2.0115131547109,4.6046042153861,1
3.65906201715472,2.94994198838248,0.480086390109197,1
2.41300991446415,0.0898426400956185,2.23561997815086,1
0.0987897352840825,2.56440368230998,6.03096668957798,1
2.25285156527554,0.191249770228505,5.12714698164379,1
3.80329401765729,3.98423952042423,10.4298885185828,1
-0.682717553704367,0.75394424051161,5.67633139810651,1
1.52814018661239,-1.99848733227811,4.94260760514833,1
0.0880644511269557,-0.423619928095427,-0.761430604858115,1
0.247913263509508,0.242445583242089,4.48444997569942,1
3.8726829865654,3.53433953414082,8.80035251697008,1
1.41852565391935,2.15780746641008,5.60437278569265,1
5.14901266889803,2.92030301794142,6.94693390437238,1
-0.205909766023898,0.03403670322269,1.02819410715123,1
3.63250281232036,2.59755653240893,4.21521321268653,1
2.49244262296914,4.21532817250194,6.26827126340884,1
-1.17489684908308,0.353799249111862,6.08659500526113,1
-1.4000248781427,-0.272637054358819,3.23326249208326,1
4.64820535651767,4.17025857509728,7.87858768495033,1
-0.162701582513714,-0.108587249109571,3.75808119107933,1
-1.16445270085273,1.24162221890404,5.38796084884751,1
4.8081606603932,0.630699180850957,3.96736236829534,1
3.38455451836032,2.21803717421285,5.89537983818414,1
-0.21268431976529,0.295563232043479,0.381534710984124,1
0.233582208217751,0.581239647029263,6.5520806033729,1
8.15737878952775,7.02177337936134,11.8005518368337,1
2.29449070384183,2.77772700999393,6.88282862098952,1
3.47335967245211,1.4807065491796,2.42739125046934,1
3.95557260813311,1.18516020145928,5.31419460388121,1
1.62474059910469,1.08321868145902,1.44925341302995,1
1.43179145033482,0.606636816948169,0.11264623112879,1
-1.10396788537985,1.15131061142573,1.79162426470908,1
1.06674987123176,-0.021811450798126,6.11361892119,1
1.39417870370164,2.07081866032051,7.796468108434,1
4.77723035143981,3.11157484116387,4.72979825713788,1
0.0818678419265384,1.03542493620931,0.935206595597687,1
2.9522414832917,1.36034868172942,5.01901318717811,1
-0.79799961002174,0.680098562033424,2.59320310071648,1
1.81055856661128,-1.01143223297802,2.70410337165468,1
4.61640929338307,4.10919820576435,3.82214975155203,1
1.21525391896664,1.69232679819958,6.88180020343624,1
1.74967263060392,1.36757239636443,8.58647566586105,1
2.60848472594203,-0.227260818331025,2.74222556309262,1
1.69905348389283,0.791523697579561,2.7694433917391,1
-0.030769506798594,-3.40325593121132,4.82118114275769,1
1.72557832042425,-0.826494424644668,1.31137086082139,1
2.2595771853127,-2.30735392152627,4.65379465517314,1
1.99136911925017,-0.36030981256639,3.20912480830095,1
3.05100755854525,4.32895652219735,3.75515487709734,1
3.27955336000541,0.881614439985011,3.37450084224779,1
1.0251068186666,-1.26303370725564,4.22125397549868,1
3.81481554262942,2.22943282348484,3.599773776082,1
0.743444177270769,3.16850779737207,7.75086277261136,1
0.6636990002194,-3.10015980796866,-0.282454250991754,1
-0.523285750745817,-1.92569134414985,6.42252786171904,1
3.62622850303928,0.904337965256772,3.83104125667401,1
5.16068207442807,0.40770786915782,4.26190089608623,1
3.09099469204356,2.27196869615927,-2.07670658860582,1
-1.61354484930499,-2.18721092941341,-1.66486029232212,1
4.43067613401632,3.29307607452563,2.53249327618539,1
3.21534421281672,3.14389750616606,2.94225360348691,1
5.49482091865905,3.40340523878553,6.2196039100682,1
7.45697911315834,5.29966596667112,7.57771242968658,1
0.905293076190254,1.18961604059719,6.8398395829194,1
-0.534051415467081,-0.476262665175497,3.71549799786761,1
-0.442741114135242,-2.16290764306546,4.67306741275265,1
5.3438361035583,4.1572317477055,5.27868726066578,1
3.06362113045111,1.93049454571684,4.61143601480769,1
1.52627785434952,-0.635904008204676,2.37143479650458,1
2.0690844958741,0.629546247728049,4.69250814331795,1
3.52006732834361,2.70252280532773,5.79957588248192,1
0.636496344530447,-3.23162948947715,5.53619159011775,1
2.90544734781106,1.72346516838441,5.60918589588021,1
-0.278611518127728,-1.39952690436204,7.16232708630323,1
-1.02923594654127,-0.874493514365443,-1.06604997804352,1
-0.466360024420597,3.40667563574626,7.69090620900835,1
-1.81530522182387,-0.416053458877961,4.12517408819363,1
0.907318088442636,-1.79847015288833,2.71270276301429,1
3.87918935798597,2.80058043914399,4.15549229615056,1
2.78553166629471,-1.21478829094236,2.34711245859189,1
-0.108946097408269,-0.24425646241567,2.38348762854537,1
2.21805924268979,1.38401294134705,8.70535545922006,1
2.92631810980583,0.301865825751654,6.8904453997763,1
2.36845418651222,1.10948007066076,3.22423464501797,1
-0.837369275877949,-0.13628457111195,0.84507557990641,1
4.18465375013235,0.999887208810172,0.635778828500484,1
-0.183536643139118,-0.936064086126468,4.86177422767314,1
2.91318212193616,2.36852042389643,4.25324830949346,1
-1.18967974380878,-2.73343089463975,-1.3269467082103,1
2.28225708055896,4.41871924790709,5.77992763491331,1
3.13487720959401,0.0874108458435623,3.68802830208961,1
-4.2492484285651,-4.07355582676476,-2.02701914395478,1
6.46318205267091,3.5207316242501,3.05314343974543,1
0.937529914291018,-0.220378521629591,4.74882434260095,1
2.01898071469793,3.48747298822843,7.43059026992965,1
0.612139810709124,0.666621665324578,4.77590572836815,1
4.00508908439535,0.433316406827396,3.27323594857717,1
4.97000635838066,3.43372774997906,7.19683218943853,1
2.70870240014767,4.62702194868817,5.24229999463576,1
2.41141855364873,0.629096453530023,1.13174148492134,1
-0.0162733682670493,-0.614618548310788,1.82147367467347,1
6.65641818350882,3.80701066157745,9.9385007182632,1
2.87544784268162,2.38506140774236,3.02541865300564,1
2.67905109321214,0.871109400310594,-1.61940935367585,1
1.29811782875385,1.19304611719683,1.10625962972719,1
2.66656959339613,2.59411527682729,-0.738113263745985,1
-1.97680723504948,-1.76448813701169,3.57616857201246,1
1.40381072623263,-1.03198425305493,2.76044586535606,1
1.00350820497883,0.361141411221689,2.91180107682515,1
0.445362452103688,0.25705855222704,6.54785795086094,1
1.49568053049904,-1.03543084080503,1.57278412403615,1
1.79218332563423,-1.1040769091924,0.564441922531616,1
3.52402219571631,1.28008600390962,3.8388883460822,1
3.01252821615395,-0.259599168608532,0.460195136929497,1
1.52046590963411,2.28010008544617,6.31614772141172,1
1.59680023491711,-1.42780634047019,1.22879253895681,1
0.62933081576,1.15435935770098,2.07687532451575,1
0.716912916374991,0.740611944588611,4.34845160194734,1
-1.11965693698756,-0.613231609898094,3.56487051983131,1
1.5053722292783,0.157746280661093,2.64082028945452,1
5.23425350779901,4.02378605761084,7.62509570625582,1
1.23069821377073,0.805005208323049,4.72150950487605,1
1.54811918242623,0.125612680716342,4.42605614271253,1
2.30272577407423,1.41879263379394,4.28437106399782,1
3.86568416229344,5.10662610800237,4.78513144069091,1
0.211970551394195,-0.278713242400513,5.49050474737142,1
2.33239833319716,-1.54288209010227,3.14369683693121,1
4.3430187697838,3.50051251414834,3.99470106521968,1
1.20579680320545,-1.77160393281979,1.96034417574208,1
1.93840114403458,3.29965262638148,6.51551804561182,1
3.13618833185039,0.615270086859079,3.51839276572839,1
2.72926687462763,0.695881544033748,3.39677553154242,1
1.20301274918111,-0.773889733110745,1.36924092871439,1
-2.31730599702638,-1.28980425779879,7.32769945937897,1
1.15786037717186,-1.16337803837414,7.88388772775393,1
-0.860514111574833,3.89717889285733,-0.692126327379328,1
1.05352153215274,-0.901055746122889,1.08913485060025,1
2.1531293963719,-0.725713068824023,4.10376120878198,1
5.70795635707013,3.63479616101586,5.94148618857059,1
4.86974963581779,3.50245012335015,7.08477234316824,1
1.88250993665716,0.83083492869754,5.05556364867922,1
0.164344925006929,-1.2238985589993,2.13936647768807,1
-0.260619345679361,0.809133596532409,4.53212362479083,1
0.155217804124551,0.179233054986674,6.53485496603638,1
2.81255853926455,-0.162614229442862,3.41689275299179,1
2.83940983992432,0.501452040846901,1.54746801807254,1
1.24903690508942,2.63690907422747,6.32373313214194,1
0.0424950815011933,-1.17343788234647,3.17048611910573,1
-1.86196080646826,-0.706897941204651,1.26607471315803,1
4.98561080313763,3.84073118745597,6.24545034151417,1
0.845705179881152,0.490373163722327,3.18975955556593,1
5.62753357090788,5.41592803619156,3.92539260555022,1
5.06192283631243,2.2085344187095,6.36873200757741,1
0.934068623143525,0.274517118858241,1.99562896490379,1
0.581142781600171,-0.667082406334654,4.22267549588527,1
3.1025506891439,1.80918985863667,2.97803176280627,1
3.15265329521122,2.33086884526806,7.50474968657765,1
3.42427854350968,2.13896443560542,7.69482648146497,1
0.727121811712858,-0.821095040903769,2.57479441704851,1
3.69514043209985,0.537299802630994,1.19608984046409,1
4.22449787039496,3.02282354926582,4.83154146557229,1
3.08041359830499,-1.09605752024658,8.20492824263376,1
-1.83975081380281,-2.08624665330784,3.48222035861012,1
1.72987503501859,0.670271982782971,5.47470413678236,1
1.56068904217544,-0.030134701542313,-2.4651773776893,1
5.88250942974057,3.01884920624357,6.44946792702468,1
1.7103709426545,1.91081453086581,6.24991555861882,1
1.83424845280497,2.34025871980875,8.97015043794121,1
1.33394429915938,0.248872047854536,4.44624397271675,1
0.715584183703471,0.541204660143549,3.31912149912375,1
0.0707976507041299,1.87419959978858,3.20174921324017,1
3.88791348522068,2.22067102316922,8.04771128048609,1
5.57927151917336,1.19751985698079,2.09647486226678,1
1.76638025025943,4.02728479744317,4.9781084611924,1
4.81081516611761,4.12200974885826,5.50942661188305,1
2.85047621370371,-0.864201285514162,3.26676662125068,1
4.49633087630239,4.46010459053025,3.79168349885197,1
6.85592580650967,2.66508895488994,6.6812046653867,1
0.288754023431859,1.12578209751719,1.57433979266701,1
5.60195008802585,1.59490160525805,0.721492658213574,1
1.40557186380253,-0.0726747891961321,4.29261288392407,1
0.436900424112626,0.659466335031089,0.7172113904917,1
4.30330371022538,4.9481150075839,1.28197785410481,1
2.24278610485643,-0.848531413110397,2.51282769417765,1
0.3231469050292,-1.22896309716748,0.0241252199455331,1
4.06331364736162,2.80018193336174,4.34782343800615,1
3.5471518849198,3.55411897879489,6.8811464787886,1
-4.04396622979127,-6.9528368967019,0.602262631498714,1
5.68019601339143,5.00132409983569,5.86836699640748,1
-0.832261135136696,-3.7292549483267,-2.49166898028926,1
0.798820298720588,0.299172809362336,6.21438110645286,1
6.81341925324688,3.56421117534981,6.37847548910502,1
-0.997317219252199,-0.767353006553071,2.96757357944769,1
2.01458139520871,-1.03215145764747,2.79564567265107,1
1.91705949646421,-0.572515409535997,2.65548432332417,1
5.06756248223769,2.41011114954885,4.17553024023825,1
3.83129089253113,3.22796088305265,4.70105537601311,1
0.826110459600784,1.98402033686027,9.29323822488774,1
4.69736387849613,1.6421092192598,2.78325386812758,1
1.21425994177624,0.652460414462003,2.25379072857804,1
-4.71423008182797,-4.71242338725463,2.46225164214083,1
4.54788462790986,1.25362047304044,4.06778410110303,1
2.30048353403149,1.01332742897302,4.85945657204477,1
5.40084126885639,3.24981456869091,7.66948684287811,1
-0.0451636774200757,0.36513206752844,-0.817441255966245,1
0.00866183555723721,-1.82741677720844,-0.95262583711473,1
1.11881864076574,-1.12433007444611,2.32015768267322,1
4.09005997574669,3.00217606863794,9.33517742432845,1
5.01817688413862,2.90601466229738,5.73442327446263,1
2.374292047599,0.596084184981788,1.89005221705307,1
3.81563420308115,5.68490359632519,5.16472887575756,1
1.09148144779502,0.0344543801502589,5.23440063806205,1
1.80956798010196,1.06516942832086,6.91657927544447,1
-0.766112477699792,0.126813511866857,2.30226115258569,1
-1.04989476740896,-0.75272191012431,4.45944341059403,1
-3.64031278183885,-3.59868150592202,5.36794942429756,1
2.05704014943424,-0.543228969271589,3.90085575537144,1
2.6424736499029,-1.6754336832616,2.56972320367543,1
-2.19881698323926,-1.69906150974671,5.66606217353099,1
-0.162581597668761,1.02956548915304,5.89977880260018,1
3.95459428211064,1.16572838645701,1.31372792131494,1
3.8582440831209,5.33803533802645,1.19221655975009,1
0.10080410539406,-2.24735561233597,4.85794641287,1
3.41166013164335,1.53081595964616,5.79105449131532,1
-0.726482109925957,0.671994890638336,0.205272208084644,1
1.02088253753886,2.46063659963814,9.37208365147847,1
3.90056532368238,3.133484031453,8.98822150467213,1
-1.00562884215022,-3.45846207828904,4.59599647975295,1
2.70176825663959,1.17756140750111,9.65314310676679,1
0.397546304081566,0.728500802611722,0.619948224693322,1
-0.647369155535546,0.890526370465742,1.33286987657427,1
-0.573128318745336,-0.491949701725036,-0.984303114057722,1
5.16453892508615,4.38641181440462,7.43189801722541,1
2.95441994579358,3.57170291735317,6.05126213774897,1
-0.303445011952984,1.19695921315686,3.89961756644384,1
2.85713126364635,2.38713670415319,6.55489394608846,1
4.14440578197996,1.99477265573322,4.86821445396817,1
3.26825364453196,3.38005747595857,4.09988263642789,1
2.82789249605508,0.572894623658139,3.32616645044355,1
0.546745451838479,2.1064114379566,1.18545865105081,1
1.10200892511383,-1.52147037652328,0.128952379890732,1
0.70274490354357,-0.0404407183532185,3.36344115817721,1
-2.62044725289587,-0.309871811012795,6.79168394954121,1
1.44586576320849,3.83505992388235,7.47311746991911,1
1.49753320245101,2.0077895444746,6.19815294733133,1
1.71095647588827,2.95637883396263,4.71405678478818,1
1.93467554163151,-1.5469488070976,0.933144501615324,1
0.599158981974995,-0.909348417497276,4.91757716587034,1
0.291255860956047,1.30499633709191,2.2677408860167,1
2.10480737570319,2.44048475442287,7.68891732939386,1
3.93835334711337,2.51492361453949,3.94683589864231,1
4.24159763432408,4.14820143238821,3.01358032820325,1
8.45165662037399,5.81067401819965,7.13896580751851,1
6.02624055246117,1.35234101753819,6.43596694919596,1
0.573420066773088,0.311053666195769,4.87263116386167,1
2.26783394202914,1.35216424008279,0.409801729211208,1
2.17697840632739,1.65695513607576,5.74727417005743,1
0.264464853301402,0.931007153897389,3.63031842825691,1
3.44056569794349,1.54747239055688,5.07542618183894,1
2.09069689376173,1.95894102051492,1.80732686475436,1
1.28702447404179,0.835460899693235,3.15541195749862,1
4.77502869425135,3.55134747653546,3.06660682900576,1
1.44769684727398,1.42067627355144,3.90954545998162,1
4.55816086875383,1.05026680570286,7.12964906724935,1
4.65172650947896,0.725517788083279,6.7374433763321,1
-0.0710856838003529,0.488184137016463,-1.73483608655106,1
2.03093510490476,1.80280371138911,2.28933623042238,1
1.70927561617123,0.920689176949051,5.33157428713086,1
3.14976990435133,1.55472142701748,-1.14308184879872,1
-0.372113862317005,-0.654583975637482,2.8844133120762,1
-1.54866803217567,-0.000384158560727599,2.26659165813828,1
2.1335791837073,-0.351353571421565,5.23772513727321,1
1.28198123678729,-0.341219516950724,3.7591489135342,1
0.487251892463588,0.541712623913254,0.235308894768369,1
0.965310170809544,-1.06393152485603,2.62835616710417,1
1.40967630655997,1.17511742564765,-0.541651603614694,1
2.93177001577911,1.62017253591636,0.0107445117969309,1
1.38046978037663,1.68142361589112,-1.09450669853462,1
0.121786537557444,-3.64731160369402,2.66714487023367,1
4.43794076071065,1.20430516347523,5.47849531987726,1
2.39247468879441,-3.89761010664895,-2.29185982789325,1
3.09406290855975,0.552329042764391,-0.0417892332400687,1
2.14517469514944,0.644463273556126,5.55925311941242,1
3.21709553359732,3.63910051437937,1.52103865373107,1
-2.13543658743803,-3.43349558922582,-1.72602095279104,1
2.65197587549269,2.24807129770608,-1.74843750191918,1
1.44275687028081,-0.0806542072263923,5.53709587604006,1
4.04195121177478,1.93214705415813,4.97716901347572,1
0.187943398277925,0.411577497741312,1.7821922252961,1
4.28966039652939,5.31971610912995,3.73584403058888,1
4.50998551465266,1.94621427729157,6.91843231758978,1
1.83387489544715,2.54231065155378,5.07012804573438,1
0.269353603815942,-0.457584805547038,1.41745937106075,1
1.77598848933868,-0.661722856532236,1.53598847554236,1
2.18462076808369,0.0124842034346725,3.39672780122446,1
3.05672271187383,2.73553180735513,5.85459606054879,1
1.15524190125491,1.62686952202342,3.72336338161794,1
0.263068108943813,1.15884738951298,1.82254534403093,1
1.4941473023923,-0.883101079502245,4.78637533147339,1
0.881551442356175,0.497562485138448,6.75531647122903,1
2.630144883165,0.118599510099569,2.38332036136112,1
1.91376630547684,-0.648464705806946,5.08918337954448,1
5.50736377511587,3.44422213970286,5.80152596823179,1
3.29964428068141,0.364338932511633,2.44670589827143,1
-0.747999610526029,-4.75738609618009,-2.6956692209316,1
4.65876204597484,3.97964352809637,4.60278926669333,1
2.73182981225295,3.98703466730436,5.12131141936281,1
1.26262136128122,-2.2147619830145,0.588422138109357,1
-0.921673011199594,-0.512526123535063,1.77793077674326,1
0.655215407654381,0.564243452000844,4.5223213724475,1
2.4422341078429,1.19865747135904,2.26394060266335,1
4.99664321887204,3.99005088208316,3.86126806673024,1
2.58270248768343,3.43744280384365,4.63923469968533,1
-2.98716243623422,-2.02179038730641,1.03654862621041,1
-0.353140523855634,1.92347273295538,4.4454386009845,1
-0.570686168030654,-0.259564594889543,2.74260152850097,1
-1.6400596282493,1.65719045144859,4.35114333126098,1
3.52414662735381,3.50635883170308,7.97737222860484,1
4.70521856533366,2.01024092166377,5.03462592658761,1
2.64182274388045,2.16576685355151,10.7002887817728,1
1.69140005068384,0.352661542550613,5.91443155249067,1
4.8679798726302,-0.0181257347382213,-0.860758942012155,1
6.34078450508137,3.78569576429178,1.97451697131547,1
3.24059017453818,0.00972592590873322,4.69578248474382,1
4.95193848635851,0.437381369272139,1.36445963828495,1
4.10287396373249,2.39361275465769,6.65002024750104,1
3.47050293877415,1.02019754395674,3.8572099695243,1
5.48752400218831,2.6456137402851,5.37387155098646,1
0.671478052189802,-0.10254172694179,5.71909087302648,1
-1.2208922902915,-4.22369423091681,4.41390534301126,1
2.93462150700419,0.0493975486743826,0.810406564407129,1
4.73248403795236,3.65833945722096,3.88525851842966,1
2.66134365237487,1.30151523443135,4.30544302172999,1
1.01353772878016,2.04941470605036,2.15982116436026,1
2.4497087504183,4.02031860706825,4.00099818572959,1
5.34795235749008,2.50348627685658,8.10604477004085,1
1.33114566057856,1.39392547731009,4.68897157067141,1
1.61927415040847,3.75602394509382,7.62240532756926,1
2.83013952656321,0.827637506486712,4.12512999587927,1
6.00879933457962,3.85017459050642,6.89106748910024,1
0.657984376760555,1.31611110186636,-1.72828181298215,1
-0.852679293052911,-2.13058359531628,2.38190634133862,1
4.30454136416977,3.3341292233009,6.4844694591367,1
0.144053833860749,1.96563054365072,6.45178597609466,1
3.67652974488454,5.1792301845728,7.17469595742067,1
2.0247233870595,-2.54462643578445,2.93281625805396,1
4.36576679520663,2.28073160677745,5.55605752287362,1
-0.842014701030138,1.50439879989355,1.99065881561796,1
-0.736664306895501,-0.614964103497895,0.487419265563996,1
0.655207091068302,1.37290833021652,4.97919056285024,1
0.264111292507768,0.665676988251311,1.84653797218474,1
1.90557716556491,0.274708667999838,1.95038007245005,1
-0.349410907230663,0.902917786897268,4.10657176317507,1
3.1357026036136,-0.686266439944476,1.77248893814918,1
1.42463389552684,2.90950131821856,0.374354339208375,1
-1.1170809972526,-2.58539914443075,1.71285553456128,1
3.62600860593317,3.8081721790883,5.61054233726483,1
3.11906728392677,1.91985548237911,1.76500206037813,1
1.02110655937995,-0.81115103613594,2.15483911889511,1
1.13078216468582,2.50113329821586,3.53195337011699,1
0.925552407555036,0.863260532976212,2.54613643435197,1
5.59139497923675,0.180790615472003,4.8559171268901,1
2.20119594250918,1.27275249980644,3.15032474696291,1
-1.76438262547338,-0.223937007608607,0.887586653087977,1
2.44242274454465,3.62935117746671,6.49129947804458,1
2.26523381285792,3.41630031624001,3.7018454891658,1
3.27302103166414,-0.540355056685957,-0.452106939648862,1
3.84606199375613,3.3179558510566,8.31313135232335,1
4.88124556630318,3.74408102263713,3.02145905454229,1
2.142318586164,-0.769777596720095,4.03982385073001,1
5.27333621122183,3.6350031040524,7.65652563348602,1
2.4767671105565,4.55611548937675,4.86501688802715,1
-0.428676292936932,-3.26859004271292,3.40815702493574,1
4.70771345620065,2.82973630587206,4.28958154604793,1
2.9705449196522,-0.709757273294771,4.43480225043604,1
-0.950247795775384,-1.17333737846217,-0.428232990161977,1
0.55848797255908,-0.365744758739111,-2.72611922311778,1
5.5661736825136,2.84697053974461,3.96569791355316,1
4.81065340493877,4.33197470157112,-1.31156506094211,1
4.79748004938737,0.814098665102721,-0.901199292371932,1
-2.21083689962768,-0.588885709091682,4.61229429007175,1
2.29438810761852,4.14201664670537,4.39178033803507,1
3.35010236899525,4.27357588914329,5.23477267807406,1
1.43124570140258,2.80587992225548,8.58257615855323,1
4.386280639272,1.67595315395728,2.60289251170941,1
0.587444125459184,0.212636166855882,2.04257886960898,1
1.47910267276469,1.28160476416238,5.86944780626717,1
-1.07610571160045,-0.751263766616736,2.50917813224103,1
3.42137441382874,2.01954221059155,7.07997084609071,1
-0.359327346867292,0.45121961812075,0.136565668492389,1
4.71738663504643,3.63729094202244,2.09932076731742,1
4.14155373292531,2.27807031401789,7.5757867343956,1
0.464209362830855,-0.484127230112129,4.83020099536684,1
3.1269964823213,1.79065248083778,2.25694720836431,1
3.48909823703923,2.46541965699891,9.19467984068695,1
1.34723054813714,-1.87200598799538,0.41329857673403,1
6.26572488456873,5.56344965571246,2.72795108424409,1
0.34479965195091,-4.66165949756114,2.1560588524216,1
6.63550911683455,3.97285629034811,4.84451204583737,1
4.38197422840276,1.27373835765701,5.26298166102227,1
-2.33109213650063,-0.828029788273732,3.77417949994438,1
-1.94795752818686,1.13452869605142,2.56305817933563,1
6.15855398766996,4.60175032782743,6.71044273171462,1
5.01022128861777,0.701907813352167,8.15918019024374,1
5.821638382553,0.39661852880389,3.06158940643498,1
2.59692586660706,1.68683110199325,4.02257440106468,1
1.42057643885072,-0.950167780761825,1.09374325606038,1
-0.175037780121567,1.37601206257833,3.62826678968005,1
0.504054578722069,-1.13525928577587,1.58260866902847,1
-0.868626394217943,-1.10337078558002,3.98975988845274,1
1.99063789252636,0.82624386713543,5.32402644347702,1
-1.30608623393461,0.230762267694783,0.960880914633112,1
3.85477929042062,0.215971937050328,3.60422163163465,1
2.67181592015003,-2.67949489717127,2.69846832549615,1
2.06448716661217,1.24538401941887,-0.333292494605637,1
4.11711667150897,0.586482731844423,1.01512227043918,1
3.85387895755175,2.41875092484909,3.97911634008555,1
1.64733211022035,-0.0186667452775453,2.60982671998979,1
0.846597284030442,1.98756111883245,5.84381106288042,1
0.58260853912794,2.08954680938064,4.75232562872494,1
3.87658860287519,0.944681178448279,7.31161248342981,1
0.0266257033272499,1.5856989149664,4.33796214098369,1
3.12609391054406,2.6446633879855,5.73018137833152,1
6.89164292924536,2.13252659376128,6.58074421620114,1
4.42881588748988,0.578950313391366,3.61270278070868,1
3.22860247694352,2.85576234282997,7.36183411991349,1
2.49060633631049,-0.10667439439479,1.2481842920497,1
1.11177178561479,1.39398060035407,6.54958469906321,1
1.47880577188018,0.517066699635333,6.20502572240414,1
0.810213460391838,-2.65853602980344,0.306869733478895,1
1.0970462767937,1.62520463903107,1.71139714119107,1
1.10348011433074,-2.62763105984893,3.39998320789258,1
2.08420262926699,0.240866659677194,2.64765720116666,1
1.53144086681796,0.753378452467202,3.4495313931312,1
2.73330549359223,-0.194271247039263,3.34407725415914,1
2.38884809724665,1.63409774622101,3.88332914459083,1
8.32085736753073,3.73109194309126,8.73680013688603,1
1.81988091847579,0.693537336363625,8.33609537675956,1
2.90536887254063,2.43309739723822,3.84301898243637,1
2.71989304314199,-0.378543891413972,5.19857460092522,1
3.92645474346691,2.90540101392028,2.78209803624695,1
-0.40141066687203,-2.55365469169495,-0.46065702902848,1
4.05949142186197,1.4792494025485,4.94083269445811,1
0.355052053676649,0.186277821804106,5.22987486063205,1
-1.62168662573443,-1.4533597499285,0.980223831228278,1
2.08258610095549,1.8310889936163,0.752354325199784,1
3.64532096228684,2.35066560211322,7.17160727194611,1
4.31159048102786,3.90105626272482,3.2409570292173,1
2.1402885066871,0.122169608227018,3.85773229093719,1
3.60147008084002,1.86348960753926,5.21435033246195,1
1.82265873551685,-0.772815502575354,5.52345420504541,1
4.45334365733633,-0.213231699417987,4.10008257109229,1
2.90354671373287,1.25403988228322,3.80103341408792,1
-1.99184674555158,-2.69562331949413,1.65236234870177,1
0.98614779261479,2.67641020165292,4.00803538990483,1
-0.592230163755357,-0.0782284717167658,3.46750847475694,1
2.13427011997724,2.52668675081863,4.28808577819548,1
2.80466508952122,-0.833106523068072,6.97869357580351,1
3.00983233449686,1.48956321217447,3.27199917505796,1
3.70926248126549,2.50767143142898,5.23454107245667,1
1.74867459050986,0.0906218108476402,0.673304044853054,1
-2.21652805219284,-1.54538711156051,1.62649997243413,1
2.33701843985888,1.52446162979677,5.62506054663511,1
6.13344094708781,-0.0334421947496151,2.51273639715843,1
2.07830715839259,-0.47302322675193,7.65233253699335,1
2.12149856744122,2.0978003850796,0.929547660722551,1
1.33941838932712,-0.52822121877572,5.22076223794773,1
1.85534240039672,1.73151572250749,2.25028316636451,1
2.34856827957723,-0.12241687294025,-0.837895029718656,1
4.7903814031638,4.34387185599583,5.21384680064185,1
2.74100526327628,-0.077677152002984,1.74583732516505,1
0.400794148881192,-0.403619145939078,-2.07940964291912,1
0.165906657487749,1.20927650605978,3.48440664321472,1
2.78290158747662,0.386775215763688,6.58292654316212,1
2.68287965950538,-0.41946372176701,1.5237344343669,1
1.83270688292035,-1.00835324745979,1.39197532042165,1
0.364955641935758,1.83739908499886,4.31098197309198,1
3.41468303147445,0.94401112475251,1.36156785094657,1
4.61857394180885,2.65498873232479,8.025082916098,1
-3.86134248862298,-0.162491832265151,-0.445194490907355,1
5.01004399046063,5.82396720508934,5.65260426612673,1
2.02648977512355,1.86524036108489,4.68003923144212,1
2.46032098828119,1.35363948745463,3.34406813822621,1
2.22740633926965,1.37532506128009,7.13250581686001,1
-1.12280793974747,-2.70275249478045,3.47525116858414,1
3.47043501420176,2.19913619142089,4.62685670598146,1
0.435328926642507,-0.5721410770535,1.75325697328038,1
2.2475764291362,-1.75740695493843,-0.386972262282685,1
2.10493256680848,-1.11932264014356,2.23318680288105,1
6.41564851086682,3.64761836905428,4.83944909974477,1
5.83108489170723,2.81580428898946,1.41807715142117,1
3.64633244970654,0.560413044152317,7.81453416928256,1
1.14576716356764,-1.06586296415121,-1.52522711033797,1
2.59167825517529,1.12672043575918,5.3148334433523,1
2.94017918637818,2.54711169678933,2.30086619196503,1
0.354854653778458,0.586339061623834,8.94997475923631,1
3.55261652977676,0.970796511373999,5.55869195933135,1
1.30250692978189,2.92431980314113,0.465238794309,1
-1.57557503598477,-0.772473529341297,4.17988760253473,1
-2.12420021363109,-0.976326068519103,1.00408000671142,1
2.83715330073852,-0.585817351943226,3.53219891500632,1
3.89148664674079,1.06884572904204,8.06781955612415,1
1.56115087100995,1.28310166515525,2.69083730296998,1
3.33330570922176,0.426555638834207,-1.00272479429888,1
0.435329159773739,1.69478803444987,3.4272734222293,1
-1.08339279587945,-0.416901903234973,-0.343721457762862,1
2.82310614075253,1.47878809706997,5.69257690855679,1
3.00648344584622,3.48430002909659,5.34623485309114,1
0.124783482818489,0.176497660328618,6.57629199847037,1
1.69456304328722,0.619812516051822,5.98650859735581,1
-1.79349658699952,-1.60807081528529,1.32510811164467,1
-1.81354680474401,-3.62197751893463,5.58461687867246,1
0.333689969203482,-0.488985780816594,4.26844903056121,1
-2.3566610385671,-2.48002724048415,2.72892413684535,1
2.26704558125693,0.195869296837194,2.89815907185631,1
4.8026358303802,4.30406767790038,11.6494467497666,1
3.50187691685014,0.321230245050022,2.12998573197311,1
5.91119554693074,3.90240479649973,8.22619803317695,1
1.15726728551421,-0.439681340709809,9.77399725864226,1
-1.16416911148221,-0.170850507311558,2.96352292973406,1
0.920146851945005,-1.88884387028601,0.111164761029346,1
2.56467398976707,0.366049967338387,7.28054213318883,1
4.36673458895541,3.77880046672677,4.95965073521558,1
2.7081520126304,2.50861970749017,3.73374160600759,1
-0.24646775386679,0.993689369845981,5.97677890479675,1
2.7456267195772,2.39577227122323,2.32995304243096,1
5.34961091048319,3.97612034650481,3.42107640800363,1
3.9916591327648,3.4731066876921,6.22052956519985,1
-1.1743988003768,-1.5161656703346,1.64401480155073,1
2.3574300780638,0.976360223354134,3.00620114326977,1
-0.314972288279677,1.46430788541287,2.77285130119412,1
0.732354720271109,1.47791435406738,6.93522964027896,1
0.442601637032814,0.458402166938826,-0.693710764681167,1
2.91839488600334,1.84906278214925,6.38735961760186,1
1.4738719559875,-1.08504140098409,4.12742321464008,1
-2.44139052322699,0.795742671481867,4.37530985095923,1
3.74533890259122,-0.274894242748992,4.05879627411594,1
2.2819902490121,2.36678440298127,3.44617194638871,1
-1.01851857507252,-2.96749674984921,3.27845736054635,1
2.81959192601354,3.59226611276821,3.94996701221326,1
3.01691763532521,4.19654675877267,10.0928439150372,1
4.11833149506369,4.39414359030227,11.7891728851511,1
0.350859509216189,1.41322370976784,3.97700215013496,1
1.82455977395319,0.448098025889421,5.40784911422817,1
6.4832719322272,4.88114382984675,4.93147166809731,1
5.04241664926618,1.55416260719825,5.56451388158581,1
-0.848896830442312,-2.05699637964879,4.88376498768387,1
2.50635545018727,2.23088745321166,-0.350331744086287,1
-2.35132855995836,-0.23897281192901,1.64116446873485,1
-0.352081179309303,-2.37580586019742,-0.0149156972457911,1
-0.734735412861653,-1.02931771191009,0.399509279891864,1
2.89194856380497,2.6400539729386,1.6051209239183,1
4.22721834632242,-0.202556574999956,1.6922161416944,1
5.72637972142252,3.88190034498604,6.60803340762375,1
0.377239645156989,-2.07759807735393,4.22065197648555,1
2.49606878063434,1.29873985628046,9.67749252704502,1
-1.59994116758059,-2.54806646121425,2.37857546400174,1
3.56156736093943,3.88236125646789,1.57354082311441,1
1.38396659607224,0.326773367688105,-1.12297443160731,1
-1.84449060153671,-0.251304478430101,4.29318608616041,1
1.03236117798226,0.506281609422322,2.14061541176944,1
6.41659788208432,4.70611940406873,6.2456953141854,1
1.16710813594147,-1.10408701773637,1.07448773747849,1
3.90575017514048,2.50721935332758,3.10456223632062,1
5.96469381721678,5.69618115471509,8.40591072918304,1
4.21475086077765,2.25390279309627,5.5618764630211,1
0.969174208603251,0.540177088449282,-0.596534280247962,1
-0.814815598766483,1.15707575118294,1.188551852799,1
0.616230468892684,-0.421430107784402,0.432147621630542,1
2.48793422739559,1.1910984215262,3.73138373994813,1
5.28478698990029,2.82068071809759,7.65400746907234,1
4.89321733227542,3.31102429119654,8.47460234359912,1
0.864430327260824,1.17598593297398,5.59422794078267,1
-0.179557595782049,0.631704892758916,7.48666969282676,1
0.71158484785898,0.924731232911797,5.60889077562522,1
2.46473843488428,-0.363405848397211,3.45121211872413,1
0.409879617816999,-0.221077108810905,2.13184683816153,1
1.99131696951036,0.362735362633957,6.09664766882811,1
-1.50758742729117,-1.89962153092874,2.54979978772248,1
0.87170158557125,0.568299007543797,5.52612439269727,1
1.99658395362842,1.07322427897507,5.07676060701247,1
0.137419159074083,0.0508139535210732,5.31478847524703,1
1.20659480888193,0.766529016186196,3.86995547933812,1
5.57193272107417,1.44658323688985,6.67205333853809,1
3.49541945079842,3.95672672390068,4.12055254233458,1
3.71497662715585,3.15753723558487,7.86643053892934,1
1.3321127899171,-0.415881679054168,7.71206041734089,1
1.06656890785661,1.38995991258303,7.61018530346309,1
1.54423232007852,0.0104281656515871,8.51919700593812,1
0.972175511067455,-2.44050164743666,1.99657254442453,1
1.57001336432215,-0.577500749161749,3.11496290222042,1
-1.3878543685479,1.10937139087644,4.61823289274861,1
-0.0139645275246152,-0.231902170661236,3.85715785517613,1
0.865217039861091,-0.474543037389227,5.082083508709,1
5.09678106472131,2.52927615407779,4.28237074044931,1
1.81735817148139,0.530206579869406,3.49804929859233,1
6.51868595466372,3.5719186696831,7.45878474725459,1
3.03537880572502,2.77845721051572,4.44554780384806,1
3.19474861760463,-0.406485729889299,4.869783926765,1
2.17972117763258,-1.54775724528949,0.422702369340783,1
2.61369862799758,2.70291727019645,4.63066114567231,1
1.5620872444919,1.23161663460864,7.27604280922892,1
1.83596350036393,3.67641167037575,0.905217313953984,1
0.208336287897721,-0.456607738063645,7.48039402538603,1
3.88444625602766,2.82823083236859,2.3416933830775,1
3.35405378695619,1.5205357239207,2.93976025803727,1
3.46651051656755,0.163500172665476,2.74846102372964,1
0.812135048228557,-1.0497702103741,-0.463333008620753,1
1.07751011290231,0.432142947728703,1.9640390860503,1
-0.285578023042372,1.12042403850507,4.41593948372364,1
1.47453243254143,0.131478509426241,2.21596291574894,1
4.95025122510456,6.09866720613333,9.24690346631347,1
0.259128693502752,-0.642369641687508,6.91574525615322,1
-0.0805674829630996,0.613327428825384,6.51887232851243,1
3.33143740627565,1.18055532375421,0.330319546739481,1
-1.93698103148917,1.82485644287677,7.41032314110046,1
3.77404554653854,-0.0287271198011712,3.00604740646578,1
0.639378777029833,4.7292296252972,1.91273582774905,1
2.20146944242066,2.00076185464581,5.73894460524307,1
0.588977984441657,0.276270598756133,2.96531998498917,1
-1.37467986729295,-2.47105102174256,1.59878100852809,1
2.0017152447617,-0.218705054023988,1.75631242393154,1
4.16638827035312,0.915450871431097,0.0590661818036509,1
0.113217234724004,2.12370523580896,3.79592592077917,1
0.255519731902591,0.81986053464004,5.02881649500861,1
-1.8889515736561,-1.32541001034859,6.84227568005418,1
4.76916664339964,0.763615928519884,3.57425638163449,1
4.37156285770762,1.94338713634503,8.22785205779944,1
3.28121972903757,2.41241251953135,6.17151911625471,1
2.07228121514893,-0.579662099455404,5.68361300301754,1
5.28402100812278,6.36238402894958,12.6066265427913,1
0.478711932155375,-3.25230131584702,2.32135237596547,1
3.92554505603112,1.53893286995785,6.36091469792045,1
5.45973327871759,1.64295808022018,5.74529938954701,1
0.926629491366566,-0.877202608565613,0.618130742740324,1
1.7816673311024,0.0694845587942526,4.89811492384606,1
0.44212739442572,-1.94448779465782,0.746828318956394,1
-1.30052592139513,-1.5157666645075,-4.52579299161367,1
1.80529379074148,1.45486738849437,2.38306613070217,1
1.76761344741592,2.15131569128589,2.74285492968208,1
2.06941030771124,-1.97335597299395,1.74050189814516,1
-1.86346061789307,0.314067958600984,0.462528751597556,1
0.283935434305931,1.03583987644172,3.81555360161311,1
2.54203352321604,2.03066011754064,7.56991968158649,1
0.937271507839797,0.654997386562033,6.65887594290354,1
-4.61932600519578,-0.925054989989925,-0.606241259201852,1
0.452698220725348,0.765216143893244,1.78746277911758,1
-3.70845212567459,-3.36504306621341,-0.60483009024862,1
3.33593181420594,2.17530742143326,6.89327540225198,1
3.13462271754353,3.47955979042374,4.21449822955348,1
-0.486829771878303,-3.40802250125455,3.83554895066224,1
2.9751279508608,-0.441263694776834,2.4617053786348,1
2.63965299799937,-0.98244391061697,2.92202268495971,1
0.755429483641544,1.50709734012547,3.10222977116042,1
3.5554521053907,-0.985916104955235,-1.31066417969547,1
2.25819634537609,2.13491369384485,7.91993906808901,1
2.04108013096519,0.984222327227452,4.37985137336591,1
4.88314814190072,4.8714958427825,8.49950839650069,1
6.44374504543769,4.70739371352016,9.15231286237375,1
1.67598177757319,0.586529491433955,-1.3489335969135,1
2.80789413016892,-0.0960695850617852,5.0120124509932,1
3.63444916536378,1.27825541333505,5.1626699627551,1
-1.08842137745196,0.130773678722588,3.84162039771622,1
-2.49781663930193,-1.1589014075129,3.28730627496572,1
0.855612910743927,0.785323604112664,4.35675900182145,1
3.22476201343293,0.257329933914024,2.93337571290488,1
0.173693446446539,0.815121273309586,-0.226205350400735,1
1.21227198939479,2.55920695004519,3.73915268687434,1
1.1841717033764,-0.300921602490027,2.52118362799202,1
3.99867758648824,3.17504273612034,7.79717593434124,1
3.56708473581904,3.31883170233779,8.31030955655259,1
7.16656426087161,4.39854544638344,8.79549146195444,1
2.15673894496117,1.78677084181703,5.54672893229146,1
2.44960311190718,1.09299041629304,8.27905654355705,1
-0.826647666131834,-2.4367236820239,3.07099330919243,1
2.21770901376612,2.13587072413688,5.4859298387397,1
-0.0859197254141351,-4.90537169066236,0.661178070129297,1
4.80881737468565,0.992468328031588,5.75639359680707,1
-0.999516195154,-2.89379475555436,2.74249476022325,1
-0.0743219873250234,-0.398031603008355,5.48697110748327,1
0.298463914966617,0.844865604678321,4.4787589267358,1
2.5458902681363,-0.277933311698867,3.75534075625633,1
5.9451553903793,3.40161784049669,7.7015197459925,1
-1.17497817040553,-1.15151202841095,4.10363514908772,1
-1.6568265166907,-2.87171778011184,-3.54970044222383,1
2.61472047518698,0.989997963234307,4.50382437183911,1
1.05511010944439,0.69989353668756,3.91885325846954,1
5.21525238918377,3.46771763294436,4.1707451660584,1
3.36815648947709,-0.712427548601065,-1.45946864238284,1
4.54375552427678,0.848286774369152,3.46843719908469,1
3.06708703434566,3.5118054489988,2.42640121300824,1
6.3931612014923,5.32253590580211,7.74074082010339,1
-3.85603879329091,-2.64712813200554,1.97757063337295,1
2.34317100217262,0.928635558815467,3.47616287806222,1
4.44230706094782,2.19566583673102,6.77345130922742,1
5.2545165968591,4.32091813841274,12.5559794143419,1
-3.03442627628394,-2.98909583102115,-2.10279139935417,1
-0.382183701218175,1.81904034856959,4.74482928498421,1
-0.32786749306994,0.28572064840822,-0.587954093703233,1
2.62721935702461,0.344277116765057,5.56091242159753,1
2.5822696383042,1.29026592824946,4.2923116676097,1
-0.203579980957934,-0.154961092951077,8.91262233352003,1
3.35935139711354,3.31404055414168,2.02345989784293,1
1.53920566091259,4.6705508675371,5.46642965421514,1
3.80639277919933,1.80511713867371,7.7665849046946,1
1.65538126482297,2.21244211118144,3.00935777806613,1
-2.57768000533504,-4.01827892752293,5.38789151775796,1
2.75263127878454,2.38487208599497,6.38754953471342,1
5.32062251342149,4.21832342187394,6.06041465401209,1
2.7361090317847,2.84323612943628,4.88337857950253,1
4.41750501425325,2.52880734519071,8.52606937749719,1
2.14540340931541,2.03832303754708,5.77247423734381,1
5.5495069224617,4.63731906912478,5.17565215684703,1
-0.545916702442925,-1.78334530715038,-1.52362331204832,1
2.44760159479182,0.509990698519387,7.13224859277203,1
-0.893793964666518,-0.735485372975441,1.82028020465742,1
1.90360687858156,-0.170372698857538,0.613082014202767,1
2.49366390541549,1.29383014206516,6.1044811663137,1
-0.149472473041863,-0.475547757295018,4.24113346971491,1
-0.0801305894846203,-0.391086580467268,0.942505484555237,1
3.50408719040499,0.359945153909843,1.10193581814552,1
2.87401910450514,1.83711968394402,3.53614185329082,1
3.52895134068067,1.33226087065304,4.6141228544719,1
3.55030246388395,0.772578066263391,-0.682605696976169,1
-2.77454010196657,-0.926158886770106,4.9662020431776,1
0.172476769449557,-0.682110186530249,7.30218466765017,1
4.29600851514745,5.00138141035544,12.1637573469834,1
5.64779561914902,3.39994264339509,6.40136350764919,1
1.65871456195613,3.05260299024348,2.74723038068075,1
1.34092245083963,3.01843744020972,3.14482572411132,1
-0.200175618547023,0.567141112450725,3.51920552400086,1
3.52604318166819,2.71789347932673,4.80510576473826,1
3.78355629883571,2.0396727083646,5.86993574219686,1
3.83128014472055,4.64447290662831,6.98220194615119,1
1.41877452489183,-0.573187053488572,0.226631331050042,1
4.70408866155652,4.36476629001402,3.38587112950912,1
2.31694831675922,0.404816326803719,7.6032160118571,1
7.50835858481936,2.24368963676122,1.96731370516002,1
2.85994094010601,4.07237021915692,4.03872355968416,1
-0.897065039743843,-0.655541356251501,3.88334850421938,1
4.1304398879349,0.981351190683152,6.18005994175656,1
3.02852601964564,1.85877978426474,4.35867638965679,1
5.54906184934923,1.19022883753504,5.00366735460408,1
5.91715093595984,6.10457622122217,5.38242522410549,1
4.64995773473964,5.6373939047361,4.41157596070238,1
5.7506902434923,1.52951436727563,5.04358687597782,1
2.75812725592744,0.940742203432967,5.80459919625265,1
2.4950536974513,-0.0705712028326986,2.27069014479253,1
3.23658377390009,4.30898033823095,7.49581054154556,1
2.68620836717103,1.96145598262023,7.30366650545772,1
2.60475194688388,1.23114593427595,6.18827410800166,1
0.609855952112237,1.41773572571236,1.81169978529769,1
-0.0993964844019803,-1.47594785996459,2.83099681391416,1
-0.903521644280901,1.13257179241452,1.44455169798636,1
1.02151938321676,0.386239180822535,1.00200838760138,1
-2.91123434064783,-2.01499482798391,0.922443695056362,1
-0.455319896746348,-0.944828662948272,2.12237893469816,1
4.78299615654578,3.80695416802283,5.84989630334606,1
5.68930480357919,5.20344946260504,6.88553233681549,1
4.08411181912001,3.61861411236364,5.91800849366388,1
4.91842635586419,-0.262804957724519,3.07430196868208,1
3.73750481939462,0.978749846616945,7.72495171848311,1
-0.568338893844321,0.675135382338276,2.72649327026847,1
7.02950034514693,5.4471871637301,6.02182417790593,1
1.56412224737025,0.970408244435058,0.123662082867707,1
3.77729831915921,2.10584108844569,-0.695242666087272,1
2.02409672422374,-1.56889912342484,-0.679788357272265,1
-1.17147530654244,-0.390982114399627,4.3456616301622,1
3.04769956494603,3.38100793426263,6.46922762088396,1
-1.28864895692952,1.55018442513494,3.93585819901071,1
5.06827379759857,2.34403545148709,7.95500944047345,1
0.538648144637229,0.305670175094281,6.38869590791267,1
1.63536614609655,1.14916495936171,1.01365681698639,1
2.02426177755418,-2.17727773348084,2.45681529776754,1
4.18639986191592,3.74335407185851,11.2299391822795,1
0.559503284447433,-1.84110307083305,2.13079347216112,1
4.18255781654133,3.8102034936186,6.1443561586373,1
7.4442040606836,4.23214392726277,7.76015544731706,1
1.47895140501276,2.43749964751834,1.88072663581038,1
4.47184406333266,2.25495424663013,4.23338973646394,1
-2.51922479954279,-2.01164877476368,1.57432560981725,1
-3.03382974488024,-0.30152801761274,5.53634582309505,1
-0.523582155369492,0.210111452337033,2.72787639091409,1
-0.618953240669613,-2.20203706406043,1.5617267572806,1
1.8746026810606,0.51988439930734,2.02541841865997,1
4.20303822347222,2.08013847353944,5.16721092679197,1
-0.0469718046262284,-0.635218907466461,4.60952534779964,1
1.83199383149905,1.55219815903592,-1.230865678665,1
-3.32616725210056,-0.377607512218021,1.4072425831996,1
2.64883196043251,3.57812618437255,2.95427532396685,1
0.938381298165515,1.64262720696892,5.53284478556862,1
0.982091777542787,0.87751863838337,6.21926052881876,1
0.710586966523505,1.35654506120206,4.45118482662794,1
0.194107941118111,3.77002718269753,-0.152625217525203,1
0.333121100172917,1.68854090842851,0.101648051385007,1
3.59591105208217,-0.618650490774697,3.36097060564997,1
4.18085396775123,2.50843868661762,-0.351536894128518,1
3.39850986128917,0.986941570299752,-0.197653002446865,1
6.37697197545358,3.07993329596796,4.32526703786102,1
0.0318487566931185,-1.59291889933672,2.48500690991936,1
-0.678813786264428,-1.34427095698897,7.3289249702766,1
1.3743405130707,0.737048392263224,3.51396754849553,1
2.49539374140662,1.27295406585741,3.55607440427359,1
-1.22977590648799,0.304829539580155,2.38477795530142,1
-3.09419191702191,0.321694459342876,-0.470826534563251,1
2.3409100037805,0.514636819822122,-0.0456723507792258,1
1.17794143882993,-0.0226617201444941,3.71540980306865,1
4.73218721865602,2.06017663572537,0.00617613546005868,1
-0.219577624377177,-0.341296743317525,3.73178967831365,1
-0.315553407901864,-3.37100913829714,4.87246605679428,1
3.09425470448945,1.09853472285405,6.67476383936718,1
3.0780934279792,-0.698814293413836,1.44625257547538,1
0.300299693850334,1.2652351490757,5.18395747379216,1
-0.724694069184652,-2.22558816024105,3.46261788733545,1
1.72732986128164,-0.505999388125211,1.40268643945347,1
4.08733557263923,-0.0457923061513055,5.00174822702218,1
1.3876935619051,3.32025923181903,8.37755080869854,1
3.33987024022714,2.43841100840836,-0.0967097244320412,1
1.27267836764979,0.661514567507446,2.62046628549985,1
3.18111149971887,1.66724584612907,6.78288908739982,1
0.802128008324898,2.36837317548862,2.66335628429653,1
2.58754038543443,0.107289855413188,1.28518479448541,1
3.14855072374431,1.08464147384604,0.94354309606612,1
0.375782687692924,0.226288669174667,3.15990627123459,1
1.79395572768804,3.80180046987289,1.47138366503039,1
-0.419301616385023,-0.803340886001077,3.55449364617032,1
5.0384628481892,2.16875158693692,2.76130410786897,1
1.93872931039483,-0.0861238857767117,-2.1129509008479,1
2.16291873198204,2.29159490178142,2.4989025803428,1
2.10564246610467,3.0258840898541,3.26025724184804,1
0.991403277801427,-1.82108311685554,4.04600952563541,1
2.47592048647867,1.7258528431678,3.45972288309426,1
4.13465109035825,1.13771076675577,6.40288267869818,1
3.0175743453609,1.40507565174821,2.91543869471671,1
0.49012835574699,1.31999863313036,3.88115261881122,1
1.54065089235142,1.00662028689658,1.68868470332833,1
2.64731390052818,1.43238572249695,4.37469386739417,1
4.91567817541813,1.58762013178462,5.77230813776471,1
2.61381547551038,1.57811421971704,1.19128275791393,1
-0.147789722343715,0.677859860030623,-0.528731958968714,1
5.3887769683255,2.77616227427914,6.35875043080032,1
3.51974053205966,2.56523910708334,4.24218707845411,1
1.47510535315726,2.04643075938793,9.43888333380669,1
2.03225756513678,0.211753803623317,4.9009649700643,1
7.18875065564698,1.97529435360098,4.47287365305659,1
1.56273373895564,-0.469165244636968,2.01884530415516,1
4.66790126960894,2.12175467264283,5.83995854243001,1
1.60731511989519,0.326599945029483,2.18502822654776,1
3.3151318797387,0.716435193040924,5.82284444044807,1
4.25894724976526,3.77398503255831,5.73579755527087,1
4.0115593779124,2.68081832999095,9.40011022632139,1
4.10848523872651,5.23016066539373,4.11668441314754,1
4.85781069948491,0.765956124754679,4.7078781199392,1
2.24004211813818,1.67744512445496,1.86184311916524,1
2.15519544895363,0.721348851770227,1.01484587961246,1
0.577326662491197,3.67030820080586,6.12782754421465,1
-1.43156782149751,0.952443521981405,4.9030139879498,1
0.315628558225808,2.23996107101955,6.82518049868758,1
4.74536085248107,2.99612555188785,6.00226086627629,1
3.21885854913451,2.10634936427107,4.11375717090163,1
1.49410973294327,1.14201225618016,2.24683751963637,1
5.34570670405012,6.28788305568507,9.00616012837614,1
1.05516112119133,-0.806331565562699,6.01282463773853,1
0.675579025853177,0.434526635434628,2.2020940402291,1
5.91835760873969,2.79584310769871,7.88349958848886,1
1.64473658874812,-0.408859233291909,3.16734920130753,1
4.97414402624521,-0.130598684153375,3.42496754080832,1
2.07892638192938,2.13973020897193,6.74727004302024,1
2.65600971358912,3.30100149136991,9.99314707523209,1
1.91689738256158,1.17442460753316,7.78978736181013,1
5.8461648409466,2.52212859510227,2.26222085499786,1
1.60739383547524,-0.981797599640445,1.82565299401488,1
2.04196149019552,-2.25694241734476,10.9235031434092,1
5.86866294497384,4.4588693724937,4.86316996284393,1
4.7586003798717,5.43407286400121,0.250698215667019,1
3.20250171388932,2.37062434943333,6.61865602018295,1
5.17343025575785,3.87478375644186,10.8343068906649,1
2.93769367226145,2.73872115699408,6.34541194842579,1
3.31431288745486,-1.5350834827063,4.56068809697692,1
1.63952024948614,-2.40187696362203,2.82371054106203,1
3.28935685513035,1.09227818976731,3.49985703952882,1
4.33884940609735,2.15847622780774,4.95455942006311,1
1.59965753570272,3.30596257978714,4.87601389931875,1
1.50219283802877,1.38053202689534,2.72229736324178,1
-3.48936482618767,-2.34655808417729,2.76888599817653,1
3.96847128022407,3.63089398390548,4.26924463535865,1
2.31875858054252,2.1624645560996,3.82367289678191,1
0.176309542500777,1.07449383551465,0.522914602773708,1
5.83198424132994,3.48534042744858,7.1785949096679,1
8.23581004194242,6.50156217925583,9.79140269865522,1
1.03918394641343,-0.450614629626737,1.4731066387673,1
5.78471160222547,2.1916322447324,2.50614702512929,1
2.97470149397331,2.32893518446405,0.0857930986935931,1
0.682147110753033,2.45673981398839,6.70886671913955,1
2.35395171956142,4.2411017313795,8.47835402896032,1
2.88713100400537,1.5387323959392,1.72067217798225,1
1.96885116459563,0.997421498433148,6.0987319263061,1
2.12858264327153,-0.187797824277696,7.35277865218812,1
-1.32786485376187,-1.34657628851258,3.21265666105053,1
2.46605869778989,2.83645909354594,7.78708301048301,1
0.694853402792694,0.0243338818884213,6.6994952920693,1
0.736586449525126,1.55028642740609,5.16347790995049,1
3.0586865385602,1.94346052018678,2.5206865073197,1
0.610176650005305,0.578925635441997,1.54613541439181,1
2.2859196079073,3.48937546929115,0.545927844509428,1
0.452313403400733,-0.126852465613317,3.42708388001268,1
2.12294528516057,0.441789442545865,5.11306762299443,1
1.23071057502044,-0.570667708477773,6.02295441629044,1
1.27470238590941,2.33963134544386,5.79618166879789,1
-1.25110248698963,-0.852570680898692,3.10616178992789,1
4.36588834128863,1.45039153611585,7.26129517130997,1
5.14492678964681,3.22432738798759,1.65661403890305,1
-1.40676259702464,0.738702950060644,4.01807980437489,1
2.69768085939671,3.1218632448269,2.08721786058832,1
5.14353290435811,4.0595695609202,5.48054780749765,1
5.18046763057309,5.56498091713294,6.93477139016571,1
2.7869403422964,3.29881374691598,6.61623450381413,1
2.76649764645846,2.63881257136313,3.8411818242344,1
3.33376248006769,0.524954380517299,3.5238426020332,1
0.869443516646568,1.44215482206619,4.90214812874954,1
5.20295907454335,3.82824158356517,7.67939102153787,1
1.02777380549234,-0.765526494089008,6.75227193390054,1
0.554665295602269,0.250632850028671,6.48555373520693,1
1.50793738965882,1.8167853673,7.27433654656931,1
2.05886505869437,1.82635726480248,5.24288850911295,1
0.33324154741375,-1.02881105339596,2.24551656476562,1
2.79090062758558,0.930477102505513,1.11648796724606,1
0.641738675128028,-0.687392769726781,5.68333570910986,1
4.89053878966785,2.77821409167656,4.26478893405551,1
0.652132572414996,-0.763577856957588,-0.420251384139092,1
4.32996880537625,0.807207310095563,3.98716332623792,1
0.888589846327053,2.70896959351737,8.76684817712741,1
1.79271161028773,-1.53984114905208,2.72304428083722,1
2.89672303144673,1.42428123315554,6.04450899951243,1
0.555235103943806,-1.02566062117096,5.16871372403636,1
5.46709514106711,2.42789430629488,0.111839784586647,1
1.6772519763974,0.81711041572032,4.54425828595107,1
2.71584149631815,1.56408520689726,2.05488314102636,1
4.25689394893442,3.99512188753066,7.05251453200887,1
5.57502563605785,1.2875470887203,2.63697191436352,1
-1.19049203145997,-0.272340470099901,-0.0152528627134547,1
4.11683993662913,0.346564010156282,4.28631361436877,1
1.90249910987301,2.15376250400156,3.86246328063886,1
1.85689689375136,-1.73362876328008,4.78702519322879,1
1.78115552416121,1.48636411392087,2.41791205172056,1
0.859949438463524,-0.193148781831962,3.21736442966464,1
1.37226066374398,0.947750065367569,-0.25518986725332,1
3.35571530335623,2.92399143447498,7.78119863750638,1
4.65106402962673,4.65824186428632,5.16213567557649,1
0.815052287208168,0.75281114183843,1.54342312954729,1
-1.63261865525043,-2.16496420125976,1.71453301179556,1
4.62945695113095,5.27012658994401,10.0417300311949,1
-0.617019340337013,1.16003701478013,3.97578961867717,1
1.85774412677098,1.96914455464693,2.52587887147179,1
1.97128157749964,2.31881990744038,4.31308889815818,1
3.70867193180171,0.349461686170189,4.00513479799485,1
2.09126296170777,2.58347043857774,5.84550794538586,1
6.8083373274285,4.2185866994604,7.61151256162322,1
7.1682662622518,3.69463938934897,7.66797569025574,1
-1.22216205672062,1.37770317824623,2.16243800197656,1
2.93801730963475,0.521610423992054,4.92251401814419,1
3.69376409884863,4.13853125994603,3.01470317032311,1
1.61499474572326,-1.21137910929855,5.72176981455624,1
4.74582411171292,2.30972589834206,4.236267809428,1
0.360036567975028,-1.85627846306207,7.02405793462144,1
1.22069866823491,1.07779797662986,2.61652433712845,1
2.31423031583665,-0.547337355840742,5.06034140429545,1
-0.0906710323307127,0.425281880830681,3.91058785076419,1
1.64075340093719,-1.69151824321087,3.23916549289393,1
1.29551056050422,2.24763268080715,4.82665219751853,1
-1.44169950162154,-2.27996830987912,1.85781173862975,1
3.26604909124945,1.84305752916761,3.21426622754327,1
-2.24021856322544,-2.97871420606929,2.04089993623192,1
-1.54351634308222,-2.06699183114966,1.70475645304863,1
4.98190499578747,3.45813688832822,6.74915855898773,1
2.89835257099614,3.48332228916133,4.12284071718361,1
3.2027079360478,1.17605421555431,2.08575102931602,1
2.86336857490971,2.02104619771589,8.93843008957374,1
0.684996234163317,1.67373700384941,3.50714874724115,1
-0.132105545451659,1.58400040701668,7.82618335273492,1
2.3129108107318,2.05308488605874,5.27604026473707,1
1.72439211591466,-2.7379199871989,-0.686489963753075,1
1.72579223269453,-0.129593542629123,7.10583522604147,1
3.82083919543973,2.64366232681397,6.94493509926636,1
0.904555839179928,2.18286399337226,7.36615339788016,1
7.85543897020166,2.29136016270624,6.41544871479772,1
3.1933408166507,2.56578466778362,2.38255014648484,1
7.87953162453233,3.75135541098222,4.39519086393915,1
3.28206470178308,2.46491904813815,3.06969533531293,1
5.86537557032372,5.09460563704518,5.60889499444357,1
1.49188630292266,1.3567414929257,3.79807120830101,1
5.56841806332475,4.91271373103945,4.3663738506953,1
-1.35628681281318,1.75093348160141,0.53365102106929,1
2.25024824307573,1.39163834960167,4.64029420665616,1
0.998205582466609,-0.0901912981956552,7.85870670289166,1
3.44485972441191,1.88015353141772,2.63588521138234,1
2.59282774269907,1.92830395012525,4.73612872357648,1
5.52069549943773,3.83597523039097,6.78578414949065,1
5.60153882415691,3.18229300486601,6.31936879084028,1
5.08881449416398,1.35508400842184,3.39907569547502,1
3.26933504906186,1.84059108288595,8.40016369467525,1
-2.31331188004089,-2.31834639366379,8.27260892210046,1
0.86722002590801,3.51945604608,6.74599728412161,1
5.44301873543868,3.6607088939607,4.92932504256221,1
2.1940518879151,0.0301792718869054,1.26348006871434,1
2.6920594401212,0.942457709539294,6.15833971325799,1
1.47479569306327,0.462634361817857,10.0150243906947,1
2.64168759509108,3.42303053151912,1.46163165261798,1
3.65488246957569,-1.35379606756054,3.54504449802283,1
0.288259602939411,1.5671856474043,2.39603137104455,1
0.0196671149159697,-1.061383862555,5.80252913603205,1
6.38698349900503,2.46123257636291,4.11044356542794,1
5.17865162788724,1.80162154818577,6.72910843785302,1
-1.12618586600457,0.287306385204534,1.98029581527702,1
2.11626490015951,1.24583861686043,1.36106580746505,1
4.35583508298045,-2.13701285368569,7.3273354849147,1
-2.55489697773157,-1.37847747337703,5.17024353038319,1
4.66851650462267,1.07905425528134,4.81856878293627,1
0.808379892272561,0.525007857556439,-0.904397896046972,1
-2.01350563745122,-1.4419032745833,6.34523217077626,1
1.95363802778657,2.17621080644971,5.1204574345523,1
4.48981141470369,1.95823058310084,5.01420608881028,1
1.84457443533012,-0.799598522356189,1.84462344448086,1
3.02460854025836,4.30183237705956,8.30796985726029,1
3.72398392310807,2.09322054956231,3.31433823524078,1
2.19869319546484,2.82730389730373,1.80321107230889,1
3.60614054983132,2.82317173352352,7.02677016255965,1
0.0160903224469107,-1.07266463194091,2.46001488491943,1
0.9313522640848,0.866058080314602,2.81880384499889,1
-0.0444702390150566,0.180104738531694,3.88344139140201,1
1.96094823103217,1.89781499329566,6.24728400228512,1
5.87029264920535,5.80295801354044,2.55564946288362,1
1.40991593988874,-0.377509654602825,2.25142461310501,1
1.01468461279788,-0.663461668356783,5.09381664543722,1
-1.5638210003349,-1.8647572369041,2.13777578110376,1
2.73630113537041,2.14976772610636,5.5835056199836,1
2.30727555981572,1.59839116893323,6.3638931220318,1
0.932843969718677,-1.41353093715353,0.545464229280772,1
0.778627448465854,3.16980013965047,0.252691376700411,1
-1.22916831556681,-3.0688978762108,0.765031493696006,1
1.83786451281668,-0.322066428187786,3.27409874701726,1
5.21314395441958,0.27825460598795,1.36320247381314,1
2.94052136495721,1.68443591899559,7.43477315556822,1
4.60411576219439,2.7393901343797,3.23714905115065,1
4.05377896813757,3.76520460386015,8.00940419122483,1
1.31703395909416,0.2789499323195,2.74785920331653,1
3.8007535989638,-0.768641788553519,2.07554398310834,1
4.3964925376419,2.67094081581709,2.90532371260242,1
6.29749148618841,2.45228593623366,1.65809442261553,1
-0.486682862068246,-2.34892714600533,5.40252424561221,1
0.254984384412768,0.425021042301878,3.30523270947901,1
0.169741107943095,-0.186222852135796,0.685604611166731,1
-1.35562563468177,-0.244916785876975,7.42410944870042,1
-0.803272424213188,-0.620957736290934,3.72506018243018,1
-2.60953971739682,0.419983233625386,1.50309761817313,1
1.55641675822473,-0.00268424024267544,1.41377281930937,1
1.83403896264122,3.2582080176651,6.14258346524137,1
3.15206796424325,-0.689818817650628,4.98344736136506,1
3.74149449100242,2.37251543212778,4.38805026840255,1
-1.01847685991956,-0.449182576303467,0.976972879361865,1
1.28361128278048,2.27558951963947,-1.64862359104861,1
4.59406994266332,1.86043820185824,5.77081411636252,1
1.73829449580409,1.96547391268519,3.39980426697147,1
-0.828686854161681,-0.0265366840009762,1.86341445783471,1
-0.0344299854094916,3.12360180890806,3.40876034436168,1
3.35981325742946,1.38720516415694,5.48876788921683,1
8.54987138605874,3.90840231292933,4.0170955136503,1
2.04389153536629,1.63206458620453,8.52119421727207,1
1.54943159722817,-0.389405441716257,8.26838455390913,1
3.1985170729222,4.27945697892135,2.28552505448166,1
3.81317513643906,3.37617295777236,9.35659762020235,1
0.213082358967789,-2.89778440921519,2.40479799180928,1
1.30401267706497,0.283276659093195,6.26556452225224,1
3.0028742905327,2.01246726527782,4.05783017353211,1
3.77603979252647,1.81522130818066,5.87091532631811,1
0.735749867694833,-0.928269486556781,-1.2645217297856,1
-2.43380924380443,0.380285808139547,3.28015084983699,1
4.89985077742169,3.5683037634503,5.68625202368359,1
-1.47005466179085,-1.21821158115325,5.22774420610127,1
3.13033307738308,2.09065406740605,5.23488257830289,1
2.24514854858525,0.106650503731055,1.41304907429468,1
1.70518582318565,0.794280813977237,1.34874870359705,1
4.05348290278447,0.207698066307474,2.88022803889546,1
0.219887379025389,1.44595872666988,-0.947397011196458,1
-0.00544061216370029,-2.46825907359683,2.7820690897219,1
4.00806602337498,3.66988873100051,5.93705058658764,1
3.19851057551539,-0.403200890007805,3.32557308697017,1
2.3045692759613,-0.665004998419585,5.59808181983045,1
4.24743897088912,0.682118154100832,1.36100813448693,1
4.46294599052997,1.52587654693697,2.74531068645824,1
3.06475167238199,4.02771132775428,3.9316632761588,1
-1.48429359635845,-0.74974307170026,-0.748903298740253,1
2.30587367324945,1.13693187580365,9.90575456128403,1
2.31642875394643,0.786149387019354,6.18991294022032,1
-1.16516474327249,0.758868929319001,4.17754006973923,1
1.44498914360359,0.488890296773164,2.60488565569447,1
2.11424589275561,0.25999596339709,0.393088745885154,1
1.22100181807082,1.78586189579563,2.21660479054685,1
0.635083764472193,-0.299529852653523,2.05762515227189,1
3.04134028106249,-2.10583650897084,1.79117076813208,1
-1.66478433229506,-2.15661587623525,1.6510375846371,1
4.04668476515931,3.15183885622072,4.05853156804923,1
6.70934536192562,4.93633359009564,4.66039686416061,1
-1.74998212289874,-2.50644526835841,2.86096216839423,1
3.81252818482342,1.61170679127943,3.59157307929786,1
3.3919439276352,4.09451279557786,6.50141017796587,1
5.81103741153426,4.05236998439366,5.34933083826232,1
1.04772459053636,0.00899270162861776,6.08960733177739,1
5.40842031519583,0.942839866381948,5.37013717097067,1
-1.92353995326173,-0.772746464228817,3.8177217787034,1
3.29179279140522,0.753993362814683,2.89909842874682,1
5.95335699305202,-0.238688114588223,2.44069296294512,1
4.8056308001931,2.46119634796454,0.90013585825285,1
6.78185907989076,4.31181719809982,5.04799747190535,1
1.43942351359206,3.97536185490189,3.44520942583879,1
1.463063235603,3.67576570081076,2.45753010421971,1
0.516895712191999,1.90266753513545,1.08413101842493,1
0.158414817329616,1.27793365491425,4.18991488938297,1
-0.332132954400272,-0.479166445450413,2.58220612041127,1
2.72660949644352,2.45746098634066,6.90714169579825,1
4.23331398589677,3.20895167523459,7.27313021417158,1
2.35456774863685,1.14625404671786,4.59138061572771,1
1.84776695241992,-0.409480131602623,5.072318613073,1
6.08711535300696,2.33366417619238,4.19641589360805,1
4.55788216747758,2.80543899236876,2.8592889882327,1
5.51290465255594,2.23555518392745,1.34687653553832,1
5.60482953543598,1.25491734878065,4.16808559232519,1
5.13008413384135,2.26559904251199,5.28350703487227,1
3.53681391807726,-0.0504056804491948,5.90719992487194,1
0.732438793688014,-1.53020410014192,2.44507776141046,1
1.03511734825415,1.09791670088751,6.11457780396738,1
0.403471241126076,-0.467795510355963,2.49644886201972,1
1.83714911070467,2.12676812829123,3.98077151298763,1
2.14793902477647,2.42440552804667,2.41515416525049,1
4.03271294089842,1.77555274610195,1.47546428255132,1
1.94874433181389,0.833339243678195,1.57316590102141,1
-1.00128380798644,0.0996414005723205,1.3170869014026,1
3.95789387410082,2.76415514144771,3.81585587379109,1
-1.63330836256377,-0.931026678152695,4.46944468580094,1
3.9396150899729,0.737098305526125,9.5539411706217,1
2.46141986753002,-0.852880282641699,3.63781665964356,1
-0.00696078647973231,0.544130994223974,4.02124816432105,1
2.59794722362197,2.73540671521961,3.36374552733173,1
4.14682738451886,1.65601631478971,0.190065153563978,1
0.893202048208681,-0.214622594642044,3.90830254543846,1
1.58023680131887,-0.0723660314139587,2.42016392278366,1
2.07879690530211,0.840182763302116,2.70931426114761,1
3.19021475558922,1.21250275364479,-0.318827721217591,1
1.89022037855287,2.6360643935914,1.13301618866155,1
1.20563430388279,0.782262141975152,5.07013837657934,1
1.65910126689092,1.48417634850528,5.6087636939516,1
2.98177891879788,3.29141359901843,6.63472285086638,1
-1.10755600033596,-0.928448582601302,2.72187830390535,1
1.55666119259158,1.23197887227563,3.78350149728769,1
3.64891007965137,2.29877061796796,6.2352536491358,1
3.92240419613965,2.28779017147797,2.46132337427621,1
-0.413971771309415,-0.031732595627382,7.66538864303199,1
-1.49383429548983,-0.0284635109129201,-0.343997537367639,1
0.0986171793440329,0.414773206027961,8.19855587730572,1
-0.947862584954805,-1.89320816045498,-1.4272944451944,1
3.13359510889299,3.19119270023957,2.82374838255239,1
-2.72268411452954,-1.24560753178101,5.12873771725635,1
1.53367781076431,2.81290523105511,4.84945333756436,1
3.33837227948108,1.10740721179924,10.4373038496749,1
1.12648277414897,2.76012972010461,2.89153318073159,1
5.6306467718027,3.35680052438254,5.06880855851113,1
0.28827748352131,-0.146117779725711,3.70687869622704,1
4.15582235179385,4.62027201515124,6.04964449561014,1
2.94929195090425,1.31772936628086,8.60957707059946,1
5.25697829621222,3.21266099118519,4.77316980131467,1
1.69692140791367,3.82123994911198,5.63831267076538,1
2.07004063724673,-2.07601098700804,1.90819299729297,1
-2.05412968788532,-0.688569289265392,1.39332670824797,1
2.33587457936114,3.19477298808629,2.39529524313129,1
5.77298580494724,2.76471484671792,10.846784698535,1
2.68677111638552,-0.855257082051943,0.566007480998384,1
1.5227413348086,1.86281155413983,5.39878654347268,1
-1.3727249325996,-1.38349694457303,-0.890800315579082,1
6.78712322384391,2.30427064813578,5.7052473840289,1
4.29994575221547,2.25931045467751,4.98873574551991,1
3.18418659586041,3.99098798051791,6.89720398769723,1
1.17309643699317,0.889985102877749,1.4621805536712,1
3.91875598900038,2.35911563075213,8.13832777960975,1
0.315113705973861,2.17463064855424,9.79805194437075,1
1.50516784949671,0.539965488960474,2.49083390466031,1
1.26140866994059,0.52323773940832,4.92029818850703,1
1.93804776949094,1.81930582064602,5.2212872188524,1
3.50735841011714,3.34889808694991,3.94164290599543,1
2.41130927068188,4.37281311537371,8.64271819690275,1
1.28526849291368,0.435255850464227,2.33098120396036,1
2.80873333704522,-0.764964925614593,5.29654284607852,1
-1.22648096610996,-0.242200501690596,4.48099099969498,1
1.08076266314743,-0.272229711054641,6.17789833955437,1
1.24338039495322,1.58580157979473,4.83529562872977,1
2.39179419505279,-0.0862830320883208,5.13554561817417,1
1.88000197056332,2.75433584519853,4.2956655778498,1
-1.5321888253935,-0.992802990864043,-1.35411809715014,1
1.1924816992315,0.847219185733886,5.53403381842482,1
2.37359932552283,1.39938210992813,2.20047302684659,1
-2.03967965356255,-2.06674538811874,2.6254624235053,1
3.5154407171966,0.480309457289404,2.83955809337714,1
0.330222822404949,-0.209247400388439,5.88307243830812,1
1.91663170343897,0.279747031529258,5.04257755818972,1
2.99158389454683,2.26064288622675,5.03052250519477,1
-0.705084809639527,-3.92340462508307,4.43299358689551,1
-0.855581069492628,-1.76720845481614,2.84200672154757,1
0.308983120080637,0.199740231291521,4.90625779479141,1
1.59425791459782,-1.64044768656004,3.05243082486707,1
2.40513612520888,0.676049429029334,6.98339469485442,1
-3.42859674476185,-2.39745968258901,4.16238813279668,1
-0.112423982787811,1.32488108832925,5.16172880083172,1
1.72098088877485,-0.760119387242473,1.07745307274034,1
0.657465314176259,-1.31152660801754,-0.237312657678183,1
-0.534132238076007,-0.374417768958046,1.60886470694825,1
3.09375031140029,3.00828090974575,7.49483420746411,1
2.31710673133652,3.10805396044327,6.0712693955728,1
4.71777011450613,3.78346138473339,3.90824419712293,1
1.16165582095776,-0.397377123141348,3.63365501041325,1
4.68648432808706,2.22321372908713,6.51447904723542,1
1.80126545649762,0.864622350602449,2.83430236703789,1
-0.193266240250234,-1.96906189798474,-0.0286176984447737,1
6.76796806111571,2.8396119017047,3.59655866388925,1
2.06594195067337,0.781487586866307,6.30973913554072,1
1.21775972007548,0.562935820061699,1.3808511634971,1
0.252463949650054,1.6605899853634,5.03724023450652,1
6.32727252119582,3.58945121252268,8.3493923250739,1
0.213946376164813,-1.26623534792379,4.75533157997652,1
3.33160993880186,0.948704208663292,2.07867498149233,1
1.55975592502279,2.86481018366215,2.41020972892527,1
1.61711273721297,-0.394531191048036,-0.223367582938039,1
2.06232378306063,3.00358474218879,5.12424521895124,1
3.92430984755918,1.96711301396303,1.96979515276368,1
1.80451173353189,1.41963957038038,5.37996762606821,1
5.81081548864744,-0.278698654453545,4.62215856219054,1
3.47253656472561,0.81427891863967,4.62443344613085,1
2.95162748784493,2.76683964437564,4.33544103457107,1
2.47274284902155,0.764816294550716,9.75569245186134,1
3.32409627262091,1.96190475972349,0.927113234272579,1
4.06794399843841,3.91551217643171,2.08156674341636,1
0.266137551666554,0.0305637257332669,2.97060701692566,1
-2.61769683427504,-1.7944939613365,2.491967945523,1
4.93384710145819,3.71892219747343,6.84644296510487,1
0.53410850530423,1.86931836471333,0.614670493873861,1
2.30574027593805,0.826995171455513,-0.492351814548018,1
8.0683794003981,4.40618492343763,6.72962345454548,1
1.93342073645883,1.02864882239225,2.23768011141935,1
3.11407310770396,1.85830495113056,4.93077316251829,1
0.137155970324596,-2.27788945746609,1.54565479938304,1
1.15212192999201,2.11357054379274,-0.645325039829062,1
2.98607339353296,-0.673861395550786,4.49771625658061,1
2.19207928200181,1.69779995303027,7.46756020021677,1
0.875330487656766,1.6184383319005,6.2999261506118,1
-2.03224368881822,-0.20344962929097,5.80990551522652,1
5.76156902748222,1.56631045538855,6.99106016378796,1
1.72236665762351,1.64825718376897,1.47963185607105,1
4.1190758734175,2.48412537981718,5.19337271443746,1
0.334883193395648,3.1556251225269,2.10396857226126,1
10.5440814336478,5.58842424084535,6.96483411039077,1
0.277482854847189,-0.00250679112692365,5.08743439734052,1
-3.03397031037607,-1.06444710626194,-2.42179212581835,1
0.488099143330483,1.22782880702824,8.29709872107394,1
1.99938711327893,0.273284332565097,4.27839122458691,1
1.4737349445962,1.40032257696591,4.7594192403173,1
1.29730720690708,-0.703957887782922,3.04331505058895,1
-0.377970158719318,-1.60423228611756,4.07794908676159,1
1.04763160412625,0.146592867630524,5.91217298608204,1
3.84472126179435,3.68921909956278,5.70564051806204,1
-3.29793271442663,-2.38758517740447,0.593839937235643,1
1.45332865630985,0.496943950431205,6.46193206193566,1
6.0507807439962,2.51039400734143,0.904228555948276,1
-0.0365319250285032,-0.310123310318378,3.11838185128942,1
4.6134458394506,3.87557608893677,4.33203850138226,1
1.09720982223647,0.361532329346319,4.17815201430869,1
3.24341092047698,0.981011702836109,3.37554422967607,1
1.22442810282183,1.10684145171102,4.62777198012567,1
5.62768640057193,3.78665084016173,7.55608770258536,1
1.74549728487481,1.90003268295455,4.01400257179516,1
2.39050630172072,-1.01020084645156,1.46282587950906,1
0.776927467408405,2.69362433082585,7.82867716656998,1
-0.0305254339015222,0.537931536078183,0.479049239552704,1
1.66874324850251,0.70973022083317,2.03604634253373,1
2.20615751982798,2.42190738342989,5.46865678916293,1
4.09265561517401,1.16971487085898,4.3461982113543,1
-0.387567391553582,-1.67289209050164,3.97786877809399,1
6.82468540463345,6.23178804978424,9.20077882517024,1
5.78381567590121,2.30961149602903,10.7322726136166,1
4.25515405503669,2.3251987331556,2.61602545448235,1
1.99719121587572,0.611806454625015,2.59847923798135,1
3.95624044887499,2.65807784516579,4.11595274973368,1
6.3782560180314,4.15276878203216,4.70209402633471,1
1.25205657603429,2.49788001814014,3.07896616266109,1
5.95940666643213,2.82422879352384,7.53383690453473,1
3.63430118869549,3.71873322777322,4.61233617376589,1
3.26695934930869,2.61067989165696,2.45240185515384,1
2.10470401398036,0.704319012029784,3.62071384634126,1
2.14339539189778,2.62287954664545,10.1325838330037,1
-0.283980567391034,-0.491490847220309,3.60973168429722,1
4.42831976474484,-0.32572861819045,4.5271992669644,1
2.66568832776235,2.44320462392292,6.28092388483329,1
5.32555117936993,1.9329352099442,3.20229263246535,1
4.29211764641638,3.35139183062555,6.51249908943022,1
-2.26911534643608,-3.13631104302914,2.68120010712916,1
2.6998773567299,0.237383137800884,8.68750265245691,1
-0.586646051103084,-0.307596245162009,3.26804300757482,1
4.25793657433397,1.49430430225836,3.64403224678323,1
3.64646112783583,1.99150934826636,0.3218460962653,1
0.511729567094783,1.70849117217992,3.0528803368521,1
3.10215411090362,3.04133567673868,4.05842806144914,1
0.905091421330186,-0.551232163925877,1.97087263367595,1
0.449690262326902,-1.26406019174488,1.02652304224691,1
7.58527638738694,3.2632923523165,6.91041016111438,1
3.18306735082571,3.65313191532332,11.1212605446905,1
-0.149885026167341,0.232005034388554,4.54096628213231,1
-0.858124940802599,-0.456455884315414,1.53874605314333,1
4.39451747820944,2.95986836383726,5.49789632134635,1
1.82072053346658,4.58866209447606,3.62360773270821,1
3.57545702375099,3.67999859379583,6.22399598634611,1
1.89528266934127,-0.725310216595163,3.11611145233319,1
2.14716741457437,1.80936215681449,5.07092366586927,1
-0.68329885474232,-1.68972056843175,5.94083368449012,1
5.23020122975083,1.64879418544125,1.85354246545095,1
-1.3640083629398,-0.240311732870018,3.50455202091821,1
2.86260049409232,1.98426192189228,1.57530703448411,1
1.88097928137022,0.591980841988624,-3.56915395255456,1
1.59851071753712,0.126190467759798,5.3262154948355,1
3.43318924585145,0.62884956177137,4.62949460890659,1
3.32395436291519,3.05593239233945,5.19091062682547,1
1.47561979087245,0.190043971196564,0.523778416378621,1
2.53414275388271,0.0616312210918197,2.06275631151864,1
4.73537068178505,3.13931002093422,3.96135516078233,1
1.79121605413864,-0.22771567209704,6.36158709578553,1
7.98660554703863,3.82015674422712,6.99717757479629,1
1.04705643532237,1.06011972053083,5.71729965720131,1
5.10772152513948,2.47501213705301,5.13188019093542,1
-1.42129221277276,-0.662487146028518,-1.44798822490663,1
2.90112422432462,-0.880899232665279,4.61501906545979,1
1.17729083767588,0.655592509624763,1.49496228866027,1
0.724900784362924,0.265591343504038,0.672469179401938,1
2.78352143406032,2.38323990424259,2.97457913444184,1
4.7436166877782,5.75233969426379,7.45359736034296,1
5.18647769013234,1.2396748114222,4.51836754418666,1
1.53812109554433,2.48395169136239,3.11202124128182,1
2.14620602883618,0.321700246263116,1.83439383937547,1
4.50065944458917,0.893307684299883,5.49531792576644,1
6.57568036160204,2.67325250537538,2.16598628965178,1
1.34727728528631,3.73333663161392,4.44859386179783,1
-2.5430077693303,-2.95326200380499,-2.82278084098193,1
2.29683843567172,-0.125047340677678,4.47111666547973,1
2.27125540441445,0.803122311421644,4.96024577908936,1
-0.0902995077618436,0.799348847343683,5.13261865991775,1
4.87284117927074,3.14525605461168,5.71471555202626,1
4.66548015281655,4.06173458745085,4.6609524014636,1
2.69921773990741,1.26399009390529,2.6972265080283,1
1.5270097156739,1.67743190577081,2.99094338172289,1
1.46242765609774,0.84533013962022,2.82251986926142,1
2.22625871395914,2.10169033076552,6.29576251027488,1
1.52708375852519,0.65017439578829,2.71079625476714,1
2.75913136745364,2.4570835269054,4.78521964867158,1
2.84865674428273,3.47209332431904,0.15661488181736,1
1.66588504166786,1.23319122994594,5.9016622972789,1
1.86204934941267,0.988909074938635,1.77989791559701,1
1.4943676417119,-0.720986845517462,6.19774356421961,1
5.15360617267276,2.04248228673102,3.55828988438916,1
4.02501656914967,-0.664858641342934,5.36734281896267,1
0.799292248232959,-0.145455456666932,5.99044876100204,1
2.56591441906384,-0.993947398874407,-0.199820108137333,1
1.87703885331588,0.033559580284559,3.19103029706622,1
1.78753652177589,0.02829803410617,5.89193463862034,1
3.1077452484812,2.60162591721165,4.45852428898756,1
-2.5829050075235,-1.07295713835612,4.84785388775035,1
2.02422996291621,2.83090209871139,1.3399751188213,1
6.2556511587551,3.31077207445486,8.93061392433549,1
4.54784642566703,1.13674541355503,6.10372425240782,1
4.12119102489018,-1.3199345310878,3.262306483414,1
4.20240139066106,2.07130450501876,7.64209733756616,1
0.0517391721920126,-0.29900976499772,-0.670258626250682,1
3.62683296708328,4.5577375421045,3.85859158985824,1
2.23306939841482,0.00522486644610776,3.11351309166017,1
1.84319165637086,0.215400272749568,1.84464855831091,1
-0.241832091144974,0.810453888636997,2.39958490644248,1
-0.0126663154346707,-2.51891833171557,1.77777100440074,1
4.62543394935922,7.40563035565109,5.9031933885251,1
4.71615366762056,0.310911440724764,6.81739542353963,1
-1.14634849707507,-2.45020786894425,-3.70308300404183,1
2.09120533633431,-0.649393539218394,4.92101071683991,1
-0.47310236951636,1.41130676411149,2.69420703166591,1
0.290259899174666,-0.912068991202192,6.47549920537128,1
-3.04660587689783,-1.78636304180251,4.4261881268187,1
-0.282061079687058,-1.88702391513406,8.99447436035615,1
0.27879440843958,-1.69933968673546,4.74518189108689,1
2.53575658543098,1.00510339159285,-0.157356202981514,1
2.60824408589977,-0.0915136764290421,5.64837699356888,1
-1.238687532377,-1.16212559520042,0.840866835093575,1
0.455074187298635,-0.182676647995936,5.04278972175986,1
1.83507473315543,2.12619959939625,2.38184175959359,1
3.26567953929067,2.26208588583368,9.3944623921951,1
-0.548670682148395,-0.922247614210299,-0.0333125998675809,1
2.67406185855157,1.96451499855993,6.54679787094983,1
0.88203493138245,-1.31659183629866,5.46582877306611,1
1.27423720909138,2.16901632013264,1.28415439189315,1
1.23091328324982,0.323794236409477,6.95709307635117,1
1.11946017684954,-0.213473056272503,2.42931078442697,1
3.89629977945343,-0.330486320770016,2.78580775991454,1
2.15466514375272,-0.149148403019847,4.19891172962684,1
2.1474066025201,0.91177777853458,1.83887577643326,1
5.58589050382763,3.47464784333076,8.29293719334446,1
0.262709621602029,-1.21776140063035,4.96072767592392,1
2.89005624273058,0.95860100658416,1.61675600443529,1
0.451129282271079,2.04690391427797,4.59803705866393,1
3.6250527559108,3.05823848639966,4.47896195388713,1
1.84318216431684,-1.38985609979223,8.34355022828672,1
1.38336228607987,0.0409501964026211,5.10233364827412,1
3.26406761914985,3.57333873999102,11.3290479334662,1
2.90336856953653,2.33037010095138,2.19140506283669,1
3.84721641715379,0.538493830420596,4.22201470799975,1
0.933820905125755,2.0741664987218,4.21252643473317,1
5.39172005533039,3.07197580951768,6.65343165335314,1
-0.72172733469785,-1.1036550799557,4.12699994589069,1
2.38113226631824,1.02364949381448,0.760931825378072,1
-4.0700439557294,-2.76027881008767,1.54502522929917,1
2.21680813524969,1.69048697476145,8.92180574807852,1
1.94879895521852,1.75401386331147,6.5728231187941,1
2.90186746734461,-0.333137256076006,-1.9832901176677,1
1.83173624043868,0.937892618863215,1.91868790471868,1
4.76457992366308,1.83161352084205,1.48453973627091,1
4.13519817693319,2.25761911514203,4.05753244182299,1
2.70763793240469,2.58418574616304,6.19573902289543,1
6.29067089164981,4.31977499124855,4.89813654420328,1
2.73252039709846,0.597943135566103,3.44392479320853,1
1.48771752299275,0.65810323481663,2.96794908007295,1
5.01590250424167,3.28055016747212,8.72637170468809,1
1.14435942119114,0.341870018100002,1.91076934116115,1
1.10544078560027,1.58888091942336,6.06864413521567,1
1.33738650101416,0.0787018023022982,0.852324915980115,1
-1.21544787822687,0.784406719753932,3.84680633699348,1
7.30514464889921,4.16670261166355,2.34803879121622,1
2.1492765277006,1.89141416069519,1.30942599540919,1
5.4827809166236,1.66866393449343,2.09370423178548,1
3.96403448967916,1.71371625938562,0.501053619618748,1
0.477763629136192,-0.312602524781064,7.57575767692002,1
0.990187054132043,-0.80037859791299,2.38572668977518,1
4.84342365699699,4.14206449811847,2.91117100990856,1
0.402700737467748,0.786607484059979,3.28070352654788,1
2.13208420937427,2.34727038169638,9.24890465724324,1
5.07111023376514,2.28961366658625,7.65895289679634,1
4.01857609897132,2.32906600973715,2.73553672279495,1
1.77875788416633,0.34476340953277,4.38716953436985,1
1.31557346808712,0.936838365448205,1.12857765942387,1
1.25994060951213,1.49872714560958,4.85693386429823,1
1.77058528976707,-0.41037760296447,6.06420716624303,1
1.14776631522493,-0.179829279448524,6.83265129574268,1
0.478659386237868,0.234645223051056,5.20990172400229,1
-0.541563744085162,-1.13707122086933,5.29166186789661,1
5.84092499437496,-0.450312134067246,3.43862859721967,1
4.58121323992263,4.08833819902314,1.0161293923986,1
0.382346109471856,-0.6820564792778,2.26185854986289,1
3.19369368518499,3.61360768952288,7.01102808665453,1
-1.07600670573439,-0.815153217827901,4.57230911618973,1
-0.438597461937793,-2.19642745770226,2.77592413426617,1
5.09146948528676,2.03080081141858,11.2835153154853,1
2.79834710992164,2.06236858691218,-0.829903208576789,1
-1.48896756250849,-3.78795550079484,1.57770257432562,1
2.18728084636692,-0.32463367195943,1.79648623410814,1
1.60984448023424,-0.467521299649942,5.19377539795855,1
-0.428969066548238,1.01739283019922,1.69360804290152,1
5.99279771999587,4.04314789123806,11.2689900264928,1
3.52070288007836,1.89212984644107,2.71377292042025,1
3.48063464022377,0.686311876431521,6.12060262790202,1
3.69084451387455,0.254043322383885,5.58034172303026,1
5.27124880824929,3.28283688727137,5.71834922661974,1
2.30078790095159,1.67983870392396,9.24109316748226,1
3.39098995963327,3.17512046398854,6.87173622878371,1
4.47820748620535,2.26855101610304,11.0955889152192,1
1.0272842949095,1.00085026427516,1.90055000219115,1
3.8134676272101,2.79648696975088,8.02868971535484,1
0.181806243852235,-2.35972993377807,5.88975695663178,1
-0.0186655526291952,1.99339706113319,1.69052354488318,1
2.98184054266938,-0.658352663053864,4.11599629316915,1
-0.948911717989661,-2.85221720328717,-0.551744205591833,1
4.93695635187968,3.21714687153156,6.09422597698627,1
1.14202479694355,1.23645207256674,5.15612156160237,1
-0.818104098781609,1.29258874900874,4.95896339203995,1
3.78929008735611,0.174480130430555,4.4863905305951,1
4.22769001982106,2.70404025464214,3.83133100801498,1
0.36609556643151,1.49704590305184,2.73825132826941,1
-1.94988984217546,-0.269423743003621,2.7076591262855,1
4.3945373258846,6.52455184422038,8.87752591096001,1
1.74824191326235,1.09712845728995,3.21843029796106,1
1.91629696534824,2.68465251118368,5.97289405765988,1
0.888116421619272,1.99860726988396,2.1983204018775,1
3.9995796876835,2.21508693066372,1.83432148088349,1
2.81217242283925,2.29250509576353,6.31284252883994,1
2.97913631594051,1.59255333458975,3.08298719749886,1
1.53399620193685,2.67402529268004,4.51387368005674,1
-1.09605623772134,-0.798404231939284,3.12987228189038,1
4.58724579846835,2.27259949973059,5.54949313495426,1
3.03516173219771,2.69949842620627,3.67059050892299,1
-1.00308077973806,-1.85977552081052,2.78495782707038,1
2.39444502741046,2.13212135268255,8.32119422856321,1
3.6873288350686,1.08668347494379,6.64457521493935,1
4.17231232131101,2.26016119911225,3.51875485218832,1
-0.852257269318404,0.29158929379434,2.99106347101947,1
2.70509312610754,0.034617722059932,3.73821433283576,1
0.571415948265451,-0.882999372318347,3.68248451348383,1
1.05625368760704,0.608424421101424,3.83369984073996,1
1.33370527579954,1.1525502112191,1.20222257428865,1
0.855351013681786,0.104253526617152,6.56291075429743,1
2.5725604021726,1.87702282609745,7.42460658364976,1
2.34228295806209,0.791203589500161,2.76872376597313,1
5.77643899672953,4.00699806899471,7.35532570548652,1
1.82690426948928,-2.51566294493432,0.448452398799714,1
0.864080558678534,3.4946487549488,2.71726637736379,1
3.51240474236613,3.10599801670193,5.61631624314249,1
2.97210441531128,2.04578184968353,9.50174718514857,1
2.32159241340172,2.39336325605334,2.4408892881965,1
-0.147349337712865,-1.39483867457556,1.3434842508545,1
0.586995133323101,-1.36875325801619,1.09372075784092,1
4.17088622130162,2.06446114583487,1.21096627608616,1
4.17833645166595,3.32846051447664,4.96743618618602,1
2.36764690497714,-0.15891808716276,-2.61915849846581,1
0.392512269335835,-0.284261002189741,4.4807980904442,1
5.58224027418608,3.32068965996674,8.61441271673443,1
1.09209104483423,0.758231370419745,3.39386684776627,1
-0.868589235030095,1.15327951056644,5.32657212131903,1
6.31677242365436,2.38609241630557,11.4250520848224,1
-0.911114422441268,0.830392601804602,5.29790656567704,1
1.86795622019024,-0.563694331495776,5.65662311245539,1
6.37249726831139,5.33468104935717,8.60206654526367,1
2.72204499993905,0.203233661312654,7.32874379524685,1
1.395620633243,-0.0894203802733124,2.75180088123964,1
6.98129866112969,3.04826023940761,9.89419746570051,1
0.110795668777721,-0.388359698153927,5.36706333148089,1
0.595875474341505,0.937497158019802,6.47126453052135,1
4.43898986638789,5.41279008359037,7.34458994001144,1
2.91296057716712,0.792934796917062,4.1939589801649,1
4.29932158072597,3.52497792693764,3.63353397155709,1
-0.823412337956479,-0.722059908481055,0.660864442285954,1
-1.70165777791488,-1.14692388386197,1.41565251998639,1
2.04620412184529,1.48952877018717,3.35139669533958,1
0.684037227503062,-2.43304450361418,2.80174433418316,1
0.438154766170305,-1.8122696126815,4.87108146834653,1
-0.493056912493282,-0.69338973890639,1.93865986672088,1
1.08448258688066,1.05634888518305,2.4523811169201,1
3.63485152069354,2.36182924966737,1.09761298060929,1
3.52887450219324,3.40560206068966,2.21403282537503,1
4.03243245220982,0.842981666590458,2.99200721403103,1
2.67953216430253,0.0240522476527782,0.773139471475558,1
4.45124635117075,1.67844718373196,1.98603142038239,1
2.98671710528024,3.86759820138201,4.27191613664408,1
0.709035811813136,1.84577613499388,7.31224439908024,1
5.41008699031868,4.11542531395565,0.40970489638492,1
0.659798661277671,0.85558289824673,4.75080363505027,1
4.25166219438187,2.29539519879908,3.15942598077874,1
2.47211061469034,-1.52472644131724,4.6708016714517,1
0.530937582927128,1.31553172864858,-0.110856645914692,1
3.12986904635603,2.24631673876172,4.49272918426915,1
6.27389692874282,5.74703795993261,5.77856146836909,1
1.94436177334188,1.60964844216601,3.10766263240743,1
-2.13164204157739,-1.54194221202716,0.669435663479379,1
5.47956406110912,3.00879018706031,7.84012456719894,1
-0.494599940523623,-1.06750512857445,6.42419318649517,1
5.85705046451612,6.2897069118545,7.81161799663502,1
2.06008909632248,-1.9171424354822,2.8444692535606,1
2.00558035405599,1.88433864676053,3.86584524129038,1
1.0658244828532,2.18668987613755,4.35873358435811,1
-0.900712145222727,-0.402787152346614,7.59175375669323,1
-0.956678759534691,-1.84041821152948,-1.77241001041707,1
3.42111916573634,0.3603116445386,4.88512148308262,1
3.35065298915003,2.3227621437482,4.71846589359152,1
-0.24350395216268,-2.56818105746702,-1.32428281356338,1
3.16445872346671,-0.149841448189704,2.95665500673412,1
-2.92941043155859,-3.18356217014939,-2.15165889595991,1
3.09020286818181,3.11218515181309,6.33958834707447,1
-0.058842312540428,-1.49791315271113,3.81925798503462,1
2.92106247689745,0.320151543426026,4.01618346626059,1
2.76856450569655,1.12452181722966,2.7615029666964,1
1.66748269107672,-0.776512787941644,1.62722990494053,1
5.59157324805057,4.58644895161893,4.58662620546696,1
4.05054918996727,3.29103506406086,7.23381233501454,1
2.22096508494474,0.839311074578152,6.34882412467633,1
6.73729374315615,3.29793860414923,4.10963997101578,1
1.65960363739443,3.21645626015673,7.14873917889,1
2.88776464930455,2.55488127611615,5.45785095875444,1
0.10612990258583,-1.34370120278574,2.51169111893621,1
4.39851953512971,3.8144885547982,5.53799468842763,1
1.64938176971807,1.36825612101445,-1.1600572668978,1
2.78958345250034,2.66287908352072,3.11403237459144,1
0.56139081941285,-2.27247672966168,-1.03057900137805,1
5.30205950557337,1.97020213755739,5.07002086424207,1
-1.67520944758406,-2.49818339992031,4.95186508851814,1
4.37610080893645,1.41207072268619,6.19954646522179,1
0.920763558006237,-0.0616114680317128,4.18183694805617,1
-1.84671555805123,-2.29197012844129,-0.0618759801255004,1
4.08112008175514,3.11960914283851,6.11293660993526,1
4.37584753074599,1.7422941906809,5.70701886434407,1
1.45829902469202,-1.00447233589255,9.82347398687368,1
3.0354436951514,0.677888171191211,7.25521729100124,1
-0.722610857425176,1.32285508452722,6.90139011110278,1
0.212298095018186,0.372709235642754,3.45830958026758,1
3.57074474392067,2.89978105755861,3.59649916340515,1
1.11585424489874,-1.44908502242667,2.80545059736485,1
5.60097451206807,2.58923268941682,-0.408487398248673,1
4.62910077923906,0.137728505095218,4.10990735584286,1
0.000350527498062636,-0.634862438340525,2.76309228770997,1
3.99336423574379,5.806019353914,2.61060106004979,1
1.37955940165256,-0.507899230938093,5.62463691160569,1
7.7292162882678,2.44319446217847,5.41506098910786,1
0.508647650917824,0.237632189896048,4.24939768091998,1
1.07363336048002,-0.891372131166355,3.15896117156343,1
0.846651707879986,-0.343922892653503,4.72758195386147,1
4.77607972714557,3.9264627857557,2.71757593825401,1
1.99210455438614,1.42239015467164,3.6820181339348,1
3.21795239758916,3.83783838721218,6.42637775496206,1
4.47398653135681,4.60981137151047,6.19336626061202,1
0.119018323676314,-1.41163484511647,0.293958350500159,1
0.419147321786485,-2.5258885060677,6.38042650394465,1
0.317707805019028,2.24017930408108,2.92300635013578,1
4.88992914737878,5.15973339849346,6.33108142035668,1
1.5053593460729,3.22913452489725,2.90953174318115,1
1.87051023302312,-1.35872395067296,0.119139768523866,1
3.9142371348048,1.15029385258705,6.17058761940369,1
-0.582643425189156,1.52913249159704,4.40808698928016,1
3.87913095275831,2.55413313572968,3.56777774623529,1
2.5462297036653,0.780561584196084,2.7427431044108,1
1.57048185995718,-3.44584596655245,0.393396821017677,1
2.10068283310586,-0.518270268039451,1.39598143339343,1
-1.18789894074743,-1.8464839636515,2.42355067340869,1
3.21287683298176,1.54358078089604,6.74184449654439,1
1.1803291307809,0.47405958721658,2.83031769587735,1
5.54813996036422,6.6190043782233,3.01515693644079,1
2.06083780189506,0.235576335080489,3.78436537724163,1
4.03753902684766,1.52801634181317,4.09063488632793,1
3.44624489748257,1.73737937911368,5.0572615925423,1
3.55282254847312,3.23142105182253,3.49506432920487,1
1.02713010950226,-2.22067166928689,4.98092738030571,1
0.609441945670431,-0.527996124136846,-1.16049354533559,1
0.253784623378642,-0.366933149583369,3.48799114885663,1
-0.318612380644798,-0.423376497450167,4.56836064281375,1
3.95506179308389,0.326267630491737,5.92925273183396,1
5.76669608374263,2.19033655953941,2.19735165149778,1
2.46016320862461,3.01282534877734,2.17562005099722,1
2.7201456986596,1.5073056742765,7.75009305384668,1
4.6638731852013,0.727279061514468,7.69689226637225,1
1.27791893189663,2.49941878367095,4.45262295109329,1
-0.880281184445187,-1.98457470956086,5.33541290591901,1
6.02674642166548,3.00862129879947,2.54308630309435,1
0.894539265582223,0.815191047997179,1.92054825057923,1
3.04518091352826,2.04910164747526,1.52021012092219,1
3.54070718027445,1.46716448970251,7.02789461880533,1
3.18432420957256,1.73969763126236,3.11163783570927,1
3.05026293885868,0.2186973545625,1.68657144109627,1
2.50747511129371,1.5981269044041,7.99370287925327,1
3.54260138901955,1.46822915010592,0.170240583122078,1
6.48891819147623,4.08313262885451,6.56610971331374,1
0.923285571877144,-2.9779435372021,3.53190230138095,1
5.03540963659935,4.72996143949036,6.09938578695803,1
1.09302764281077,-0.258342587040301,2.96885124681228,1
2.38538243428981,1.44164175940367,3.24799303193734,1
-0.405008452915847,1.13284694614066,3.88866033952049,1
3.43180056588831,2.67188271971223,1.28225213994248,1
0.22319037194429,0.905799586056878,2.33066080539715,1
2.07597197946566,-0.503680611693526,-1.17899173788882,1
-0.0450739122685628,1.23581975273114,1.76376157671777,1
1.79699050692933,2.29414978542626,5.6100824664434,1
2.61218463064553,0.616959003762015,2.08589230236344,1
3.34809438284619,3.64991787931918,2.59355370668126,1
3.12729621935266,1.56174975709299,7.00415666284071,1
3.27125732111067,1.78909412958153,3.01083312404678,1
2.1635149745088,2.54781734109791,4.04990111823318,1
-0.129247452435834,-1.3015719773882,-0.795957840961311,1
3.19302107905696,1.70947916229346,4.7797530829721,1
-1.00872033448176,-2.28762955643765,1.80296150752273,1
2.43954789783694,2.42775841892758,5.01446499158892,1
3.83588960950147,4.18944495852091,8.56580154309372,1
3.24783993976363,1.66653723157981,4.23595149151972,1
0.146295092593453,0.810894137111738,6.11794740503208,1
3.75759691362676,1.96238244363129,7.34523293299734,1
1.6563018645535,0.793362453143754,5.80742972565666,1
3.65611254316076,2.48305588010629,3.2558776825309,1
4.49611785290548,2.6586122887505,6.44027045296652,1
-0.193892827187246,0.139058577855432,3.77620758935732,1
-0.933830108418007,-3.56523052102296,0.639408327883046,1
2.95050941952003,-2.06285828065979,7.95122938584633,1
3.08924171550589,3.70756146012653,3.13209066327878,1
4.52505548772339,2.1188272079684,6.11631089093648,1
2.46493399844165,-0.900140470646117,2.88526703363675,1
3.26940085443874,0.121480994076619,4.77102751690747,1
1.96502936582189,0.473013609693163,5.34879659932306,1
3.53015068626759,1.89387052736397,5.63141254269115,1
1.19572732936625,-0.630412931181553,10.4797034130631,1
3.15776215384761,1.03306686664821,2.93658959624967,1
1.76357107654865,2.51514283358902,8.54487330921043,1
1.42884351580491,0.606616573609125,5.90616473674561,1
1.65542571540089,2.18215042114065,2.21435837860646,1
3.99027831067244,4.36035234733735,0.571512887428783,1
1.75290444258995,-0.380373992369378,1.52757397613427,1
0.927724262102235,3.31943563383851,9.90150479125011,1
-0.0972608229715761,1.62917264856608,0.483654799629273,1
1.56857667897827,1.64951494801833,-0.191458219370315,1
4.66538730128196,1.13202728281179,3.73219997945885,1
1.56264953825474,0.288616996840762,3.35850305478881,1
5.19707063961148,1.42025276455362,4.47387361080068,1
0.56769435995067,-1.8835296573094,0.521286038486699,1
2.58999679237142,-0.429353156030653,3.72352806015232,1
-1.11359160436804,-1.83927453234998,-0.522414964584792,1
3.10655252916643,2.48424254646597,5.1848617740144,1
1.73401985828601,-1.46646051439945,-1.46084535330387,1
2.80571244531143,0.559590697417893,0.391398322222164,1
6.1175221897463,6.31375619534958,7.56853955068516,1
3.05417360993878,2.73859283802485,6.00050608563499,1
0.328649267375709,-1.19023756191653,4.06897438176569,1
4.05964724981875,4.40634776186376,6.55242313778501,1
-2.07332748097479,-2.71796262727304,1.09367636839335,1
2.5179261261748,-0.0240057585963798,6.24438652878924,1
1.59135783797659,4.06558063197845,4.21451003886478,1
4.22837920571998,1.04838122654397,9.2680201579289,1
-1.65859433883326,-1.63987532469335,-0.424783667692449,1
2.90156044536815,1.28080571550145,9.13205938879677,1
-0.739589658193927,-1.26797406294011,5.21916933985908,1
3.0379147966899,1.4881245316363,4.95081634998264,1
-0.188972796924786,-1.7676028807185,2.88381209050913,1
0.00671427613831987,-0.62053799397426,3.0131164502374,1
3.2388736060844,1.57078022418981,1.44048754932638,1
0.673399617499095,-0.749471691005275,4.59936181019125,1
0.325041126013968,-0.807131042547049,5.00094785867349,1
1.44975470108488,-0.159578761010293,3.97758579426173,1
1.31848314418589,0.97331534441784,6.36779872548315,1
2.4726467625498,1.69484518756904,2.4042223918688,1
2.28359429755469,2.58482133952835,5.83545240515489,1
0.594805059779409,-0.140382727485911,5.30056069772487,1
1.79699978724272,-1.69633365394262,-1.10892622388256,1
4.44013070880303,-0.28541460151267,4.16559777204748,1
-1.73595259545455,-3.57722398424674,2.72048559220875,1
0.43810950418554,2.32447615058102,4.00041756603389,1
0.571457648697561,1.30512182585252,4.68927002539659,1
3.84293129613665,1.61446124899944,3.22306543694968,1
2.464954536741,1.15707753372504,3.28181822535188,1
-1.85981100223899,-1.02050314287543,1.59534556077556,1
2.2723936865797,-0.0277189689467803,1.50777612017334,1
0.28908160029729,-0.159316477669597,1.38212874533988,1
2.60018092615995,0.790807238993381,8.39475232766538,1
-1.54637841583752,-2.14849322619289,3.51654225281195,1
0.156352790373008,-1.29895590388105,1.13743756782131,1
1.79774540373676,0.405610913359991,4.58854215219439,1
-0.974316474738075,0.781456741607432,3.00664345714579,1
0.23160944720741,-0.0623741982105692,0.702792769838481,1
3.32076300166045,-0.320609814151772,2.02716449172996,1
3.8533951483139,2.21159719515198,5.59424243527251,1
-1.85508229882896,-2.36567754215971,1.87165118373147,1
2.41919173878679,1.58303401880345,4.57482769822509,1
5.53635537572019,4.83824799725971,6.16418227577894,1
5.41420018431864,2.81484789740025,4.41679855007927,1
-0.0807317801953062,1.69708429623376,2.5854137487798,1
-0.57465541154202,-0.376140693777603,4.06865161700023,1
3.17835564008933,3.98856424033095,2.74074208819448,1
2.22170837055095,4.5514226529731,-0.804316859564267,1
2.18306567714252,1.52379272993556,-0.312453621876149,1
4.22705298395882,0.239492483834814,2.89127660281223,1
-0.433097098061017,1.24408404090605,0.782878222043681,1
0.470898730720612,0.909021767856593,2.08937334004804,1
1.50458104213873,0.0257087024561227,2.86155932799702,1
7.05468820171556,2.42878465669112,6.73225509614132,1
1.55249727336033,0.84052279152065,6.99042904266474,1
6.14492756154472,3.66181344912941,5.95423935126313,1
7.85947018006919,4.39606283966198,4.03645607727237,1
5.43030627765279,0.519309065199038,4.44755514495383,1
-0.359138852938,0.747496013592738,1.53397221403393,1
3.22015198223668,-0.55706255429979,5.30059555762995,1
2.57082475287186,2.76468021208328,2.12366736051815,1
-2.31894151261867,-1.29268466523562,0.140003810602722,1
2.08515454935598,1.84921277240201,1.51188899395151,1
-0.195748775130527,-0.479585453910659,3.32482252933597,1
1.58190045694916,0.0833663002262368,5.07792054426003,1
5.06032196961426,0.879214983460061,1.84964227828026,1
0.740800243864844,1.8139742111209,6.64133340874745,1
1.347853210986,2.55130560260174,6.92488881096189,1
3.20347459094605,1.05508592977134,4.11852405351098,1
-1.22631256953136,0.354321331207956,2.32129005161917,1
1.12181934124049,0.0150272994312689,0.737730432099189,1
0.503842260851356,-0.496249779246243,4.24525419055348,1
-0.287300341470503,1.58383175791227,4.73218869528485,1
1.13571578224223,2.44136663701832,3.23544686942434,1
1.08063040736338,0.938147418542468,5.82568162756838,1
4.3024210316607,3.69959087004843,0.361745102812603,1
-0.837256032638763,-4.4478469807105,1.95018746358294,1
-3.53825641344794,-3.0980287897176,4.60547649853974,1
1.30213452373376,2.19336697068459,4.77633443174202,1
1.5231953056168,0.641895080034191,2.62091368245654,1
6.08754496517134,0.24691790624804,6.19126392524853,1
1.41162035043444,1.0047694305316,5.28546489034908,1
-1.96606830845932,0.637717751149664,3.09765422309484,1
5.29210593322292,3.58225019304295,5.03524543848784,1
6.91198845571569,2.45324479353935,7.12743548345977,1
0.776536717751639,0.0545840747969371,6.34109927870752,1
6.50514957977303,3.679630006196,5.57172712158373,1
-0.284998277221442,-0.297096786181718,9.04007854054899,1
-1.91123714881516,-3.05366757833297,1.88564016594851,1
3.04437407362022,3.94830509685844,3.10663732278088,1
-0.48219033918934,1.66957727782538,6.01835490042366,1
3.5236834315498,4.12687294807768,7.3720169817838,1
0.015268558400612,0.36247378598038,3.46302253059994,1
3.78741441890309,-1.22899414914919,3.04882163084046,1
2.28311856349429,1.38071498037821,8.52754069050654,1
3.6552813028412,2.35431404407134,5.83844594517729,1
2.93454926745181,2.70121140317918,3.88053160445145,1
2.31194779160689,3.09969316967906,4.8138854329503,1
-6.12526502906362,-1.25127789243721,-1.22713493686707,1
-1.9950017007633,-1.90635683232695,0.614065339348881,1
4.12886579662912,2.42128921945905,4.68608929662727,1
0.605408112576618,-0.861575732576945,1.78569086636515,1
-2.48023192761166,-2.41176358407386,3.59134901140443,1
0.726874862624189,2.20044282713447,5.8646165601734,1
2.09212476199943,0.290529970323913,3.42640547539193,1
-1.12541191541391,-3.89017715555577,1.22833836388476,1
2.95746336723372,0.0800658597670009,6.12190329605258,1
4.76113214337722,2.22809600873199,3.13770332383802,1
3.47341182574673,3.08721114779862,7.07428991952981,1
4.29530175443717,2.49916872472932,6.49911298614409,1
-0.167528914248725,2.10194677739908,4.07356704921128,1
0.802640950732095,0.811436723788202,0.610929578567122,1
-2.48555171487404,-1.41248250233362,4.69441960059234,1
-2.80129658067731,-1.76122420316315,2.65462353930263,1
1.58538426563547,4.23562976302042,4.76921382760701,1
-0.434875098366927,1.41079540368834,0.788091814532357,1
0.999477992721235,1.95407207257509,5.56528630938253,1
5.19440065534319,4.49360003671782,9.38798975004862,1
4.09146192242,3.89748019268104,2.09949633689256,1
2.15335240713332,0.545614675991173,8.99814858031289,1
3.95352228407929,2.11773906405089,2.13954330883379,1
-3.80651438303457,-2.32010070618847,0.875662767046093,1
-0.122514835619037,-1.7204198632004,4.1906732018786,1
-0.891788214445942,-0.66771599174834,3.6731839326901,1
1.03120609502784,0.739226522795723,10.1548338057761,1
4.71302120994855,4.68245373403437,0.161422090096985,1
3.03455099936927,0.549498072900361,5.19305852242456,1
-2.69850692134045,-0.0806917535115279,3.4728494728723,1
-1.02099162435003,-0.84343467889043,4.05568958106692,1
3.42624265946235,3.57843154358465,0.536618170397833,1
0.676262336158191,-0.24010048811006,3.21790965992176,1
1.74886021928394,0.574990072605032,7.90567860870163,1
0.121628135564859,-0.866558335173756,2.03831514533162,1
0.0554696062087041,0.753717129316061,2.43065215282749,1
3.53624181465907,-0.763907169501451,1.66829702780097,1
-1.18696905348874,0.628464848679605,7.36354486548817,1
5.3462095115104,2.85247947089028,10.773845363968,1
1.4063256951534,0.697555001077814,2.95702662581875,1
0.658512300145837,-2.02925294913499,-2.16203937365929,1
3.38213682660129,-0.779205674552752,4.07271208294387,1
1.23898305429065,-0.990450300822394,-0.562939625432973,1
0.0580149018630327,-2.64577862508211,2.28587035865514,1
2.05810857868664,2.94579849672251,5.17958554501571,1
3.82029567985738,5.57638936538689,4.20396303689794,1
6.72464143547524,3.48143463212445,1.1752068190829,1
2.46569607130402,2.87808872688859,1.88435980205909,1
2.9531123381032,1.04845350368758,6.20937849884593,1
3.5020866728108,1.17413578429733,0.946130509861234,1
-1.54380538955251,0.806255693911267,4.34396483128248,1
0.990235563129351,2.30015974857433,6.06945597757136,1
0.0179586836646186,0.27920875189876,1.92103623486362,1
5.88986517954151,3.25807032302625,3.04423616266089,1
2.48390535456607,2.58687972851863,6.79491681195771,1
1.54600868165999,-1.18940948998253,7.33121307538087,1
4.089542472577,2.94231307464559,3.64598000829398,1
1.20387522985483,1.25228865595237,4.20673361927959,1
0.217240881410269,1.48438036333156,3.22117084236458,1
0.267904581501745,0.740349327394156,-0.915931098819373,1
3.81666779850816,4.14844726013663,0.612471908683267,1
-0.36728106301134,-3.5188506543939,0.893893274211788,1
4.76259767014303,0.999744935710492,5.26395153530176,1
-0.447917546058179,-0.377136237408563,4.61891019427024,1
4.42499935983488,2.84210413090071,5.38210796717667,1
2.47427802389682,-0.89921903912696,1.69767643081071,1
3.19204974743028,2.26831563090947,7.81471670325814,1
0.41763407396579,2.32552363979372,6.26751310950366,1
3.24506650798336,3.70840824262527,9.05415252153695,1
2.64833647083006,1.67575733860422,4.86245702530887,1
7.32651454519932,5.20872819774314,6.38106643043025,1
2.35538577577355,3.32906573038994,2.31183955015805,1
2.29914699492226,1.73994402215789,6.2589617443302,1
3.89498949748073,3.65959754839461,6.83829174433109,1
1.85882226144389,3.48444689604784,3.57204420059626,1
2.02420075142554,0.848797229580739,1.04052398781466,1
1.73840425139315,1.46715471218532,5.11308419666211,1
5.50546882599331,5.06746906284915,2.97966148329062,1
0.577860225968376,-2.1155384704941,0.519063638818138,1
1.61000863739845,2.66394892441861,4.5963489880118,1
7.7499913381476,4.97551600061589,8.32149663213216,1
2.4295783032004,1.53380057602029,1.85542941142576,1
5.22341477771136,1.1830693962294,5.16941329382076,1
0.604495986884816,-0.968266475731681,0.713158549997864,1
0.176366962175986,0.129438994366913,2.85358367382879,1
5.57340753211295,4.26879468964244,9.89314667379005,1
2.39925439275689,1.24248864143235,4.87095382265827,1
-0.424777707697304,-2.12102755434084,0.0250709235905546,1
